
drop table if exists users cascade;
CREATE TABLE IF NOT EXISTS users (
    id integer primary key,
    name varchar(255), 
    date_joined timestamp without time zone,
    country_code character varying(2)
);

drop table if exists lessons;
CREATE TABLE IF NOT EXISTS lessons (
    id integer primary key,
    user_id integer,
    status character varying(255),
    created_at timestamp without time zone,
    hours integer,
    foreign key (user_id) references users(id)
);

drop table if exists payments;
CREATE TABLE IF NOT EXISTS payments (
    id integer primary key,
    user_id integer,
    payment_amount double precision,
    created_at timestamp without time zone,
    foreign key (user_id) references users(id)
);

    
DELETE FROM users;
DELETE FROM payments;
DELETE FROM lessons;
INSERT INTO users (id, name, date_joined, country_code) VALUES (1, 'john mason mason', '2020-01-01 00:00:00', 'FR');
INSERT INTO payments (id, user_id, payment_amount, created_at) VALUES (1, 1, 79.3858430379483, '2020-01-04 00:00:00');
INSERT INTO payments (id, user_id, payment_amount, created_at) VALUES (2, 1, 98.34229041456676, '2020-01-07 00:00:00');
INSERT INTO lessons (id, user_id, status, created_at, hours) VALUES (1, 1, 'SCHEDULED', '2020-01-05 00:00:00', 10);
INSERT INTO users (id, name, date_joined, country_code) VALUES (2, 'john mason brown', '2020-01-01 01:00:00', 'DE');
INSERT INTO payments (id, user_id, payment_amount, created_at) VALUES (3, 2, 68.49016861360758, '2020-01-06 01:00:00');
INSERT INTO payments (id, user_id, payment_amount, created_at) VALUES (4, 2, 17.41511072289571, '2020-01-10 01:00:00');
INSERT INTO lessons (id, user_id, status, created_at, hours) VALUES (2, 2, 'SCHEDULED', '2020-01-05 01:00:00', 1);
INSERT INTO lessons (id, user_id, status, created_at, hours) VALUES (3, 2, 'CANCELED', '2020-01-07 01:00:00', 1);
INSERT INTO users (id, name, date_joined, country_code) VALUES (3, 'john mason mcfly', '2020-01-01 01:00:00', 'UK');
INSERT INTO users (id, name, date_joined, country_code) VALUES (4, 'john mason dufrain', '2020-01-01 06:00:00', 'DK');
INSERT INTO lessons (id, user_id, status, created_at, hours) VALUES (4, 4, 'CANCELED', '2020-01-02 06:00:00', 7);
INSERT INTO users (id, name, date_joined, country_code) VALUES (5, 'john mason robbins', '2020-01-01 10:00:00', 'FR');
INSERT INTO lessons (id, user_id, status, created_at, hours) VALUES (5, 5, 'CONFIRMED', '2020-01-03 10:00:00', 4);
INSERT INTO lessons (id, user_id, status, created_at, hours) VALUES (6, 5, 'CANCELED', '2020-01-06 10:00:00', 3);
INSERT INTO users (id, name, date_joined, country_code) VALUES (6, 'john mason williams', '2020-01-01 14:00:00', 'ES');
INSERT INTO lessons (id, user_id, status, created_at, hours) VALUES (7, 6, 'CANCELED', '2020-01-02 14:00:00', 2);
INSERT INTO lessons (id, user_id, status, created_at, hours) VALUES (8, 6, 'CONFIRMED', '2020-01-05 14:00:00', 6);
INSERT INTO users (id, name, date_joined, country_code) VALUES (7, 'john mason goodsped', '2020-01-01 15:00:00', 'UK');
INSERT INTO lessons (id, user_id, status, created_at, hours) VALUES (9, 7, 'CANCELED', '2020-01-04 15:00:00', 8);
INSERT INTO lessons (id, user_id, status, created_at, hours) VALUES (10, 7, 'CONFIRMED', '2020-01-08 15:00:00', 9);
INSERT INTO users (id, name, date_joined, country_code) VALUES (8, 'john mason womack', '2020-01-01 20:00:00', 'FR');
INSERT INTO lessons (id, user_id, status, created_at, hours) VALUES (11, 8, 'CONFIRMED', '2020-01-03 20:00:00', 8);
INSERT INTO lessons (id, user_id, status, created_at, hours) VALUES (12, 8, 'SCHEDULED', '2020-01-06 20:00:00', 1);
INSERT INTO users (id, name, date_joined, country_code) VALUES (9, 'john mason connery', '2020-01-01 20:00:00', 'ES');
INSERT INTO lessons (id, user_id, status, created_at, hours) VALUES (13, 9, 'CANCELED', '2020-01-04 20:00:00', 3);
INSERT INTO lessons (id, user_id, status, created_at, hours) VALUES (14, 9, 'CANCELED', '2020-01-05 20:00:00', 8);
INSERT INTO users (id, name, date_joined, country_code) VALUES (10, 'john mason bond', '2020-01-02 01:00:00', 'DK');
INSERT INTO users (id, name, date_joined, country_code) VALUES (11, 'john brown mason', '2020-01-02 06:00:00', 'UK');
INSERT INTO users (id, name, date_joined, country_code) VALUES (12, 'john brown brown', '2020-01-02 10:00:00', 'DE');
INSERT INTO lessons (id, user_id, status, created_at, hours) VALUES (15, 12, 'SCHEDULED', '2020-01-05 10:00:00', 9);
INSERT INTO lessons (id, user_id, status, created_at, hours) VALUES (16, 12, 'CONFIRMED', '2020-01-07 10:00:00', 7);
INSERT INTO lessons (id, user_id, status, created_at, hours) VALUES (17, 12, 'CONFIRMED', '2020-01-11 10:00:00', 1);
INSERT INTO users (id, name, date_joined, country_code) VALUES (13, 'john brown mcfly', '2020-01-02 11:00:00', 'ES');
INSERT INTO payments (id, user_id, payment_amount, created_at) VALUES (5, 13, 81.58160109792475, '2020-01-06 11:00:00');
INSERT INTO payments (id, user_id, payment_amount, created_at) VALUES (6, 13, 5.99163671867966, '2020-01-07 11:00:00');
INSERT INTO users (id, name, date_joined, country_code) VALUES (14, 'john brown dufrain', '2020-01-02 16:00:00', 'DE');
INSERT INTO payments (id, user_id, payment_amount, created_at) VALUES (7, 14, 84.69078554027429, '2020-01-06 16:00:00');
INSERT INTO lessons (id, user_id, status, created_at, hours) VALUES (18, 14, 'CONFIRMED', '2020-01-05 16:00:00', 5);
INSERT INTO lessons (id, user_id, status, created_at, hours) VALUES (19, 14, 'CONFIRMED', '2020-01-07 16:00:00', 4);
INSERT INTO users (id, name, date_joined, country_code) VALUES (15, 'john brown robbins', '2020-01-02 19:00:00', 'DE');
INSERT INTO lessons (id, user_id, status, created_at, hours) VALUES (20, 15, 'SCHEDULED', '2020-01-04 19:00:00', 9);
INSERT INTO lessons (id, user_id, status, created_at, hours) VALUES (21, 15, 'SCHEDULED', '2020-01-07 19:00:00', 10);
INSERT INTO users (id, name, date_joined, country_code) VALUES (16, 'john brown williams', '2020-01-02 23:00:00', 'UK');
INSERT INTO lessons (id, user_id, status, created_at, hours) VALUES (22, 16, 'CANCELED', '2020-01-04 23:00:00', 6);
INSERT INTO lessons (id, user_id, status, created_at, hours) VALUES (23, 16, 'SCHEDULED', '2020-01-05 23:00:00', 9);
INSERT INTO lessons (id, user_id, status, created_at, hours) VALUES (24, 16, 'CANCELED', '2020-01-08 23:00:00', 8);
INSERT INTO users (id, name, date_joined, country_code) VALUES (17, 'john brown goodsped', '2020-01-02 23:00:00', 'UK');
INSERT INTO payments (id, user_id, payment_amount, created_at) VALUES (8, 17, 5.891744864145043, '2020-01-04 23:00:00');
INSERT INTO lessons (id, user_id, status, created_at, hours) VALUES (25, 17, 'CONFIRMED', '2020-01-05 23:00:00', 4);
INSERT INTO users (id, name, date_joined, country_code) VALUES (18, 'john brown womack', '2020-01-03 00:00:00', 'DE');
INSERT INTO lessons (id, user_id, status, created_at, hours) VALUES (26, 18, 'CANCELED', '2020-01-05 00:00:00', 8);
INSERT INTO users (id, name, date_joined, country_code) VALUES (19, 'john brown connery', '2020-01-03 03:00:00', 'DE');
INSERT INTO payments (id, user_id, payment_amount, created_at) VALUES (9, 19, 27.065830046193618, '2020-01-07 03:00:00');
INSERT INTO lessons (id, user_id, status, created_at, hours) VALUES (27, 19, 'SCHEDULED', '2020-01-07 03:00:00', 4);
INSERT INTO users (id, name, date_joined, country_code) VALUES (20, 'john brown bond', '2020-01-03 05:00:00', 'FR');
INSERT INTO lessons (id, user_id, status, created_at, hours) VALUES (28, 20, 'CONFIRMED', '2020-01-06 05:00:00', 3);
INSERT INTO lessons (id, user_id, status, created_at, hours) VALUES (29, 20, 'SCHEDULED', '2020-01-08 05:00:00', 10);
INSERT INTO lessons (id, user_id, status, created_at, hours) VALUES (30, 20, 'SCHEDULED', '2020-01-09 05:00:00', 6);
INSERT INTO users (id, name, date_joined, country_code) VALUES (21, 'john mcfly mason', '2020-01-03 09:00:00', 'DK');
INSERT INTO lessons (id, user_id, status, created_at, hours) VALUES (31, 21, 'CANCELED', '2020-01-07 09:00:00', 7);
INSERT INTO lessons (id, user_id, status, created_at, hours) VALUES (32, 21, 'CANCELED', '2020-01-08 09:00:00', 2);
INSERT INTO users (id, name, date_joined, country_code) VALUES (22, 'john mcfly brown', '2020-01-03 09:00:00', 'ES');
INSERT INTO lessons (id, user_id, status, created_at, hours) VALUES (33, 22, 'CANCELED', '2020-01-04 09:00:00', 10);
INSERT INTO users (id, name, date_joined, country_code) VALUES (23, 'john mcfly mcfly', '2020-01-03 10:00:00', 'DK');
INSERT INTO payments (id, user_id, payment_amount, created_at) VALUES (10, 23, 76.90221436728872, '2020-01-05 10:00:00');
INSERT INTO payments (id, user_id, payment_amount, created_at) VALUES (11, 23, 98.3023064081987, '2020-01-06 10:00:00');
INSERT INTO lessons (id, user_id, status, created_at, hours) VALUES (34, 23, 'CANCELED', '2020-01-06 10:00:00', 2);
INSERT INTO users (id, name, date_joined, country_code) VALUES (24, 'john mcfly dufrain', '2020-01-03 10:00:00', 'UK');
INSERT INTO lessons (id, user_id, status, created_at, hours) VALUES (35, 24, 'SCHEDULED', '2020-01-05 10:00:00', 4);
INSERT INTO lessons (id, user_id, status, created_at, hours) VALUES (36, 24, 'CONFIRMED', '2020-01-06 10:00:00', 7);
INSERT INTO users (id, name, date_joined, country_code) VALUES (25, 'john mcfly robbins', '2020-01-03 13:00:00', 'ES');
INSERT INTO users (id, name, date_joined, country_code) VALUES (26, 'john mcfly williams', '2020-01-03 17:00:00', 'ES');
INSERT INTO lessons (id, user_id, status, created_at, hours) VALUES (37, 26, 'CANCELED', '2020-01-04 17:00:00', 10);
INSERT INTO lessons (id, user_id, status, created_at, hours) VALUES (38, 26, 'CANCELED', '2020-01-06 17:00:00', 4);
INSERT INTO users (id, name, date_joined, country_code) VALUES (27, 'john mcfly goodsped', '2020-01-03 17:00:00', 'DE');
INSERT INTO lessons (id, user_id, status, created_at, hours) VALUES (39, 27, 'SCHEDULED', '2020-01-06 17:00:00', 5);
INSERT INTO users (id, name, date_joined, country_code) VALUES (28, 'john mcfly womack', '2020-01-03 22:00:00', 'UK');
INSERT INTO users (id, name, date_joined, country_code) VALUES (29, 'john mcfly connery', '2020-01-04 00:00:00', 'UK');
INSERT INTO payments (id, user_id, payment_amount, created_at) VALUES (12, 29, 54.1537726880536, '2020-01-07 00:00:00');
INSERT INTO payments (id, user_id, payment_amount, created_at) VALUES (13, 29, 71.56531885823307, '2020-01-12 00:00:00');
INSERT INTO lessons (id, user_id, status, created_at, hours) VALUES (40, 29, 'CANCELED', '2020-01-05 00:00:00', 5);
INSERT INTO users (id, name, date_joined, country_code) VALUES (30, 'john mcfly bond', '2020-01-04 00:00:00', 'DE');
INSERT INTO payments (id, user_id, payment_amount, created_at) VALUES (14, 30, 57.98578006314293, '2020-01-05 00:00:00');
INSERT INTO lessons (id, user_id, status, created_at, hours) VALUES (41, 30, 'CONFIRMED', '2020-01-08 00:00:00', 3);
INSERT INTO users (id, name, date_joined, country_code) VALUES (31, 'john dufrain mason', '2020-01-04 00:00:00', 'ES');
INSERT INTO lessons (id, user_id, status, created_at, hours) VALUES (42, 31, 'CANCELED', '2020-01-05 00:00:00', 9);
INSERT INTO lessons (id, user_id, status, created_at, hours) VALUES (43, 31, 'SCHEDULED', '2020-01-09 00:00:00', 1);
INSERT INTO lessons (id, user_id, status, created_at, hours) VALUES (44, 31, 'CANCELED', '2020-01-11 00:00:00', 7);
INSERT INTO users (id, name, date_joined, country_code) VALUES (32, 'john dufrain brown', '2020-01-04 01:00:00', 'DE');
INSERT INTO users (id, name, date_joined, country_code) VALUES (33, 'john dufrain mcfly', '2020-01-04 02:00:00', 'UK');
INSERT INTO lessons (id, user_id, status, created_at, hours) VALUES (45, 33, 'SCHEDULED', '2020-01-07 02:00:00', 8);
INSERT INTO lessons (id, user_id, status, created_at, hours) VALUES (46, 33, 'CANCELED', '2020-01-08 02:00:00', 5);
INSERT INTO users (id, name, date_joined, country_code) VALUES (34, 'john dufrain dufrain', '2020-01-04 07:00:00', 'DK');
INSERT INTO lessons (id, user_id, status, created_at, hours) VALUES (47, 34, 'CANCELED', '2020-01-08 07:00:00', 2);
INSERT INTO users (id, name, date_joined, country_code) VALUES (35, 'john dufrain robbins', '2020-01-04 08:00:00', 'DK');
INSERT INTO lessons (id, user_id, status, created_at, hours) VALUES (48, 35, 'SCHEDULED', '2020-01-06 08:00:00', 1);
INSERT INTO lessons (id, user_id, status, created_at, hours) VALUES (49, 35, 'CONFIRMED', '2020-01-08 08:00:00', 9);
INSERT INTO users (id, name, date_joined, country_code) VALUES (36, 'john dufrain williams', '2020-01-04 13:00:00', 'DE');
INSERT INTO lessons (id, user_id, status, created_at, hours) VALUES (50, 36, 'CONFIRMED', '2020-01-07 13:00:00', 6);
INSERT INTO users (id, name, date_joined, country_code) VALUES (37, 'john dufrain goodsped', '2020-01-04 16:00:00', 'FR');
INSERT INTO lessons (id, user_id, status, created_at, hours) VALUES (51, 37, 'SCHEDULED', '2020-01-05 16:00:00', 5);
INSERT INTO lessons (id, user_id, status, created_at, hours) VALUES (52, 37, 'CANCELED', '2020-01-06 16:00:00', 6);
INSERT INTO lessons (id, user_id, status, created_at, hours) VALUES (53, 37, 'CANCELED', '2020-01-08 16:00:00', 7);
INSERT INTO users (id, name, date_joined, country_code) VALUES (38, 'john dufrain womack', '2020-01-04 21:00:00', 'ES');
INSERT INTO lessons (id, user_id, status, created_at, hours) VALUES (54, 38, 'CANCELED', '2020-01-05 21:00:00', 2);
INSERT INTO users (id, name, date_joined, country_code) VALUES (39, 'john dufrain connery', '2020-01-05 00:00:00', 'DE');
INSERT INTO lessons (id, user_id, status, created_at, hours) VALUES (55, 39, 'SCHEDULED', '2020-01-07 00:00:00', 5);
INSERT INTO users (id, name, date_joined, country_code) VALUES (40, 'john dufrain bond', '2020-01-05 04:00:00', 'ES');
INSERT INTO lessons (id, user_id, status, created_at, hours) VALUES (56, 40, 'CANCELED', '2020-01-06 04:00:00', 8);
INSERT INTO lessons (id, user_id, status, created_at, hours) VALUES (57, 40, 'SCHEDULED', '2020-01-07 04:00:00', 5);
INSERT INTO users (id, name, date_joined, country_code) VALUES (41, 'john robbins mason', '2020-01-05 09:00:00', 'ES');
INSERT INTO lessons (id, user_id, status, created_at, hours) VALUES (58, 41, 'SCHEDULED', '2020-01-08 09:00:00', 5);
INSERT INTO lessons (id, user_id, status, created_at, hours) VALUES (59, 41, 'SCHEDULED', '2020-01-12 09:00:00', 9);
INSERT INTO lessons (id, user_id, status, created_at, hours) VALUES (60, 41, 'SCHEDULED', '2020-01-13 09:00:00', 10);
INSERT INTO users (id, name, date_joined, country_code) VALUES (42, 'john robbins brown', '2020-01-05 10:00:00', 'ES');
INSERT INTO lessons (id, user_id, status, created_at, hours) VALUES (61, 42, 'CANCELED', '2020-01-09 10:00:00', 4);
INSERT INTO lessons (id, user_id, status, created_at, hours) VALUES (62, 42, 'CANCELED', '2020-01-12 10:00:00', 4);
INSERT INTO users (id, name, date_joined, country_code) VALUES (43, 'john robbins mcfly', '2020-01-05 10:00:00', 'UK');
INSERT INTO payments (id, user_id, payment_amount, created_at) VALUES (15, 43, 95.09169634837026, '2020-01-09 10:00:00');
INSERT INTO payments (id, user_id, payment_amount, created_at) VALUES (16, 43, 26.721209140969094, '2020-01-11 10:00:00');
INSERT INTO users (id, name, date_joined, country_code) VALUES (44, 'john robbins dufrain', '2020-01-05 10:00:00', 'FR');
INSERT INTO lessons (id, user_id, status, created_at, hours) VALUES (63, 44, 'SCHEDULED', '2020-01-07 10:00:00', 4);
INSERT INTO lessons (id, user_id, status, created_at, hours) VALUES (64, 44, 'CANCELED', '2020-01-11 10:00:00', 4);
INSERT INTO users (id, name, date_joined, country_code) VALUES (45, 'john robbins robbins', '2020-01-05 14:00:00', 'ES');
INSERT INTO lessons (id, user_id, status, created_at, hours) VALUES (65, 45, 'CONFIRMED', '2020-01-08 14:00:00', 4);
INSERT INTO lessons (id, user_id, status, created_at, hours) VALUES (66, 45, 'CONFIRMED', '2020-01-11 14:00:00', 8);
INSERT INTO users (id, name, date_joined, country_code) VALUES (46, 'john robbins williams', '2020-01-05 19:00:00', 'DE');
INSERT INTO lessons (id, user_id, status, created_at, hours) VALUES (67, 46, 'CANCELED', '2020-01-08 19:00:00', 6);
INSERT INTO users (id, name, date_joined, country_code) VALUES (47, 'john robbins goodsped', '2020-01-05 23:00:00', 'ES');
INSERT INTO lessons (id, user_id, status, created_at, hours) VALUES (68, 47, 'SCHEDULED', '2020-01-09 23:00:00', 5);
INSERT INTO lessons (id, user_id, status, created_at, hours) VALUES (69, 47, 'CANCELED', '2020-01-11 23:00:00', 4);
INSERT INTO lessons (id, user_id, status, created_at, hours) VALUES (70, 47, 'SCHEDULED', '2020-01-15 23:00:00', 6);
INSERT INTO users (id, name, date_joined, country_code) VALUES (48, 'john robbins womack', '2020-01-06 02:00:00', 'DK');
INSERT INTO users (id, name, date_joined, country_code) VALUES (49, 'john robbins connery', '2020-01-06 05:00:00', 'DE');
INSERT INTO lessons (id, user_id, status, created_at, hours) VALUES (71, 49, 'CANCELED', '2020-01-10 05:00:00', 10);
INSERT INTO lessons (id, user_id, status, created_at, hours) VALUES (72, 49, 'SCHEDULED', '2020-01-14 05:00:00', 2);
INSERT INTO users (id, name, date_joined, country_code) VALUES (50, 'john robbins bond', '2020-01-06 06:00:00', 'FR');
INSERT INTO lessons (id, user_id, status, created_at, hours) VALUES (73, 50, 'SCHEDULED', '2020-01-07 06:00:00', 5);
INSERT INTO users (id, name, date_joined, country_code) VALUES (51, 'john williams mason', '2020-01-06 10:00:00', 'DK');
INSERT INTO lessons (id, user_id, status, created_at, hours) VALUES (74, 51, 'CANCELED', '2020-01-07 10:00:00', 6);
INSERT INTO users (id, name, date_joined, country_code) VALUES (52, 'john williams brown', '2020-01-06 11:00:00', 'FR');
INSERT INTO lessons (id, user_id, status, created_at, hours) VALUES (75, 52, 'CONFIRMED', '2020-01-10 11:00:00', 8);
INSERT INTO users (id, name, date_joined, country_code) VALUES (53, 'john williams mcfly', '2020-01-06 12:00:00', 'DE');
INSERT INTO users (id, name, date_joined, country_code) VALUES (54, 'john williams dufrain', '2020-01-06 15:00:00', 'ES');
INSERT INTO payments (id, user_id, payment_amount, created_at) VALUES (17, 54, 5.584226261613789, '2020-01-07 15:00:00');
INSERT INTO payments (id, user_id, payment_amount, created_at) VALUES (18, 54, 14.163482105868608, '2020-01-11 15:00:00');
INSERT INTO lessons (id, user_id, status, created_at, hours) VALUES (76, 54, 'SCHEDULED', '2020-01-09 15:00:00', 9);
INSERT INTO lessons (id, user_id, status, created_at, hours) VALUES (77, 54, 'CANCELED', '2020-01-11 15:00:00', 4);
INSERT INTO users (id, name, date_joined, country_code) VALUES (55, 'john williams robbins', '2020-01-06 16:00:00', 'DK');
INSERT INTO lessons (id, user_id, status, created_at, hours) VALUES (78, 55, 'SCHEDULED', '2020-01-07 16:00:00', 1);
INSERT INTO lessons (id, user_id, status, created_at, hours) VALUES (79, 55, 'CONFIRMED', '2020-01-08 16:00:00', 10);
INSERT INTO lessons (id, user_id, status, created_at, hours) VALUES (80, 55, 'CONFIRMED', '2020-01-11 16:00:00', 7);
INSERT INTO users (id, name, date_joined, country_code) VALUES (56, 'john williams williams', '2020-01-06 16:00:00', 'UK');
INSERT INTO payments (id, user_id, payment_amount, created_at) VALUES (19, 56, 58.68277400097941, '2020-01-10 16:00:00');
INSERT INTO payments (id, user_id, payment_amount, created_at) VALUES (20, 56, 14.846324949295731, '2020-01-11 16:00:00');
INSERT INTO lessons (id, user_id, status, created_at, hours) VALUES (81, 56, 'CANCELED', '2020-01-09 16:00:00', 10);
INSERT INTO users (id, name, date_joined, country_code) VALUES (57, 'john williams goodsped', '2020-01-06 20:00:00', 'UK');
INSERT INTO payments (id, user_id, payment_amount, created_at) VALUES (21, 57, 40.450312666579094, '2020-01-11 20:00:00');
INSERT INTO payments (id, user_id, payment_amount, created_at) VALUES (22, 57, 19.483419681498525, '2020-01-13 20:00:00');
INSERT INTO lessons (id, user_id, status, created_at, hours) VALUES (82, 57, 'CONFIRMED', '2020-01-09 20:00:00', 8);
INSERT INTO users (id, name, date_joined, country_code) VALUES (58, 'john williams womack', '2020-01-06 21:00:00', 'DK');
INSERT INTO lessons (id, user_id, status, created_at, hours) VALUES (83, 58, 'SCHEDULED', '2020-01-09 21:00:00', 8);
INSERT INTO lessons (id, user_id, status, created_at, hours) VALUES (84, 58, 'SCHEDULED', '2020-01-13 21:00:00', 1);
INSERT INTO users (id, name, date_joined, country_code) VALUES (59, 'john williams connery', '2020-01-07 00:00:00', 'FR');
INSERT INTO lessons (id, user_id, status, created_at, hours) VALUES (85, 59, 'SCHEDULED', '2020-01-09 00:00:00', 9);
INSERT INTO lessons (id, user_id, status, created_at, hours) VALUES (86, 59, 'CONFIRMED', '2020-01-11 00:00:00', 10);
INSERT INTO users (id, name, date_joined, country_code) VALUES (60, 'john williams bond', '2020-01-07 03:00:00', 'FR');
INSERT INTO lessons (id, user_id, status, created_at, hours) VALUES (87, 60, 'CONFIRMED', '2020-01-11 03:00:00', 8);
INSERT INTO lessons (id, user_id, status, created_at, hours) VALUES (88, 60, 'CANCELED', '2020-01-15 03:00:00', 9);
INSERT INTO users (id, name, date_joined, country_code) VALUES (61, 'john goodsped mason', '2020-01-07 05:00:00', 'DK');
INSERT INTO lessons (id, user_id, status, created_at, hours) VALUES (89, 61, 'SCHEDULED', '2020-01-10 05:00:00', 3);
INSERT INTO users (id, name, date_joined, country_code) VALUES (62, 'john goodsped brown', '2020-01-07 08:00:00', 'DK');
INSERT INTO payments (id, user_id, payment_amount, created_at) VALUES (23, 62, 88.24803918566776, '2020-01-10 08:00:00');
INSERT INTO lessons (id, user_id, status, created_at, hours) VALUES (90, 62, 'CONFIRMED', '2020-01-10 08:00:00', 2);
INSERT INTO lessons (id, user_id, status, created_at, hours) VALUES (91, 62, 'CANCELED', '2020-01-11 08:00:00', 5);
INSERT INTO users (id, name, date_joined, country_code) VALUES (63, 'john goodsped mcfly', '2020-01-07 09:00:00', 'FR');
INSERT INTO payments (id, user_id, payment_amount, created_at) VALUES (24, 63, 42.5672303196912, '2020-01-08 09:00:00');
INSERT INTO payments (id, user_id, payment_amount, created_at) VALUES (25, 63, 78.62890273063276, '2020-01-13 09:00:00');
INSERT INTO lessons (id, user_id, status, created_at, hours) VALUES (92, 63, 'SCHEDULED', '2020-01-09 09:00:00', 2);
INSERT INTO users (id, name, date_joined, country_code) VALUES (64, 'john goodsped dufrain', '2020-01-07 12:00:00', 'FR');
INSERT INTO payments (id, user_id, payment_amount, created_at) VALUES (26, 64, 8.49845599152339, '2020-01-12 12:00:00');
INSERT INTO lessons (id, user_id, status, created_at, hours) VALUES (93, 64, 'CONFIRMED', '2020-01-10 12:00:00', 8);
INSERT INTO users (id, name, date_joined, country_code) VALUES (65, 'john goodsped robbins', '2020-01-07 15:00:00', 'DE');
INSERT INTO payments (id, user_id, payment_amount, created_at) VALUES (27, 65, 38.84923475437717, '2020-01-08 15:00:00');
INSERT INTO payments (id, user_id, payment_amount, created_at) VALUES (28, 65, 56.07399376114546, '2020-01-09 15:00:00');
INSERT INTO lessons (id, user_id, status, created_at, hours) VALUES (94, 65, 'CANCELED', '2020-01-09 15:00:00', 8);
INSERT INTO lessons (id, user_id, status, created_at, hours) VALUES (95, 65, 'CONFIRMED', '2020-01-13 15:00:00', 3);
INSERT INTO users (id, name, date_joined, country_code) VALUES (66, 'john goodsped williams', '2020-01-07 20:00:00', 'DE');
INSERT INTO lessons (id, user_id, status, created_at, hours) VALUES (96, 66, 'CANCELED', '2020-01-09 20:00:00', 9);
INSERT INTO lessons (id, user_id, status, created_at, hours) VALUES (97, 66, 'CANCELED', '2020-01-12 20:00:00', 3);
INSERT INTO users (id, name, date_joined, country_code) VALUES (67, 'john goodsped goodsped', '2020-01-08 01:00:00', 'UK');
INSERT INTO payments (id, user_id, payment_amount, created_at) VALUES (29, 67, 67.24549692411944, '2020-01-13 01:00:00');
INSERT INTO payments (id, user_id, payment_amount, created_at) VALUES (30, 67, 39.00213822517375, '2020-01-16 01:00:00');
INSERT INTO lessons (id, user_id, status, created_at, hours) VALUES (98, 67, 'CONFIRMED', '2020-01-12 01:00:00', 5);
INSERT INTO lessons (id, user_id, status, created_at, hours) VALUES (99, 67, 'CONFIRMED', '2020-01-13 01:00:00', 10);
INSERT INTO users (id, name, date_joined, country_code) VALUES (68, 'john goodsped womack', '2020-01-08 02:00:00', 'FR');
INSERT INTO users (id, name, date_joined, country_code) VALUES (69, 'john goodsped connery', '2020-01-08 03:00:00', 'ES');
INSERT INTO lessons (id, user_id, status, created_at, hours) VALUES (100, 69, 'SCHEDULED', '2020-01-12 03:00:00', 6);
INSERT INTO users (id, name, date_joined, country_code) VALUES (70, 'john goodsped bond', '2020-01-08 08:00:00', 'DE');
INSERT INTO users (id, name, date_joined, country_code) VALUES (71, 'john womack mason', '2020-01-08 10:00:00', 'DE');
INSERT INTO lessons (id, user_id, status, created_at, hours) VALUES (101, 71, 'CANCELED', '2020-01-10 10:00:00', 6);
INSERT INTO lessons (id, user_id, status, created_at, hours) VALUES (102, 71, 'CANCELED', '2020-01-12 10:00:00', 6);
INSERT INTO users (id, name, date_joined, country_code) VALUES (72, 'john womack brown', '2020-01-08 11:00:00', 'DE');
INSERT INTO lessons (id, user_id, status, created_at, hours) VALUES (103, 72, 'SCHEDULED', '2020-01-11 11:00:00', 6);
INSERT INTO lessons (id, user_id, status, created_at, hours) VALUES (104, 72, 'CONFIRMED', '2020-01-14 11:00:00', 5);
INSERT INTO users (id, name, date_joined, country_code) VALUES (73, 'john womack mcfly', '2020-01-08 11:00:00', 'DK');
INSERT INTO lessons (id, user_id, status, created_at, hours) VALUES (105, 73, 'SCHEDULED', '2020-01-11 11:00:00', 5);
INSERT INTO users (id, name, date_joined, country_code) VALUES (74, 'john womack dufrain', '2020-01-08 12:00:00', 'FR');
INSERT INTO lessons (id, user_id, status, created_at, hours) VALUES (106, 74, 'CANCELED', '2020-01-12 12:00:00', 4);
INSERT INTO lessons (id, user_id, status, created_at, hours) VALUES (107, 74, 'CONFIRMED', '2020-01-16 12:00:00', 2);
INSERT INTO users (id, name, date_joined, country_code) VALUES (75, 'john womack robbins', '2020-01-08 14:00:00', 'ES');
INSERT INTO payments (id, user_id, payment_amount, created_at) VALUES (31, 75, 90.3209713526046, '2020-01-13 14:00:00');
INSERT INTO payments (id, user_id, payment_amount, created_at) VALUES (32, 75, 76.0866019153271, '2020-01-14 14:00:00');
INSERT INTO lessons (id, user_id, status, created_at, hours) VALUES (108, 75, 'CANCELED', '2020-01-11 14:00:00', 7);
INSERT INTO users (id, name, date_joined, country_code) VALUES (76, 'john womack williams', '2020-01-08 16:00:00', 'ES');
INSERT INTO payments (id, user_id, payment_amount, created_at) VALUES (33, 76, 27.222045035141072, '2020-01-09 16:00:00');
INSERT INTO payments (id, user_id, payment_amount, created_at) VALUES (34, 76, 16.939370318601654, '2020-01-10 16:00:00');
INSERT INTO lessons (id, user_id, status, created_at, hours) VALUES (109, 76, 'SCHEDULED', '2020-01-10 16:00:00', 2);
INSERT INTO lessons (id, user_id, status, created_at, hours) VALUES (110, 76, 'SCHEDULED', '2020-01-12 16:00:00', 9);
INSERT INTO lessons (id, user_id, status, created_at, hours) VALUES (111, 76, 'CONFIRMED', '2020-01-15 16:00:00', 5);
INSERT INTO users (id, name, date_joined, country_code) VALUES (77, 'john womack goodsped', '2020-01-08 16:00:00', 'ES');
INSERT INTO payments (id, user_id, payment_amount, created_at) VALUES (35, 77, 65.12634383487445, '2020-01-12 16:00:00');
INSERT INTO lessons (id, user_id, status, created_at, hours) VALUES (112, 77, 'CANCELED', '2020-01-11 16:00:00', 8);
INSERT INTO users (id, name, date_joined, country_code) VALUES (78, 'john womack womack', '2020-01-08 17:00:00', 'ES');
INSERT INTO lessons (id, user_id, status, created_at, hours) VALUES (113, 78, 'CONFIRMED', '2020-01-10 17:00:00', 5);
INSERT INTO users (id, name, date_joined, country_code) VALUES (79, 'john womack connery', '2020-01-08 17:00:00', 'UK');
INSERT INTO payments (id, user_id, payment_amount, created_at) VALUES (36, 79, 92.10072352004633, '2020-01-09 17:00:00');
INSERT INTO payments (id, user_id, payment_amount, created_at) VALUES (37, 79, 89.31729967303471, '2020-01-10 17:00:00');
INSERT INTO lessons (id, user_id, status, created_at, hours) VALUES (114, 79, 'CONFIRMED', '2020-01-11 17:00:00', 1);
INSERT INTO lessons (id, user_id, status, created_at, hours) VALUES (115, 79, 'CONFIRMED', '2020-01-12 17:00:00', 3);
INSERT INTO lessons (id, user_id, status, created_at, hours) VALUES (116, 79, 'CANCELED', '2020-01-15 17:00:00', 6);
INSERT INTO users (id, name, date_joined, country_code) VALUES (80, 'john womack bond', '2020-01-08 21:00:00', 'DK');
INSERT INTO lessons (id, user_id, status, created_at, hours) VALUES (117, 80, 'SCHEDULED', '2020-01-12 21:00:00', 5);
INSERT INTO lessons (id, user_id, status, created_at, hours) VALUES (118, 80, 'CANCELED', '2020-01-13 21:00:00', 6);
INSERT INTO lessons (id, user_id, status, created_at, hours) VALUES (119, 80, 'CONFIRMED', '2020-01-16 21:00:00', 2);
INSERT INTO users (id, name, date_joined, country_code) VALUES (81, 'john connery mason', '2020-01-08 23:00:00', 'UK');
INSERT INTO lessons (id, user_id, status, created_at, hours) VALUES (120, 81, 'CANCELED', '2020-01-10 23:00:00', 8);
INSERT INTO users (id, name, date_joined, country_code) VALUES (82, 'john connery brown', '2020-01-09 01:00:00', 'DK');
INSERT INTO lessons (id, user_id, status, created_at, hours) VALUES (121, 82, 'SCHEDULED', '2020-01-10 01:00:00', 4);
INSERT INTO lessons (id, user_id, status, created_at, hours) VALUES (122, 82, 'SCHEDULED', '2020-01-13 01:00:00', 9);
INSERT INTO users (id, name, date_joined, country_code) VALUES (83, 'john connery mcfly', '2020-01-09 04:00:00', 'ES');
INSERT INTO lessons (id, user_id, status, created_at, hours) VALUES (123, 83, 'SCHEDULED', '2020-01-10 04:00:00', 4);
INSERT INTO lessons (id, user_id, status, created_at, hours) VALUES (124, 83, 'CONFIRMED', '2020-01-13 04:00:00', 3);
INSERT INTO users (id, name, date_joined, country_code) VALUES (84, 'john connery dufrain', '2020-01-09 04:00:00', 'ES');
INSERT INTO payments (id, user_id, payment_amount, created_at) VALUES (38, 84, 95.18195518942461, '2020-01-10 04:00:00');
INSERT INTO payments (id, user_id, payment_amount, created_at) VALUES (39, 84, 88.76326165347865, '2020-01-12 04:00:00');
INSERT INTO lessons (id, user_id, status, created_at, hours) VALUES (125, 84, 'SCHEDULED', '2020-01-12 04:00:00', 9);
INSERT INTO lessons (id, user_id, status, created_at, hours) VALUES (126, 84, 'CONFIRMED', '2020-01-15 04:00:00', 10);
INSERT INTO users (id, name, date_joined, country_code) VALUES (85, 'john connery robbins', '2020-01-09 05:00:00', 'ES');
INSERT INTO lessons (id, user_id, status, created_at, hours) VALUES (127, 85, 'SCHEDULED', '2020-01-13 05:00:00', 3);
INSERT INTO lessons (id, user_id, status, created_at, hours) VALUES (128, 85, 'CONFIRMED', '2020-01-15 05:00:00', 4);
INSERT INTO lessons (id, user_id, status, created_at, hours) VALUES (129, 85, 'CANCELED', '2020-01-17 05:00:00', 6);
INSERT INTO users (id, name, date_joined, country_code) VALUES (86, 'john connery williams', '2020-01-09 05:00:00', 'UK');
INSERT INTO lessons (id, user_id, status, created_at, hours) VALUES (130, 86, 'CANCELED', '2020-01-11 05:00:00', 10);
INSERT INTO lessons (id, user_id, status, created_at, hours) VALUES (131, 86, 'SCHEDULED', '2020-01-15 05:00:00', 2);
INSERT INTO lessons (id, user_id, status, created_at, hours) VALUES (132, 86, 'SCHEDULED', '2020-01-17 05:00:00', 7);
INSERT INTO users (id, name, date_joined, country_code) VALUES (87, 'john connery goodsped', '2020-01-09 09:00:00', 'DE');
INSERT INTO lessons (id, user_id, status, created_at, hours) VALUES (133, 87, 'SCHEDULED', '2020-01-11 09:00:00', 8);
INSERT INTO lessons (id, user_id, status, created_at, hours) VALUES (134, 87, 'CONFIRMED', '2020-01-13 09:00:00', 5);
INSERT INTO lessons (id, user_id, status, created_at, hours) VALUES (135, 87, 'CONFIRMED', '2020-01-16 09:00:00', 10);
INSERT INTO users (id, name, date_joined, country_code) VALUES (88, 'john connery womack', '2020-01-09 10:00:00', 'UK');
INSERT INTO payments (id, user_id, payment_amount, created_at) VALUES (40, 88, 46.048546233176836, '2020-01-13 10:00:00');
INSERT INTO payments (id, user_id, payment_amount, created_at) VALUES (41, 88, 31.931733601499346, '2020-01-15 10:00:00');
INSERT INTO lessons (id, user_id, status, created_at, hours) VALUES (136, 88, 'CANCELED', '2020-01-10 10:00:00', 3);
INSERT INTO lessons (id, user_id, status, created_at, hours) VALUES (137, 88, 'CONFIRMED', '2020-01-11 10:00:00', 5);
INSERT INTO lessons (id, user_id, status, created_at, hours) VALUES (138, 88, 'SCHEDULED', '2020-01-13 10:00:00', 1);
INSERT INTO users (id, name, date_joined, country_code) VALUES (89, 'john connery connery', '2020-01-09 15:00:00', 'DE');
INSERT INTO lessons (id, user_id, status, created_at, hours) VALUES (139, 89, 'CANCELED', '2020-01-10 15:00:00', 3);
INSERT INTO lessons (id, user_id, status, created_at, hours) VALUES (140, 89, 'CONFIRMED', '2020-01-12 15:00:00', 4);
INSERT INTO users (id, name, date_joined, country_code) VALUES (90, 'john connery bond', '2020-01-09 15:00:00', 'FR');
INSERT INTO payments (id, user_id, payment_amount, created_at) VALUES (42, 90, 41.03900956512023, '2020-01-13 15:00:00');
INSERT INTO lessons (id, user_id, status, created_at, hours) VALUES (141, 90, 'CONFIRMED', '2020-01-12 15:00:00', 8);
INSERT INTO lessons (id, user_id, status, created_at, hours) VALUES (142, 90, 'SCHEDULED', '2020-01-14 15:00:00', 7);
INSERT INTO lessons (id, user_id, status, created_at, hours) VALUES (143, 90, 'CANCELED', '2020-01-15 15:00:00', 6);
INSERT INTO users (id, name, date_joined, country_code) VALUES (91, 'john bond mason', '2020-01-09 15:00:00', 'DK');
INSERT INTO lessons (id, user_id, status, created_at, hours) VALUES (144, 91, 'CONFIRMED', '2020-01-10 15:00:00', 7);
INSERT INTO users (id, name, date_joined, country_code) VALUES (92, 'john bond brown', '2020-01-09 17:00:00', 'FR');
INSERT INTO lessons (id, user_id, status, created_at, hours) VALUES (145, 92, 'SCHEDULED', '2020-01-13 17:00:00', 9);
INSERT INTO users (id, name, date_joined, country_code) VALUES (93, 'john bond mcfly', '2020-01-09 19:00:00', 'ES');
INSERT INTO lessons (id, user_id, status, created_at, hours) VALUES (146, 93, 'SCHEDULED', '2020-01-12 19:00:00', 2);
INSERT INTO users (id, name, date_joined, country_code) VALUES (94, 'john bond dufrain', '2020-01-09 21:00:00', 'DK');
INSERT INTO payments (id, user_id, payment_amount, created_at) VALUES (43, 94, 66.08701031096817, '2020-01-14 21:00:00');
INSERT INTO payments (id, user_id, payment_amount, created_at) VALUES (44, 94, 33.462646777800686, '2020-01-19 21:00:00');
INSERT INTO lessons (id, user_id, status, created_at, hours) VALUES (147, 94, 'CANCELED', '2020-01-12 21:00:00', 9);
INSERT INTO lessons (id, user_id, status, created_at, hours) VALUES (148, 94, 'CONFIRMED', '2020-01-16 21:00:00', 3);
INSERT INTO users (id, name, date_joined, country_code) VALUES (95, 'john bond robbins', '2020-01-10 02:00:00', 'ES');
INSERT INTO payments (id, user_id, payment_amount, created_at) VALUES (45, 95, 37.495870538320695, '2020-01-13 02:00:00');
INSERT INTO payments (id, user_id, payment_amount, created_at) VALUES (46, 95, 5.587573152639402, '2020-01-14 02:00:00');
INSERT INTO lessons (id, user_id, status, created_at, hours) VALUES (149, 95, 'CANCELED', '2020-01-12 02:00:00', 6);
INSERT INTO users (id, name, date_joined, country_code) VALUES (96, 'john bond williams', '2020-01-10 03:00:00', 'FR');
INSERT INTO users (id, name, date_joined, country_code) VALUES (97, 'john bond goodsped', '2020-01-10 07:00:00', 'ES');
INSERT INTO lessons (id, user_id, status, created_at, hours) VALUES (150, 97, 'CANCELED', '2020-01-13 07:00:00', 6);
INSERT INTO users (id, name, date_joined, country_code) VALUES (98, 'john bond womack', '2020-01-10 11:00:00', 'DK');
INSERT INTO lessons (id, user_id, status, created_at, hours) VALUES (151, 98, 'CONFIRMED', '2020-01-14 11:00:00', 5);
INSERT INTO users (id, name, date_joined, country_code) VALUES (99, 'john bond connery', '2020-01-10 16:00:00', 'ES');
INSERT INTO lessons (id, user_id, status, created_at, hours) VALUES (152, 99, 'CONFIRMED', '2020-01-13 16:00:00', 7);
INSERT INTO lessons (id, user_id, status, created_at, hours) VALUES (153, 99, 'SCHEDULED', '2020-01-15 16:00:00', 6);
INSERT INTO users (id, name, date_joined, country_code) VALUES (100, 'john bond bond', '2020-01-10 18:00:00', 'DK');
INSERT INTO lessons (id, user_id, status, created_at, hours) VALUES (154, 100, 'CONFIRMED', '2020-01-11 18:00:00', 10);
INSERT INTO users (id, name, date_joined, country_code) VALUES (101, 'xavi mason mason', '2020-01-10 20:00:00', 'UK');
INSERT INTO lessons (id, user_id, status, created_at, hours) VALUES (155, 101, 'SCHEDULED', '2020-01-13 20:00:00', 8);
INSERT INTO users (id, name, date_joined, country_code) VALUES (102, 'xavi mason brown', '2020-01-10 22:00:00', 'DE');
INSERT INTO lessons (id, user_id, status, created_at, hours) VALUES (156, 102, 'CANCELED', '2020-01-11 22:00:00', 4);
INSERT INTO lessons (id, user_id, status, created_at, hours) VALUES (157, 102, 'CONFIRMED', '2020-01-14 22:00:00', 6);
INSERT INTO lessons (id, user_id, status, created_at, hours) VALUES (158, 102, 'CANCELED', '2020-01-18 22:00:00', 10);
INSERT INTO users (id, name, date_joined, country_code) VALUES (103, 'xavi mason mcfly', '2020-01-11 01:00:00', 'FR');
INSERT INTO lessons (id, user_id, status, created_at, hours) VALUES (159, 103, 'CANCELED', '2020-01-15 01:00:00', 8);
INSERT INTO lessons (id, user_id, status, created_at, hours) VALUES (160, 103, 'SCHEDULED', '2020-01-16 01:00:00', 6);
INSERT INTO users (id, name, date_joined, country_code) VALUES (104, 'xavi mason dufrain', '2020-01-11 06:00:00', 'FR');
INSERT INTO lessons (id, user_id, status, created_at, hours) VALUES (161, 104, 'CONFIRMED', '2020-01-12 06:00:00', 5);
INSERT INTO users (id, name, date_joined, country_code) VALUES (105, 'xavi mason robbins', '2020-01-11 06:00:00', 'ES');
INSERT INTO payments (id, user_id, payment_amount, created_at) VALUES (47, 105, 74.8074379995432, '2020-01-15 06:00:00');
INSERT INTO lessons (id, user_id, status, created_at, hours) VALUES (162, 105, 'CONFIRMED', '2020-01-15 06:00:00', 8);
INSERT INTO lessons (id, user_id, status, created_at, hours) VALUES (163, 105, 'SCHEDULED', '2020-01-17 06:00:00', 8);
INSERT INTO users (id, name, date_joined, country_code) VALUES (106, 'xavi mason williams', '2020-01-11 11:00:00', 'UK');
INSERT INTO payments (id, user_id, payment_amount, created_at) VALUES (48, 106, 47.81289493971317, '2020-01-15 11:00:00');
INSERT INTO lessons (id, user_id, status, created_at, hours) VALUES (164, 106, 'SCHEDULED', '2020-01-15 11:00:00', 6);
INSERT INTO users (id, name, date_joined, country_code) VALUES (107, 'xavi mason goodsped', '2020-01-11 16:00:00', 'FR');
INSERT INTO lessons (id, user_id, status, created_at, hours) VALUES (165, 107, 'CANCELED', '2020-01-13 16:00:00', 10);
INSERT INTO lessons (id, user_id, status, created_at, hours) VALUES (166, 107, 'SCHEDULED', '2020-01-17 16:00:00', 7);
INSERT INTO users (id, name, date_joined, country_code) VALUES (108, 'xavi mason womack', '2020-01-11 19:00:00', 'FR');
INSERT INTO payments (id, user_id, payment_amount, created_at) VALUES (49, 108, 30.047200290663323, '2020-01-13 19:00:00');
INSERT INTO lessons (id, user_id, status, created_at, hours) VALUES (167, 108, 'CONFIRMED', '2020-01-12 19:00:00', 1);
INSERT INTO lessons (id, user_id, status, created_at, hours) VALUES (168, 108, 'CONFIRMED', '2020-01-13 19:00:00', 7);
INSERT INTO users (id, name, date_joined, country_code) VALUES (109, 'xavi mason connery', '2020-01-12 00:00:00', 'UK');
INSERT INTO lessons (id, user_id, status, created_at, hours) VALUES (169, 109, 'CONFIRMED', '2020-01-13 00:00:00', 5);
INSERT INTO users (id, name, date_joined, country_code) VALUES (110, 'xavi mason bond', '2020-01-12 03:00:00', 'FR');
INSERT INTO users (id, name, date_joined, country_code) VALUES (111, 'xavi brown mason', '2020-01-12 05:00:00', 'DE');
INSERT INTO payments (id, user_id, payment_amount, created_at) VALUES (50, 111, 18.711515321634444, '2020-01-16 05:00:00');
INSERT INTO payments (id, user_id, payment_amount, created_at) VALUES (51, 111, 0.5624282040944117, '2020-01-19 05:00:00');
INSERT INTO lessons (id, user_id, status, created_at, hours) VALUES (170, 111, 'CANCELED', '2020-01-16 05:00:00', 3);
INSERT INTO lessons (id, user_id, status, created_at, hours) VALUES (171, 111, 'CANCELED', '2020-01-19 05:00:00', 7);
INSERT INTO users (id, name, date_joined, country_code) VALUES (112, 'xavi brown brown', '2020-01-12 10:00:00', 'UK');
INSERT INTO users (id, name, date_joined, country_code) VALUES (113, 'xavi brown mcfly', '2020-01-12 13:00:00', 'ES');
INSERT INTO payments (id, user_id, payment_amount, created_at) VALUES (52, 113, 19.03649938535098, '2020-01-13 13:00:00');
INSERT INTO payments (id, user_id, payment_amount, created_at) VALUES (53, 113, 55.442865642083305, '2020-01-17 13:00:00');
INSERT INTO users (id, name, date_joined, country_code) VALUES (114, 'xavi brown dufrain', '2020-01-12 18:00:00', 'FR');
INSERT INTO lessons (id, user_id, status, created_at, hours) VALUES (172, 114, 'SCHEDULED', '2020-01-13 18:00:00', 6);
INSERT INTO lessons (id, user_id, status, created_at, hours) VALUES (173, 114, 'CANCELED', '2020-01-14 18:00:00', 7);
INSERT INTO users (id, name, date_joined, country_code) VALUES (115, 'xavi brown robbins', '2020-01-12 18:00:00', 'ES');
INSERT INTO lessons (id, user_id, status, created_at, hours) VALUES (174, 115, 'CONFIRMED', '2020-01-13 18:00:00', 9);
INSERT INTO lessons (id, user_id, status, created_at, hours) VALUES (175, 115, 'SCHEDULED', '2020-01-16 18:00:00', 2);
INSERT INTO users (id, name, date_joined, country_code) VALUES (116, 'xavi brown williams', '2020-01-12 21:00:00', 'UK');
INSERT INTO payments (id, user_id, payment_amount, created_at) VALUES (54, 116, 94.45690453577924, '2020-01-16 21:00:00');
INSERT INTO payments (id, user_id, payment_amount, created_at) VALUES (55, 116, 52.36370425082515, '2020-01-20 21:00:00');
INSERT INTO lessons (id, user_id, status, created_at, hours) VALUES (176, 116, 'CANCELED', '2020-01-13 21:00:00', 2);
INSERT INTO lessons (id, user_id, status, created_at, hours) VALUES (177, 116, 'SCHEDULED', '2020-01-14 21:00:00', 8);
INSERT INTO users (id, name, date_joined, country_code) VALUES (117, 'xavi brown goodsped', '2020-01-12 23:00:00', 'FR');
INSERT INTO lessons (id, user_id, status, created_at, hours) VALUES (178, 117, 'CONFIRMED', '2020-01-16 23:00:00', 9);
INSERT INTO lessons (id, user_id, status, created_at, hours) VALUES (179, 117, 'SCHEDULED', '2020-01-17 23:00:00', 10);
INSERT INTO lessons (id, user_id, status, created_at, hours) VALUES (180, 117, 'CANCELED', '2020-01-19 23:00:00', 3);
INSERT INTO users (id, name, date_joined, country_code) VALUES (118, 'xavi brown womack', '2020-01-13 04:00:00', 'FR');
INSERT INTO lessons (id, user_id, status, created_at, hours) VALUES (181, 118, 'CANCELED', '2020-01-17 04:00:00', 7);
INSERT INTO lessons (id, user_id, status, created_at, hours) VALUES (182, 118, 'CANCELED', '2020-01-21 04:00:00', 8);
INSERT INTO users (id, name, date_joined, country_code) VALUES (119, 'xavi brown connery', '2020-01-13 05:00:00', 'DK');
INSERT INTO users (id, name, date_joined, country_code) VALUES (120, 'xavi brown bond', '2020-01-13 06:00:00', 'DK');
INSERT INTO lessons (id, user_id, status, created_at, hours) VALUES (183, 120, 'CANCELED', '2020-01-15 06:00:00', 8);
INSERT INTO users (id, name, date_joined, country_code) VALUES (121, 'xavi mcfly mason', '2020-01-13 06:00:00', 'ES');
INSERT INTO lessons (id, user_id, status, created_at, hours) VALUES (184, 121, 'SCHEDULED', '2020-01-15 06:00:00', 4);
INSERT INTO users (id, name, date_joined, country_code) VALUES (122, 'xavi mcfly brown', '2020-01-13 11:00:00', 'DE');
INSERT INTO lessons (id, user_id, status, created_at, hours) VALUES (185, 122, 'CANCELED', '2020-01-17 11:00:00', 7);
INSERT INTO users (id, name, date_joined, country_code) VALUES (123, 'xavi mcfly mcfly', '2020-01-13 13:00:00', 'ES');
INSERT INTO lessons (id, user_id, status, created_at, hours) VALUES (186, 123, 'CANCELED', '2020-01-17 13:00:00', 10);
INSERT INTO lessons (id, user_id, status, created_at, hours) VALUES (187, 123, 'CONFIRMED', '2020-01-20 13:00:00', 1);
INSERT INTO users (id, name, date_joined, country_code) VALUES (124, 'xavi mcfly dufrain', '2020-01-13 18:00:00', 'ES');
INSERT INTO lessons (id, user_id, status, created_at, hours) VALUES (188, 124, 'CANCELED', '2020-01-17 18:00:00', 1);
INSERT INTO lessons (id, user_id, status, created_at, hours) VALUES (189, 124, 'CONFIRMED', '2020-01-21 18:00:00', 9);
INSERT INTO lessons (id, user_id, status, created_at, hours) VALUES (190, 124, 'SCHEDULED', '2020-01-24 18:00:00', 8);
INSERT INTO users (id, name, date_joined, country_code) VALUES (125, 'xavi mcfly robbins', '2020-01-13 18:00:00', 'DE');
INSERT INTO payments (id, user_id, payment_amount, created_at) VALUES (56, 125, 1.6130953223292832, '2020-01-17 18:00:00');
INSERT INTO lessons (id, user_id, status, created_at, hours) VALUES (191, 125, 'CONFIRMED', '2020-01-17 18:00:00', 6);
INSERT INTO lessons (id, user_id, status, created_at, hours) VALUES (192, 125, 'CANCELED', '2020-01-21 18:00:00', 7);
INSERT INTO users (id, name, date_joined, country_code) VALUES (126, 'xavi mcfly williams', '2020-01-13 20:00:00', 'ES');
INSERT INTO lessons (id, user_id, status, created_at, hours) VALUES (193, 126, 'SCHEDULED', '2020-01-14 20:00:00', 6);
INSERT INTO lessons (id, user_id, status, created_at, hours) VALUES (194, 126, 'CONFIRMED', '2020-01-17 20:00:00', 10);
INSERT INTO users (id, name, date_joined, country_code) VALUES (127, 'xavi mcfly goodsped', '2020-01-13 21:00:00', 'DE');
INSERT INTO lessons (id, user_id, status, created_at, hours) VALUES (195, 127, 'SCHEDULED', '2020-01-15 21:00:00', 10);
INSERT INTO lessons (id, user_id, status, created_at, hours) VALUES (196, 127, 'SCHEDULED', '2020-01-19 21:00:00', 4);
INSERT INTO lessons (id, user_id, status, created_at, hours) VALUES (197, 127, 'CONFIRMED', '2020-01-20 21:00:00', 8);
INSERT INTO users (id, name, date_joined, country_code) VALUES (128, 'xavi mcfly womack', '2020-01-14 01:00:00', 'UK');
INSERT INTO lessons (id, user_id, status, created_at, hours) VALUES (198, 128, 'CONFIRMED', '2020-01-16 01:00:00', 9);
INSERT INTO users (id, name, date_joined, country_code) VALUES (129, 'xavi mcfly connery', '2020-01-14 03:00:00', 'FR');
INSERT INTO payments (id, user_id, payment_amount, created_at) VALUES (57, 129, 43.37091272626745, '2020-01-16 03:00:00');
INSERT INTO payments (id, user_id, payment_amount, created_at) VALUES (58, 129, 41.23186234447297, '2020-01-20 03:00:00');
INSERT INTO lessons (id, user_id, status, created_at, hours) VALUES (199, 129, 'CONFIRMED', '2020-01-15 03:00:00', 2);
INSERT INTO users (id, name, date_joined, country_code) VALUES (130, 'xavi mcfly bond', '2020-01-14 07:00:00', 'DE');
INSERT INTO lessons (id, user_id, status, created_at, hours) VALUES (200, 130, 'CONFIRMED', '2020-01-15 07:00:00', 9);
INSERT INTO lessons (id, user_id, status, created_at, hours) VALUES (201, 130, 'SCHEDULED', '2020-01-17 07:00:00', 4);
INSERT INTO lessons (id, user_id, status, created_at, hours) VALUES (202, 130, 'SCHEDULED', '2020-01-20 07:00:00', 5);
INSERT INTO users (id, name, date_joined, country_code) VALUES (131, 'xavi dufrain mason', '2020-01-14 10:00:00', 'ES');
INSERT INTO payments (id, user_id, payment_amount, created_at) VALUES (59, 131, 15.70864247757534, '2020-01-19 10:00:00');
INSERT INTO payments (id, user_id, payment_amount, created_at) VALUES (60, 131, 82.83916672447812, '2020-01-21 10:00:00');
INSERT INTO lessons (id, user_id, status, created_at, hours) VALUES (203, 131, 'CONFIRMED', '2020-01-17 10:00:00', 9);
INSERT INTO lessons (id, user_id, status, created_at, hours) VALUES (204, 131, 'CONFIRMED', '2020-01-18 10:00:00', 7);
INSERT INTO users (id, name, date_joined, country_code) VALUES (132, 'xavi dufrain brown', '2020-01-14 11:00:00', 'DE');
INSERT INTO payments (id, user_id, payment_amount, created_at) VALUES (61, 132, 85.16642204172213, '2020-01-15 11:00:00');
INSERT INTO payments (id, user_id, payment_amount, created_at) VALUES (62, 132, 89.33864230522049, '2020-01-17 11:00:00');
INSERT INTO users (id, name, date_joined, country_code) VALUES (133, 'xavi dufrain mcfly', '2020-01-14 12:00:00', 'UK');
INSERT INTO lessons (id, user_id, status, created_at, hours) VALUES (205, 133, 'SCHEDULED', '2020-01-15 12:00:00', 6);
INSERT INTO users (id, name, date_joined, country_code) VALUES (134, 'xavi dufrain dufrain', '2020-01-14 17:00:00', 'FR');
INSERT INTO payments (id, user_id, payment_amount, created_at) VALUES (63, 134, 70.73375664052234, '2020-01-17 17:00:00');
INSERT INTO payments (id, user_id, payment_amount, created_at) VALUES (64, 134, 5.18746036909199, '2020-01-18 17:00:00');
INSERT INTO lessons (id, user_id, status, created_at, hours) VALUES (206, 134, 'CONFIRMED', '2020-01-17 17:00:00', 8);
INSERT INTO lessons (id, user_id, status, created_at, hours) VALUES (207, 134, 'CONFIRMED', '2020-01-19 17:00:00', 5);
INSERT INTO lessons (id, user_id, status, created_at, hours) VALUES (208, 134, 'CONFIRMED', '2020-01-21 17:00:00', 7);
INSERT INTO users (id, name, date_joined, country_code) VALUES (135, 'xavi dufrain robbins', '2020-01-14 19:00:00', 'DE');
INSERT INTO lessons (id, user_id, status, created_at, hours) VALUES (209, 135, 'SCHEDULED', '2020-01-18 19:00:00', 5);
INSERT INTO users (id, name, date_joined, country_code) VALUES (136, 'xavi dufrain williams', '2020-01-14 22:00:00', 'DK');
INSERT INTO users (id, name, date_joined, country_code) VALUES (137, 'xavi dufrain goodsped', '2020-01-15 00:00:00', 'DE');
INSERT INTO lessons (id, user_id, status, created_at, hours) VALUES (210, 137, 'CANCELED', '2020-01-17 00:00:00', 8);
INSERT INTO lessons (id, user_id, status, created_at, hours) VALUES (211, 137, 'CANCELED', '2020-01-18 00:00:00', 10);
INSERT INTO users (id, name, date_joined, country_code) VALUES (138, 'xavi dufrain womack', '2020-01-15 03:00:00', 'UK');
INSERT INTO users (id, name, date_joined, country_code) VALUES (139, 'xavi dufrain connery', '2020-01-15 08:00:00', 'DE');
INSERT INTO users (id, name, date_joined, country_code) VALUES (140, 'xavi dufrain bond', '2020-01-15 08:00:00', 'ES');
INSERT INTO payments (id, user_id, payment_amount, created_at) VALUES (65, 140, 55.29264039704563, '2020-01-16 08:00:00');
INSERT INTO lessons (id, user_id, status, created_at, hours) VALUES (212, 140, 'SCHEDULED', '2020-01-16 08:00:00', 6);
INSERT INTO lessons (id, user_id, status, created_at, hours) VALUES (213, 140, 'CONFIRMED', '2020-01-18 08:00:00', 4);
INSERT INTO users (id, name, date_joined, country_code) VALUES (141, 'xavi robbins mason', '2020-01-15 08:00:00', 'FR');
INSERT INTO payments (id, user_id, payment_amount, created_at) VALUES (66, 141, 65.12415087743626, '2020-01-20 08:00:00');
INSERT INTO lessons (id, user_id, status, created_at, hours) VALUES (214, 141, 'CANCELED', '2020-01-16 08:00:00', 8);
INSERT INTO lessons (id, user_id, status, created_at, hours) VALUES (215, 141, 'CANCELED', '2020-01-19 08:00:00', 7);
INSERT INTO users (id, name, date_joined, country_code) VALUES (142, 'xavi robbins brown', '2020-01-15 10:00:00', 'FR');
INSERT INTO lessons (id, user_id, status, created_at, hours) VALUES (216, 142, 'CANCELED', '2020-01-19 10:00:00', 9);
INSERT INTO users (id, name, date_joined, country_code) VALUES (143, 'xavi robbins mcfly', '2020-01-15 15:00:00', 'ES');
INSERT INTO lessons (id, user_id, status, created_at, hours) VALUES (217, 143, 'SCHEDULED', '2020-01-16 15:00:00', 9);
INSERT INTO users (id, name, date_joined, country_code) VALUES (144, 'xavi robbins dufrain', '2020-01-15 20:00:00', 'DK');
INSERT INTO users (id, name, date_joined, country_code) VALUES (145, 'xavi robbins robbins', '2020-01-16 00:00:00', 'DK');
INSERT INTO lessons (id, user_id, status, created_at, hours) VALUES (218, 145, 'CONFIRMED', '2020-01-20 00:00:00', 5);
INSERT INTO users (id, name, date_joined, country_code) VALUES (146, 'xavi robbins williams', '2020-01-16 01:00:00', 'UK');
INSERT INTO lessons (id, user_id, status, created_at, hours) VALUES (219, 146, 'CANCELED', '2020-01-17 01:00:00', 6);
INSERT INTO lessons (id, user_id, status, created_at, hours) VALUES (220, 146, 'CANCELED', '2020-01-19 01:00:00', 4);
INSERT INTO users (id, name, date_joined, country_code) VALUES (147, 'xavi robbins goodsped', '2020-01-16 05:00:00', 'DK');
INSERT INTO lessons (id, user_id, status, created_at, hours) VALUES (221, 147, 'CANCELED', '2020-01-19 05:00:00', 10);
INSERT INTO lessons (id, user_id, status, created_at, hours) VALUES (222, 147, 'SCHEDULED', '2020-01-22 05:00:00', 2);
INSERT INTO users (id, name, date_joined, country_code) VALUES (148, 'xavi robbins womack', '2020-01-16 09:00:00', 'FR');
INSERT INTO lessons (id, user_id, status, created_at, hours) VALUES (223, 148, 'CANCELED', '2020-01-18 09:00:00', 3);
INSERT INTO users (id, name, date_joined, country_code) VALUES (149, 'xavi robbins connery', '2020-01-16 10:00:00', 'UK');
INSERT INTO payments (id, user_id, payment_amount, created_at) VALUES (67, 149, 91.74839299850561, '2020-01-20 10:00:00');
INSERT INTO payments (id, user_id, payment_amount, created_at) VALUES (68, 149, 22.355999216193744, '2020-01-21 10:00:00');
INSERT INTO lessons (id, user_id, status, created_at, hours) VALUES (224, 149, 'CONFIRMED', '2020-01-17 10:00:00', 7);
INSERT INTO lessons (id, user_id, status, created_at, hours) VALUES (225, 149, 'CANCELED', '2020-01-18 10:00:00', 6);
INSERT INTO users (id, name, date_joined, country_code) VALUES (150, 'xavi robbins bond', '2020-01-16 10:00:00', 'FR');
INSERT INTO users (id, name, date_joined, country_code) VALUES (151, 'xavi williams mason', '2020-01-16 15:00:00', 'DK');
INSERT INTO lessons (id, user_id, status, created_at, hours) VALUES (226, 151, 'CONFIRMED', '2020-01-17 15:00:00', 3);
INSERT INTO users (id, name, date_joined, country_code) VALUES (152, 'xavi williams brown', '2020-01-16 17:00:00', 'FR');
INSERT INTO users (id, name, date_joined, country_code) VALUES (153, 'xavi williams mcfly', '2020-01-16 19:00:00', 'DK');
INSERT INTO users (id, name, date_joined, country_code) VALUES (154, 'xavi williams dufrain', '2020-01-16 19:00:00', 'FR');
INSERT INTO lessons (id, user_id, status, created_at, hours) VALUES (227, 154, 'CONFIRMED', '2020-01-19 19:00:00', 2);
INSERT INTO lessons (id, user_id, status, created_at, hours) VALUES (228, 154, 'SCHEDULED', '2020-01-20 19:00:00', 2);
INSERT INTO users (id, name, date_joined, country_code) VALUES (155, 'xavi williams robbins', '2020-01-16 20:00:00', 'DE');
INSERT INTO lessons (id, user_id, status, created_at, hours) VALUES (229, 155, 'CONFIRMED', '2020-01-18 20:00:00', 3);
INSERT INTO users (id, name, date_joined, country_code) VALUES (156, 'xavi williams williams', '2020-01-17 01:00:00', 'ES');
INSERT INTO payments (id, user_id, payment_amount, created_at) VALUES (69, 156, 22.86545761129065, '2020-01-19 01:00:00');
INSERT INTO lessons (id, user_id, status, created_at, hours) VALUES (230, 156, 'CONFIRMED', '2020-01-18 01:00:00', 1);
INSERT INTO users (id, name, date_joined, country_code) VALUES (157, 'xavi williams goodsped', '2020-01-17 05:00:00', 'DK');
INSERT INTO payments (id, user_id, payment_amount, created_at) VALUES (70, 157, 25.582794014682698, '2020-01-18 05:00:00');
INSERT INTO lessons (id, user_id, status, created_at, hours) VALUES (231, 157, 'CONFIRMED', '2020-01-20 05:00:00', 3);
INSERT INTO lessons (id, user_id, status, created_at, hours) VALUES (232, 157, 'CONFIRMED', '2020-01-21 05:00:00', 3);
INSERT INTO lessons (id, user_id, status, created_at, hours) VALUES (233, 157, 'CONFIRMED', '2020-01-25 05:00:00', 10);
INSERT INTO users (id, name, date_joined, country_code) VALUES (158, 'xavi williams womack', '2020-01-17 10:00:00', 'FR');
INSERT INTO payments (id, user_id, payment_amount, created_at) VALUES (71, 158, 79.50510469512847, '2020-01-20 10:00:00');
INSERT INTO payments (id, user_id, payment_amount, created_at) VALUES (72, 158, 3.311378979056223, '2020-01-24 10:00:00');
INSERT INTO users (id, name, date_joined, country_code) VALUES (159, 'xavi williams connery', '2020-01-17 15:00:00', 'FR');
INSERT INTO lessons (id, user_id, status, created_at, hours) VALUES (234, 159, 'CONFIRMED', '2020-01-19 15:00:00', 10);
INSERT INTO lessons (id, user_id, status, created_at, hours) VALUES (235, 159, 'CONFIRMED', '2020-01-23 15:00:00', 4);
INSERT INTO users (id, name, date_joined, country_code) VALUES (160, 'xavi williams bond', '2020-01-17 19:00:00', 'DE');
INSERT INTO users (id, name, date_joined, country_code) VALUES (161, 'xavi goodsped mason', '2020-01-17 21:00:00', 'ES');
INSERT INTO users (id, name, date_joined, country_code) VALUES (162, 'xavi goodsped brown', '2020-01-17 22:00:00', 'FR');
INSERT INTO lessons (id, user_id, status, created_at, hours) VALUES (236, 162, 'CANCELED', '2020-01-18 22:00:00', 7);
INSERT INTO lessons (id, user_id, status, created_at, hours) VALUES (237, 162, 'CANCELED', '2020-01-21 22:00:00', 2);
INSERT INTO users (id, name, date_joined, country_code) VALUES (163, 'xavi goodsped mcfly', '2020-01-18 01:00:00', 'FR');
INSERT INTO lessons (id, user_id, status, created_at, hours) VALUES (238, 163, 'CONFIRMED', '2020-01-19 01:00:00', 8);
INSERT INTO users (id, name, date_joined, country_code) VALUES (164, 'xavi goodsped dufrain', '2020-01-18 05:00:00', 'DE');
INSERT INTO payments (id, user_id, payment_amount, created_at) VALUES (73, 164, 88.76909066894959, '2020-01-19 05:00:00');
INSERT INTO payments (id, user_id, payment_amount, created_at) VALUES (74, 164, 19.965057128217158, '2020-01-24 05:00:00');
INSERT INTO lessons (id, user_id, status, created_at, hours) VALUES (239, 164, 'CANCELED', '2020-01-22 05:00:00', 1);
INSERT INTO users (id, name, date_joined, country_code) VALUES (165, 'xavi goodsped robbins', '2020-01-18 05:00:00', 'ES');
INSERT INTO lessons (id, user_id, status, created_at, hours) VALUES (240, 165, 'CANCELED', '2020-01-21 05:00:00', 3);
INSERT INTO lessons (id, user_id, status, created_at, hours) VALUES (241, 165, 'CONFIRMED', '2020-01-24 05:00:00', 7);
INSERT INTO users (id, name, date_joined, country_code) VALUES (166, 'xavi goodsped williams', '2020-01-18 07:00:00', 'DE');
INSERT INTO payments (id, user_id, payment_amount, created_at) VALUES (75, 166, 90.6529020356586, '2020-01-22 07:00:00');
INSERT INTO payments (id, user_id, payment_amount, created_at) VALUES (76, 166, 80.93567121068274, '2020-01-27 07:00:00');
INSERT INTO lessons (id, user_id, status, created_at, hours) VALUES (242, 166, 'SCHEDULED', '2020-01-22 07:00:00', 2);
INSERT INTO lessons (id, user_id, status, created_at, hours) VALUES (243, 166, 'SCHEDULED', '2020-01-24 07:00:00', 7);
INSERT INTO users (id, name, date_joined, country_code) VALUES (167, 'xavi goodsped goodsped', '2020-01-18 07:00:00', 'DE');
INSERT INTO lessons (id, user_id, status, created_at, hours) VALUES (244, 167, 'CONFIRMED', '2020-01-21 07:00:00', 1);
INSERT INTO users (id, name, date_joined, country_code) VALUES (168, 'xavi goodsped womack', '2020-01-18 09:00:00', 'FR');
INSERT INTO payments (id, user_id, payment_amount, created_at) VALUES (77, 168, 42.04965080291002, '2020-01-20 09:00:00');
INSERT INTO payments (id, user_id, payment_amount, created_at) VALUES (78, 168, 6.630684365923467, '2020-01-21 09:00:00');
INSERT INTO users (id, name, date_joined, country_code) VALUES (169, 'xavi goodsped connery', '2020-01-18 12:00:00', 'FR');
INSERT INTO lessons (id, user_id, status, created_at, hours) VALUES (245, 169, 'CANCELED', '2020-01-19 12:00:00', 1);
INSERT INTO users (id, name, date_joined, country_code) VALUES (170, 'xavi goodsped bond', '2020-01-18 12:00:00', 'FR');
INSERT INTO lessons (id, user_id, status, created_at, hours) VALUES (246, 170, 'CANCELED', '2020-01-20 12:00:00', 2);
INSERT INTO lessons (id, user_id, status, created_at, hours) VALUES (247, 170, 'CONFIRMED', '2020-01-23 12:00:00', 1);
INSERT INTO users (id, name, date_joined, country_code) VALUES (171, 'xavi womack mason', '2020-01-18 12:00:00', 'FR');
INSERT INTO payments (id, user_id, payment_amount, created_at) VALUES (79, 171, 98.91215444094139, '2020-01-23 12:00:00');
INSERT INTO payments (id, user_id, payment_amount, created_at) VALUES (80, 171, 98.64986154371273, '2020-01-24 12:00:00');
INSERT INTO users (id, name, date_joined, country_code) VALUES (172, 'xavi womack brown', '2020-01-18 16:00:00', 'FR');
INSERT INTO users (id, name, date_joined, country_code) VALUES (173, 'xavi womack mcfly', '2020-01-18 17:00:00', 'ES');
INSERT INTO payments (id, user_id, payment_amount, created_at) VALUES (81, 173, 91.85958103019233, '2020-01-23 17:00:00');
INSERT INTO lessons (id, user_id, status, created_at, hours) VALUES (248, 173, 'CANCELED', '2020-01-22 17:00:00', 4);
INSERT INTO users (id, name, date_joined, country_code) VALUES (174, 'xavi womack dufrain', '2020-01-18 21:00:00', 'FR');
INSERT INTO users (id, name, date_joined, country_code) VALUES (175, 'xavi womack robbins', '2020-01-18 22:00:00', 'DK');
INSERT INTO payments (id, user_id, payment_amount, created_at) VALUES (82, 175, 67.62762395947726, '2020-01-21 22:00:00');
INSERT INTO payments (id, user_id, payment_amount, created_at) VALUES (83, 175, 20.634307271251796, '2020-01-25 22:00:00');
INSERT INTO lessons (id, user_id, status, created_at, hours) VALUES (249, 175, 'CANCELED', '2020-01-21 22:00:00', 9);
INSERT INTO lessons (id, user_id, status, created_at, hours) VALUES (250, 175, 'CONFIRMED', '2020-01-23 22:00:00', 3);
INSERT INTO users (id, name, date_joined, country_code) VALUES (176, 'xavi womack williams', '2020-01-18 22:00:00', 'FR');
INSERT INTO payments (id, user_id, payment_amount, created_at) VALUES (84, 176, 47.08659829768864, '2020-01-23 22:00:00');
INSERT INTO payments (id, user_id, payment_amount, created_at) VALUES (85, 176, 52.180290884289626, '2020-01-24 22:00:00');
INSERT INTO users (id, name, date_joined, country_code) VALUES (177, 'xavi womack goodsped', '2020-01-19 01:00:00', 'FR');
INSERT INTO lessons (id, user_id, status, created_at, hours) VALUES (251, 177, 'CONFIRMED', '2020-01-23 01:00:00', 6);
INSERT INTO lessons (id, user_id, status, created_at, hours) VALUES (252, 177, 'SCHEDULED', '2020-01-27 01:00:00', 7);
INSERT INTO users (id, name, date_joined, country_code) VALUES (178, 'xavi womack womack', '2020-01-19 01:00:00', 'DE');
INSERT INTO lessons (id, user_id, status, created_at, hours) VALUES (253, 178, 'CANCELED', '2020-01-21 01:00:00', 3);
INSERT INTO lessons (id, user_id, status, created_at, hours) VALUES (254, 178, 'CONFIRMED', '2020-01-25 01:00:00', 4);
INSERT INTO lessons (id, user_id, status, created_at, hours) VALUES (255, 178, 'CANCELED', '2020-01-28 01:00:00', 8);
INSERT INTO users (id, name, date_joined, country_code) VALUES (179, 'xavi womack connery', '2020-01-19 03:00:00', 'ES');
INSERT INTO lessons (id, user_id, status, created_at, hours) VALUES (256, 179, 'SCHEDULED', '2020-01-21 03:00:00', 6);
INSERT INTO users (id, name, date_joined, country_code) VALUES (180, 'xavi womack bond', '2020-01-19 04:00:00', 'DE');
INSERT INTO lessons (id, user_id, status, created_at, hours) VALUES (257, 180, 'CANCELED', '2020-01-23 04:00:00', 5);
INSERT INTO users (id, name, date_joined, country_code) VALUES (181, 'xavi connery mason', '2020-01-19 09:00:00', 'DE');
INSERT INTO payments (id, user_id, payment_amount, created_at) VALUES (86, 181, 88.49829209091028, '2020-01-24 09:00:00');
INSERT INTO lessons (id, user_id, status, created_at, hours) VALUES (258, 181, 'CANCELED', '2020-01-22 09:00:00', 1);
INSERT INTO lessons (id, user_id, status, created_at, hours) VALUES (259, 181, 'CONFIRMED', '2020-01-25 09:00:00', 3);
INSERT INTO users (id, name, date_joined, country_code) VALUES (182, 'xavi connery brown', '2020-01-19 10:00:00', 'DE');
INSERT INTO lessons (id, user_id, status, created_at, hours) VALUES (260, 182, 'CANCELED', '2020-01-20 10:00:00', 4);
INSERT INTO users (id, name, date_joined, country_code) VALUES (183, 'xavi connery mcfly', '2020-01-19 11:00:00', 'UK');
INSERT INTO lessons (id, user_id, status, created_at, hours) VALUES (261, 183, 'SCHEDULED', '2020-01-23 11:00:00', 1);
INSERT INTO users (id, name, date_joined, country_code) VALUES (184, 'xavi connery dufrain', '2020-01-19 11:00:00', 'FR');
INSERT INTO lessons (id, user_id, status, created_at, hours) VALUES (262, 184, 'SCHEDULED', '2020-01-23 11:00:00', 6);
INSERT INTO users (id, name, date_joined, country_code) VALUES (185, 'xavi connery robbins', '2020-01-19 11:00:00', 'DE');
INSERT INTO lessons (id, user_id, status, created_at, hours) VALUES (263, 185, 'SCHEDULED', '2020-01-21 11:00:00', 2);
INSERT INTO users (id, name, date_joined, country_code) VALUES (186, 'xavi connery williams', '2020-01-19 12:00:00', 'UK');
INSERT INTO lessons (id, user_id, status, created_at, hours) VALUES (264, 186, 'CONFIRMED', '2020-01-22 12:00:00', 9);
INSERT INTO lessons (id, user_id, status, created_at, hours) VALUES (265, 186, 'CANCELED', '2020-01-23 12:00:00', 4);
INSERT INTO users (id, name, date_joined, country_code) VALUES (187, 'xavi connery goodsped', '2020-01-19 17:00:00', 'FR');
INSERT INTO lessons (id, user_id, status, created_at, hours) VALUES (266, 187, 'CONFIRMED', '2020-01-20 17:00:00', 9);
INSERT INTO lessons (id, user_id, status, created_at, hours) VALUES (267, 187, 'CONFIRMED', '2020-01-22 17:00:00', 5);
INSERT INTO users (id, name, date_joined, country_code) VALUES (188, 'xavi connery womack', '2020-01-19 18:00:00', 'FR');
INSERT INTO users (id, name, date_joined, country_code) VALUES (189, 'xavi connery connery', '2020-01-19 20:00:00', 'ES');
INSERT INTO lessons (id, user_id, status, created_at, hours) VALUES (268, 189, 'CANCELED', '2020-01-20 20:00:00', 9);
INSERT INTO lessons (id, user_id, status, created_at, hours) VALUES (269, 189, 'CONFIRMED', '2020-01-23 20:00:00', 9);
INSERT INTO lessons (id, user_id, status, created_at, hours) VALUES (270, 189, 'CONFIRMED', '2020-01-24 20:00:00', 7);
INSERT INTO users (id, name, date_joined, country_code) VALUES (190, 'xavi connery bond', '2020-01-19 21:00:00', 'DK');
INSERT INTO lessons (id, user_id, status, created_at, hours) VALUES (271, 190, 'CANCELED', '2020-01-20 21:00:00', 8);
INSERT INTO users (id, name, date_joined, country_code) VALUES (191, 'xavi bond mason', '2020-01-20 02:00:00', 'DK');
INSERT INTO lessons (id, user_id, status, created_at, hours) VALUES (272, 191, 'SCHEDULED', '2020-01-22 02:00:00', 1);
INSERT INTO users (id, name, date_joined, country_code) VALUES (192, 'xavi bond brown', '2020-01-20 07:00:00', 'DK');
INSERT INTO lessons (id, user_id, status, created_at, hours) VALUES (273, 192, 'CONFIRMED', '2020-01-22 07:00:00', 3);
INSERT INTO lessons (id, user_id, status, created_at, hours) VALUES (274, 192, 'SCHEDULED', '2020-01-26 07:00:00', 9);
INSERT INTO users (id, name, date_joined, country_code) VALUES (193, 'xavi bond mcfly', '2020-01-20 09:00:00', 'DE');
INSERT INTO payments (id, user_id, payment_amount, created_at) VALUES (87, 193, 87.72885164986782, '2020-01-24 09:00:00');
INSERT INTO lessons (id, user_id, status, created_at, hours) VALUES (275, 193, 'CANCELED', '2020-01-22 09:00:00', 5);
INSERT INTO users (id, name, date_joined, country_code) VALUES (194, 'xavi bond dufrain', '2020-01-20 10:00:00', 'UK');
INSERT INTO lessons (id, user_id, status, created_at, hours) VALUES (276, 194, 'SCHEDULED', '2020-01-22 10:00:00', 2);
INSERT INTO lessons (id, user_id, status, created_at, hours) VALUES (277, 194, 'SCHEDULED', '2020-01-23 10:00:00', 2);
INSERT INTO users (id, name, date_joined, country_code) VALUES (195, 'xavi bond robbins', '2020-01-20 14:00:00', 'DK');
INSERT INTO lessons (id, user_id, status, created_at, hours) VALUES (278, 195, 'SCHEDULED', '2020-01-23 14:00:00', 9);
INSERT INTO users (id, name, date_joined, country_code) VALUES (196, 'xavi bond williams', '2020-01-20 17:00:00', 'DE');
INSERT INTO payments (id, user_id, payment_amount, created_at) VALUES (88, 196, 9.843627143926303, '2020-01-24 17:00:00');
INSERT INTO lessons (id, user_id, status, created_at, hours) VALUES (279, 196, 'CANCELED', '2020-01-23 17:00:00', 6);
INSERT INTO lessons (id, user_id, status, created_at, hours) VALUES (280, 196, 'SCHEDULED', '2020-01-25 17:00:00', 5);
INSERT INTO users (id, name, date_joined, country_code) VALUES (197, 'xavi bond goodsped', '2020-01-20 21:00:00', 'UK');
INSERT INTO payments (id, user_id, payment_amount, created_at) VALUES (89, 197, 31.468192857904974, '2020-01-22 21:00:00');
INSERT INTO lessons (id, user_id, status, created_at, hours) VALUES (281, 197, 'CONFIRMED', '2020-01-21 21:00:00', 10);
INSERT INTO users (id, name, date_joined, country_code) VALUES (198, 'xavi bond womack', '2020-01-21 02:00:00', 'DE');
INSERT INTO payments (id, user_id, payment_amount, created_at) VALUES (90, 198, 34.28705168016325, '2020-01-22 02:00:00');
INSERT INTO lessons (id, user_id, status, created_at, hours) VALUES (282, 198, 'CONFIRMED', '2020-01-23 02:00:00', 2);
INSERT INTO users (id, name, date_joined, country_code) VALUES (199, 'xavi bond connery', '2020-01-21 07:00:00', 'ES');
INSERT INTO lessons (id, user_id, status, created_at, hours) VALUES (283, 199, 'CONFIRMED', '2020-01-23 07:00:00', 2);
INSERT INTO lessons (id, user_id, status, created_at, hours) VALUES (284, 199, 'SCHEDULED', '2020-01-27 07:00:00', 8);
INSERT INTO lessons (id, user_id, status, created_at, hours) VALUES (285, 199, 'SCHEDULED', '2020-01-31 07:00:00', 9);
INSERT INTO users (id, name, date_joined, country_code) VALUES (200, 'xavi bond bond', '2020-01-21 12:00:00', 'DK');
INSERT INTO lessons (id, user_id, status, created_at, hours) VALUES (286, 200, 'CONFIRMED', '2020-01-24 12:00:00', 3);
INSERT INTO lessons (id, user_id, status, created_at, hours) VALUES (287, 200, 'CANCELED', '2020-01-28 12:00:00', 5);
INSERT INTO users (id, name, date_joined, country_code) VALUES (201, 'sally mason mason', '2020-01-21 12:00:00', 'UK');
INSERT INTO lessons (id, user_id, status, created_at, hours) VALUES (288, 201, 'SCHEDULED', '2020-01-22 12:00:00', 10);
INSERT INTO lessons (id, user_id, status, created_at, hours) VALUES (289, 201, 'CANCELED', '2020-01-23 12:00:00', 5);
INSERT INTO users (id, name, date_joined, country_code) VALUES (202, 'sally mason brown', '2020-01-21 14:00:00', 'ES');
INSERT INTO lessons (id, user_id, status, created_at, hours) VALUES (290, 202, 'CANCELED', '2020-01-23 14:00:00', 8);
INSERT INTO users (id, name, date_joined, country_code) VALUES (203, 'sally mason mcfly', '2020-01-21 14:00:00', 'ES');
INSERT INTO lessons (id, user_id, status, created_at, hours) VALUES (291, 203, 'CANCELED', '2020-01-23 14:00:00', 3);
INSERT INTO lessons (id, user_id, status, created_at, hours) VALUES (292, 203, 'CANCELED', '2020-01-26 14:00:00', 6);
INSERT INTO users (id, name, date_joined, country_code) VALUES (204, 'sally mason dufrain', '2020-01-21 19:00:00', 'DK');
INSERT INTO payments (id, user_id, payment_amount, created_at) VALUES (91, 204, 15.940154120142203, '2020-01-22 19:00:00');
INSERT INTO lessons (id, user_id, status, created_at, hours) VALUES (293, 204, 'SCHEDULED', '2020-01-24 19:00:00', 6);
INSERT INTO lessons (id, user_id, status, created_at, hours) VALUES (294, 204, 'CONFIRMED', '2020-01-27 19:00:00', 3);
INSERT INTO lessons (id, user_id, status, created_at, hours) VALUES (295, 204, 'SCHEDULED', '2020-01-30 19:00:00', 2);
INSERT INTO users (id, name, date_joined, country_code) VALUES (205, 'sally mason robbins', '2020-01-22 00:00:00', 'FR');
INSERT INTO lessons (id, user_id, status, created_at, hours) VALUES (296, 205, 'CONFIRMED', '2020-01-25 00:00:00', 1);
INSERT INTO users (id, name, date_joined, country_code) VALUES (206, 'sally mason williams', '2020-01-22 05:00:00', 'ES');
INSERT INTO lessons (id, user_id, status, created_at, hours) VALUES (297, 206, 'CANCELED', '2020-01-26 05:00:00', 4);
INSERT INTO lessons (id, user_id, status, created_at, hours) VALUES (298, 206, 'SCHEDULED', '2020-01-28 05:00:00', 9);
INSERT INTO users (id, name, date_joined, country_code) VALUES (207, 'sally mason goodsped', '2020-01-22 08:00:00', 'DK');
INSERT INTO payments (id, user_id, payment_amount, created_at) VALUES (92, 207, 50.95379001990368, '2020-01-24 08:00:00');
INSERT INTO lessons (id, user_id, status, created_at, hours) VALUES (299, 207, 'SCHEDULED', '2020-01-25 08:00:00', 10);
INSERT INTO users (id, name, date_joined, country_code) VALUES (208, 'sally mason womack', '2020-01-22 13:00:00', 'UK');
INSERT INTO users (id, name, date_joined, country_code) VALUES (209, 'sally mason connery', '2020-01-22 16:00:00', 'UK');
INSERT INTO lessons (id, user_id, status, created_at, hours) VALUES (300, 209, 'SCHEDULED', '2020-01-23 16:00:00', 10);
INSERT INTO lessons (id, user_id, status, created_at, hours) VALUES (301, 209, 'CANCELED', '2020-01-25 16:00:00', 10);
INSERT INTO users (id, name, date_joined, country_code) VALUES (210, 'sally mason bond', '2020-01-22 21:00:00', 'FR');
INSERT INTO lessons (id, user_id, status, created_at, hours) VALUES (302, 210, 'CANCELED', '2020-01-24 21:00:00', 6);
INSERT INTO lessons (id, user_id, status, created_at, hours) VALUES (303, 210, 'CANCELED', '2020-01-25 21:00:00', 6);
INSERT INTO users (id, name, date_joined, country_code) VALUES (211, 'sally brown mason', '2020-01-23 01:00:00', 'DE');
INSERT INTO payments (id, user_id, payment_amount, created_at) VALUES (93, 211, 1.7523105200030198, '2020-01-25 01:00:00');
INSERT INTO lessons (id, user_id, status, created_at, hours) VALUES (304, 211, 'CANCELED', '2020-01-27 01:00:00', 6);
INSERT INTO lessons (id, user_id, status, created_at, hours) VALUES (305, 211, 'CONFIRMED', '2020-01-30 01:00:00', 3);
INSERT INTO users (id, name, date_joined, country_code) VALUES (212, 'sally brown brown', '2020-01-23 06:00:00', 'ES');
INSERT INTO lessons (id, user_id, status, created_at, hours) VALUES (306, 212, 'SCHEDULED', '2020-01-25 06:00:00', 5);
INSERT INTO lessons (id, user_id, status, created_at, hours) VALUES (307, 212, 'CONFIRMED', '2020-01-28 06:00:00', 2);
INSERT INTO users (id, name, date_joined, country_code) VALUES (213, 'sally brown mcfly', '2020-01-23 07:00:00', 'UK');
INSERT INTO lessons (id, user_id, status, created_at, hours) VALUES (308, 213, 'SCHEDULED', '2020-01-25 07:00:00', 1);
INSERT INTO lessons (id, user_id, status, created_at, hours) VALUES (309, 213, 'CONFIRMED', '2020-01-27 07:00:00', 5);
INSERT INTO lessons (id, user_id, status, created_at, hours) VALUES (310, 213, 'SCHEDULED', '2020-01-29 07:00:00', 5);
INSERT INTO users (id, name, date_joined, country_code) VALUES (214, 'sally brown dufrain', '2020-01-23 12:00:00', 'FR');
INSERT INTO payments (id, user_id, payment_amount, created_at) VALUES (94, 214, 11.210894638522827, '2020-01-26 12:00:00');
INSERT INTO payments (id, user_id, payment_amount, created_at) VALUES (95, 214, 92.70860259172956, '2020-01-31 12:00:00');
INSERT INTO users (id, name, date_joined, country_code) VALUES (215, 'sally brown robbins', '2020-01-23 15:00:00', 'FR');
INSERT INTO payments (id, user_id, payment_amount, created_at) VALUES (96, 215, 70.92141748501164, '2020-01-24 15:00:00');
INSERT INTO lessons (id, user_id, status, created_at, hours) VALUES (311, 215, 'SCHEDULED', '2020-01-27 15:00:00', 1);
INSERT INTO users (id, name, date_joined, country_code) VALUES (216, 'sally brown williams', '2020-01-23 17:00:00', 'FR');
INSERT INTO lessons (id, user_id, status, created_at, hours) VALUES (312, 216, 'SCHEDULED', '2020-01-25 17:00:00', 9);
INSERT INTO users (id, name, date_joined, country_code) VALUES (217, 'sally brown goodsped', '2020-01-23 21:00:00', 'DK');
INSERT INTO lessons (id, user_id, status, created_at, hours) VALUES (313, 217, 'CONFIRMED', '2020-01-25 21:00:00', 6);
INSERT INTO lessons (id, user_id, status, created_at, hours) VALUES (314, 217, 'CANCELED', '2020-01-28 21:00:00', 8);
INSERT INTO users (id, name, date_joined, country_code) VALUES (218, 'sally brown womack', '2020-01-23 22:00:00', 'DK');
INSERT INTO payments (id, user_id, payment_amount, created_at) VALUES (97, 218, 96.82449784605284, '2020-01-27 22:00:00');
INSERT INTO lessons (id, user_id, status, created_at, hours) VALUES (315, 218, 'CANCELED', '2020-01-26 22:00:00', 4);
INSERT INTO lessons (id, user_id, status, created_at, hours) VALUES (316, 218, 'SCHEDULED', '2020-01-27 22:00:00', 5);
INSERT INTO users (id, name, date_joined, country_code) VALUES (219, 'sally brown connery', '2020-01-23 23:00:00', 'DK');
INSERT INTO users (id, name, date_joined, country_code) VALUES (220, 'sally brown bond', '2020-01-24 02:00:00', 'DK');
INSERT INTO payments (id, user_id, payment_amount, created_at) VALUES (98, 220, 57.91956808434008, '2020-01-26 02:00:00');
INSERT INTO payments (id, user_id, payment_amount, created_at) VALUES (99, 220, 93.24861986829698, '2020-01-31 02:00:00');
INSERT INTO lessons (id, user_id, status, created_at, hours) VALUES (317, 220, 'CONFIRMED', '2020-01-27 02:00:00', 1);
INSERT INTO users (id, name, date_joined, country_code) VALUES (221, 'sally mcfly mason', '2020-01-24 06:00:00', 'UK');
INSERT INTO lessons (id, user_id, status, created_at, hours) VALUES (318, 221, 'CANCELED', '2020-01-28 06:00:00', 1);
INSERT INTO lessons (id, user_id, status, created_at, hours) VALUES (319, 221, 'CANCELED', '2020-02-01 06:00:00', 9);
INSERT INTO users (id, name, date_joined, country_code) VALUES (222, 'sally mcfly brown', '2020-01-24 09:00:00', 'DE');
INSERT INTO users (id, name, date_joined, country_code) VALUES (223, 'sally mcfly mcfly', '2020-01-24 10:00:00', 'ES');
INSERT INTO lessons (id, user_id, status, created_at, hours) VALUES (320, 223, 'CANCELED', '2020-01-25 10:00:00', 10);
INSERT INTO lessons (id, user_id, status, created_at, hours) VALUES (321, 223, 'SCHEDULED', '2020-01-28 10:00:00', 7);
INSERT INTO users (id, name, date_joined, country_code) VALUES (224, 'sally mcfly dufrain', '2020-01-24 12:00:00', 'UK');
INSERT INTO lessons (id, user_id, status, created_at, hours) VALUES (322, 224, 'CONFIRMED', '2020-01-27 12:00:00', 1);
INSERT INTO lessons (id, user_id, status, created_at, hours) VALUES (323, 224, 'CONFIRMED', '2020-01-31 12:00:00', 9);
INSERT INTO users (id, name, date_joined, country_code) VALUES (225, 'sally mcfly robbins', '2020-01-24 17:00:00', 'DE');
INSERT INTO lessons (id, user_id, status, created_at, hours) VALUES (324, 225, 'CONFIRMED', '2020-01-28 17:00:00', 6);
INSERT INTO lessons (id, user_id, status, created_at, hours) VALUES (325, 225, 'CONFIRMED', '2020-01-29 17:00:00', 5);
INSERT INTO users (id, name, date_joined, country_code) VALUES (226, 'sally mcfly williams', '2020-01-24 17:00:00', 'DE');
INSERT INTO users (id, name, date_joined, country_code) VALUES (227, 'sally mcfly goodsped', '2020-01-24 20:00:00', 'DE');
INSERT INTO lessons (id, user_id, status, created_at, hours) VALUES (326, 227, 'CANCELED', '2020-01-28 20:00:00', 4);
INSERT INTO lessons (id, user_id, status, created_at, hours) VALUES (327, 227, 'SCHEDULED', '2020-01-31 20:00:00', 1);
INSERT INTO lessons (id, user_id, status, created_at, hours) VALUES (328, 227, 'CONFIRMED', '2020-02-04 20:00:00', 9);
INSERT INTO users (id, name, date_joined, country_code) VALUES (228, 'sally mcfly womack', '2020-01-24 21:00:00', 'ES');
INSERT INTO lessons (id, user_id, status, created_at, hours) VALUES (329, 228, 'CANCELED', '2020-01-28 21:00:00', 8);
INSERT INTO users (id, name, date_joined, country_code) VALUES (229, 'sally mcfly connery', '2020-01-25 02:00:00', 'UK');
INSERT INTO lessons (id, user_id, status, created_at, hours) VALUES (330, 229, 'CANCELED', '2020-01-27 02:00:00', 6);
INSERT INTO users (id, name, date_joined, country_code) VALUES (230, 'sally mcfly bond', '2020-01-25 06:00:00', 'FR');
INSERT INTO lessons (id, user_id, status, created_at, hours) VALUES (331, 230, 'SCHEDULED', '2020-01-26 06:00:00', 4);
INSERT INTO lessons (id, user_id, status, created_at, hours) VALUES (332, 230, 'SCHEDULED', '2020-01-30 06:00:00', 1);
INSERT INTO lessons (id, user_id, status, created_at, hours) VALUES (333, 230, 'CANCELED', '2020-02-02 06:00:00', 9);
INSERT INTO users (id, name, date_joined, country_code) VALUES (231, 'sally dufrain mason', '2020-01-25 08:00:00', 'FR');
INSERT INTO lessons (id, user_id, status, created_at, hours) VALUES (334, 231, 'CONFIRMED', '2020-01-28 08:00:00', 4);
INSERT INTO lessons (id, user_id, status, created_at, hours) VALUES (335, 231, 'CANCELED', '2020-01-31 08:00:00', 5);
INSERT INTO users (id, name, date_joined, country_code) VALUES (232, 'sally dufrain brown', '2020-01-25 12:00:00', 'UK');
INSERT INTO users (id, name, date_joined, country_code) VALUES (233, 'sally dufrain mcfly', '2020-01-25 14:00:00', 'FR');
INSERT INTO lessons (id, user_id, status, created_at, hours) VALUES (336, 233, 'CONFIRMED', '2020-01-28 14:00:00', 7);
INSERT INTO users (id, name, date_joined, country_code) VALUES (234, 'sally dufrain dufrain', '2020-01-25 16:00:00', 'DK');
INSERT INTO lessons (id, user_id, status, created_at, hours) VALUES (337, 234, 'CANCELED', '2020-01-27 16:00:00', 9);
INSERT INTO users (id, name, date_joined, country_code) VALUES (235, 'sally dufrain robbins', '2020-01-25 21:00:00', 'ES');
INSERT INTO payments (id, user_id, payment_amount, created_at) VALUES (100, 235, 40.58901649020885, '2020-01-27 21:00:00');
INSERT INTO lessons (id, user_id, status, created_at, hours) VALUES (338, 235, 'CONFIRMED', '2020-01-27 21:00:00', 5);
INSERT INTO users (id, name, date_joined, country_code) VALUES (236, 'sally dufrain williams', '2020-01-26 02:00:00', 'DE');
INSERT INTO lessons (id, user_id, status, created_at, hours) VALUES (339, 236, 'SCHEDULED', '2020-01-29 02:00:00', 4);
INSERT INTO lessons (id, user_id, status, created_at, hours) VALUES (340, 236, 'SCHEDULED', '2020-01-30 02:00:00', 6);
INSERT INTO users (id, name, date_joined, country_code) VALUES (237, 'sally dufrain goodsped', '2020-01-26 07:00:00', 'UK');
INSERT INTO payments (id, user_id, payment_amount, created_at) VALUES (101, 237, 35.498385910983465, '2020-01-27 07:00:00');
INSERT INTO payments (id, user_id, payment_amount, created_at) VALUES (102, 237, 63.111301794123435, '2020-01-28 07:00:00');
INSERT INTO lessons (id, user_id, status, created_at, hours) VALUES (341, 237, 'SCHEDULED', '2020-01-29 07:00:00', 3);
INSERT INTO lessons (id, user_id, status, created_at, hours) VALUES (342, 237, 'SCHEDULED', '2020-02-02 07:00:00', 8);
INSERT INTO users (id, name, date_joined, country_code) VALUES (238, 'sally dufrain womack', '2020-01-26 11:00:00', 'UK');
INSERT INTO lessons (id, user_id, status, created_at, hours) VALUES (343, 238, 'CONFIRMED', '2020-01-30 11:00:00', 6);
INSERT INTO lessons (id, user_id, status, created_at, hours) VALUES (344, 238, 'CONFIRMED', '2020-02-03 11:00:00', 7);
INSERT INTO users (id, name, date_joined, country_code) VALUES (239, 'sally dufrain connery', '2020-01-26 15:00:00', 'UK');
INSERT INTO payments (id, user_id, payment_amount, created_at) VALUES (103, 239, 28.787239678958265, '2020-01-30 15:00:00');
INSERT INTO payments (id, user_id, payment_amount, created_at) VALUES (104, 239, 28.88409697506127, '2020-02-01 15:00:00');
INSERT INTO lessons (id, user_id, status, created_at, hours) VALUES (345, 239, 'SCHEDULED', '2020-01-27 15:00:00', 2);
INSERT INTO lessons (id, user_id, status, created_at, hours) VALUES (346, 239, 'CONFIRMED', '2020-01-30 15:00:00', 5);
INSERT INTO users (id, name, date_joined, country_code) VALUES (240, 'sally dufrain bond', '2020-01-26 17:00:00', 'DE');
INSERT INTO lessons (id, user_id, status, created_at, hours) VALUES (347, 240, 'CONFIRMED', '2020-01-27 17:00:00', 9);
INSERT INTO lessons (id, user_id, status, created_at, hours) VALUES (348, 240, 'CONFIRMED', '2020-01-28 17:00:00', 2);
INSERT INTO lessons (id, user_id, status, created_at, hours) VALUES (349, 240, 'CANCELED', '2020-02-01 17:00:00', 4);
INSERT INTO users (id, name, date_joined, country_code) VALUES (241, 'sally robbins mason', '2020-01-26 22:00:00', 'FR');
INSERT INTO lessons (id, user_id, status, created_at, hours) VALUES (350, 241, 'CANCELED', '2020-01-27 22:00:00', 8);
INSERT INTO users (id, name, date_joined, country_code) VALUES (242, 'sally robbins brown', '2020-01-27 00:00:00', 'UK');
INSERT INTO lessons (id, user_id, status, created_at, hours) VALUES (351, 242, 'SCHEDULED', '2020-01-28 00:00:00', 9);
INSERT INTO users (id, name, date_joined, country_code) VALUES (243, 'sally robbins mcfly', '2020-01-27 03:00:00', 'DE');
INSERT INTO lessons (id, user_id, status, created_at, hours) VALUES (352, 243, 'CONFIRMED', '2020-01-28 03:00:00', 8);
INSERT INTO lessons (id, user_id, status, created_at, hours) VALUES (353, 243, 'SCHEDULED', '2020-02-01 03:00:00', 6);
INSERT INTO users (id, name, date_joined, country_code) VALUES (244, 'sally robbins dufrain', '2020-01-27 03:00:00', 'UK');
INSERT INTO payments (id, user_id, payment_amount, created_at) VALUES (105, 244, 71.54948589076808, '2020-01-29 03:00:00');
INSERT INTO lessons (id, user_id, status, created_at, hours) VALUES (354, 244, 'SCHEDULED', '2020-01-31 03:00:00', 5);
INSERT INTO users (id, name, date_joined, country_code) VALUES (245, 'sally robbins robbins', '2020-01-27 03:00:00', 'UK');
INSERT INTO lessons (id, user_id, status, created_at, hours) VALUES (355, 245, 'SCHEDULED', '2020-01-28 03:00:00', 10);
INSERT INTO users (id, name, date_joined, country_code) VALUES (246, 'sally robbins williams', '2020-01-27 06:00:00', 'DK');
INSERT INTO lessons (id, user_id, status, created_at, hours) VALUES (356, 246, 'CANCELED', '2020-01-31 06:00:00', 9);
INSERT INTO users (id, name, date_joined, country_code) VALUES (247, 'sally robbins goodsped', '2020-01-27 07:00:00', 'ES');
INSERT INTO lessons (id, user_id, status, created_at, hours) VALUES (357, 247, 'CANCELED', '2020-01-29 07:00:00', 8);
INSERT INTO users (id, name, date_joined, country_code) VALUES (248, 'sally robbins womack', '2020-01-27 09:00:00', 'DK');
INSERT INTO payments (id, user_id, payment_amount, created_at) VALUES (106, 248, 17.164203998217342, '2020-01-29 09:00:00');
INSERT INTO payments (id, user_id, payment_amount, created_at) VALUES (107, 248, 71.63089622848555, '2020-02-03 09:00:00');
INSERT INTO lessons (id, user_id, status, created_at, hours) VALUES (358, 248, 'SCHEDULED', '2020-01-29 09:00:00', 3);
INSERT INTO users (id, name, date_joined, country_code) VALUES (249, 'sally robbins connery', '2020-01-27 12:00:00', 'UK');
INSERT INTO lessons (id, user_id, status, created_at, hours) VALUES (359, 249, 'CONFIRMED', '2020-01-29 12:00:00', 10);
INSERT INTO users (id, name, date_joined, country_code) VALUES (250, 'sally robbins bond', '2020-01-27 16:00:00', 'FR');
INSERT INTO payments (id, user_id, payment_amount, created_at) VALUES (108, 250, 61.290616195116755, '2020-01-31 16:00:00');
INSERT INTO payments (id, user_id, payment_amount, created_at) VALUES (109, 250, 71.00295862508968, '2020-02-01 16:00:00');
INSERT INTO lessons (id, user_id, status, created_at, hours) VALUES (360, 250, 'CANCELED', '2020-01-31 16:00:00', 10);
INSERT INTO lessons (id, user_id, status, created_at, hours) VALUES (361, 250, 'SCHEDULED', '2020-02-03 16:00:00', 7);
INSERT INTO users (id, name, date_joined, country_code) VALUES (251, 'sally williams mason', '2020-01-27 19:00:00', 'ES');
INSERT INTO users (id, name, date_joined, country_code) VALUES (252, 'sally williams brown', '2020-01-27 20:00:00', 'DE');
INSERT INTO lessons (id, user_id, status, created_at, hours) VALUES (362, 252, 'CONFIRMED', '2020-01-31 20:00:00', 1);
INSERT INTO users (id, name, date_joined, country_code) VALUES (253, 'sally williams mcfly', '2020-01-27 21:00:00', 'ES');
INSERT INTO lessons (id, user_id, status, created_at, hours) VALUES (363, 253, 'SCHEDULED', '2020-01-28 21:00:00', 10);
INSERT INTO users (id, name, date_joined, country_code) VALUES (254, 'sally williams dufrain', '2020-01-28 02:00:00', 'DK');
INSERT INTO lessons (id, user_id, status, created_at, hours) VALUES (364, 254, 'SCHEDULED', '2020-01-31 02:00:00', 7);
INSERT INTO lessons (id, user_id, status, created_at, hours) VALUES (365, 254, 'SCHEDULED', '2020-02-04 02:00:00', 9);
INSERT INTO users (id, name, date_joined, country_code) VALUES (255, 'sally williams robbins', '2020-01-28 05:00:00', 'DK');
INSERT INTO lessons (id, user_id, status, created_at, hours) VALUES (366, 255, 'SCHEDULED', '2020-01-29 05:00:00', 8);
INSERT INTO users (id, name, date_joined, country_code) VALUES (256, 'sally williams williams', '2020-01-28 06:00:00', 'UK');
INSERT INTO lessons (id, user_id, status, created_at, hours) VALUES (367, 256, 'CONFIRMED', '2020-01-29 06:00:00', 6);
INSERT INTO lessons (id, user_id, status, created_at, hours) VALUES (368, 256, 'CANCELED', '2020-02-02 06:00:00', 1);
INSERT INTO users (id, name, date_joined, country_code) VALUES (257, 'sally williams goodsped', '2020-01-28 11:00:00', 'ES');
INSERT INTO lessons (id, user_id, status, created_at, hours) VALUES (369, 257, 'SCHEDULED', '2020-01-31 11:00:00', 1);
INSERT INTO users (id, name, date_joined, country_code) VALUES (258, 'sally williams womack', '2020-01-28 11:00:00', 'UK');
INSERT INTO lessons (id, user_id, status, created_at, hours) VALUES (370, 258, 'CANCELED', '2020-02-01 11:00:00', 2);
INSERT INTO lessons (id, user_id, status, created_at, hours) VALUES (371, 258, 'SCHEDULED', '2020-02-04 11:00:00', 1);
INSERT INTO lessons (id, user_id, status, created_at, hours) VALUES (372, 258, 'CANCELED', '2020-02-07 11:00:00', 8);
INSERT INTO users (id, name, date_joined, country_code) VALUES (259, 'sally williams connery', '2020-01-28 16:00:00', 'ES');
INSERT INTO lessons (id, user_id, status, created_at, hours) VALUES (373, 259, 'CANCELED', '2020-02-01 16:00:00', 7);
INSERT INTO users (id, name, date_joined, country_code) VALUES (260, 'sally williams bond', '2020-01-28 18:00:00', 'FR');
INSERT INTO lessons (id, user_id, status, created_at, hours) VALUES (374, 260, 'CANCELED', '2020-02-01 18:00:00', 10);
INSERT INTO lessons (id, user_id, status, created_at, hours) VALUES (375, 260, 'CANCELED', '2020-02-04 18:00:00', 6);
INSERT INTO users (id, name, date_joined, country_code) VALUES (261, 'sally goodsped mason', '2020-01-28 20:00:00', 'FR');
INSERT INTO lessons (id, user_id, status, created_at, hours) VALUES (376, 261, 'SCHEDULED', '2020-01-30 20:00:00', 7);
INSERT INTO lessons (id, user_id, status, created_at, hours) VALUES (377, 261, 'CANCELED', '2020-01-31 20:00:00', 1);
INSERT INTO users (id, name, date_joined, country_code) VALUES (262, 'sally goodsped brown', '2020-01-28 22:00:00', 'UK');
INSERT INTO payments (id, user_id, payment_amount, created_at) VALUES (110, 262, 53.40553417800977, '2020-01-31 22:00:00');
INSERT INTO payments (id, user_id, payment_amount, created_at) VALUES (111, 262, 33.39282815271164, '2020-02-05 22:00:00');
INSERT INTO lessons (id, user_id, status, created_at, hours) VALUES (378, 262, 'CONFIRMED', '2020-01-31 22:00:00', 6);
INSERT INTO users (id, name, date_joined, country_code) VALUES (263, 'sally goodsped mcfly', '2020-01-28 22:00:00', 'DE');
INSERT INTO lessons (id, user_id, status, created_at, hours) VALUES (379, 263, 'SCHEDULED', '2020-01-30 22:00:00', 7);
INSERT INTO lessons (id, user_id, status, created_at, hours) VALUES (380, 263, 'CONFIRMED', '2020-02-03 22:00:00', 8);
INSERT INTO users (id, name, date_joined, country_code) VALUES (264, 'sally goodsped dufrain', '2020-01-29 02:00:00', 'DE');
INSERT INTO lessons (id, user_id, status, created_at, hours) VALUES (381, 264, 'SCHEDULED', '2020-02-02 02:00:00', 2);
INSERT INTO users (id, name, date_joined, country_code) VALUES (265, 'sally goodsped robbins', '2020-01-29 06:00:00', 'DE');
INSERT INTO lessons (id, user_id, status, created_at, hours) VALUES (382, 265, 'SCHEDULED', '2020-02-02 06:00:00', 4);
INSERT INTO users (id, name, date_joined, country_code) VALUES (266, 'sally goodsped williams', '2020-01-29 08:00:00', 'UK');
INSERT INTO lessons (id, user_id, status, created_at, hours) VALUES (383, 266, 'SCHEDULED', '2020-01-31 08:00:00', 3);
INSERT INTO lessons (id, user_id, status, created_at, hours) VALUES (384, 266, 'CONFIRMED', '2020-02-03 08:00:00', 1);
INSERT INTO lessons (id, user_id, status, created_at, hours) VALUES (385, 266, 'SCHEDULED', '2020-02-05 08:00:00', 3);
INSERT INTO users (id, name, date_joined, country_code) VALUES (267, 'sally goodsped goodsped', '2020-01-29 11:00:00', 'UK');
INSERT INTO payments (id, user_id, payment_amount, created_at) VALUES (112, 267, 48.8039258109271, '2020-02-02 11:00:00');
INSERT INTO lessons (id, user_id, status, created_at, hours) VALUES (386, 267, 'CANCELED', '2020-01-31 11:00:00', 3);
INSERT INTO users (id, name, date_joined, country_code) VALUES (268, 'sally goodsped womack', '2020-01-29 12:00:00', 'FR');
INSERT INTO payments (id, user_id, payment_amount, created_at) VALUES (113, 268, 37.81798043865171, '2020-01-31 12:00:00');
INSERT INTO payments (id, user_id, payment_amount, created_at) VALUES (114, 268, 59.09362594229533, '2020-02-05 12:00:00');
INSERT INTO lessons (id, user_id, status, created_at, hours) VALUES (387, 268, 'CONFIRMED', '2020-01-31 12:00:00', 2);
INSERT INTO users (id, name, date_joined, country_code) VALUES (269, 'sally goodsped connery', '2020-01-29 16:00:00', 'UK');
INSERT INTO lessons (id, user_id, status, created_at, hours) VALUES (388, 269, 'SCHEDULED', '2020-02-01 16:00:00', 4);
INSERT INTO users (id, name, date_joined, country_code) VALUES (270, 'sally goodsped bond', '2020-01-29 17:00:00', 'ES');
INSERT INTO users (id, name, date_joined, country_code) VALUES (271, 'sally womack mason', '2020-01-29 22:00:00', 'UK');
INSERT INTO lessons (id, user_id, status, created_at, hours) VALUES (389, 271, 'SCHEDULED', '2020-02-01 22:00:00', 5);
INSERT INTO users (id, name, date_joined, country_code) VALUES (272, 'sally womack brown', '2020-01-29 22:00:00', 'FR');
INSERT INTO lessons (id, user_id, status, created_at, hours) VALUES (390, 272, 'CANCELED', '2020-01-31 22:00:00', 7);
INSERT INTO users (id, name, date_joined, country_code) VALUES (273, 'sally womack mcfly', '2020-01-30 03:00:00', 'DE');
INSERT INTO payments (id, user_id, payment_amount, created_at) VALUES (115, 273, 98.0302750046999, '2020-02-01 03:00:00');
INSERT INTO payments (id, user_id, payment_amount, created_at) VALUES (116, 273, 63.51807568054093, '2020-02-05 03:00:00');
INSERT INTO lessons (id, user_id, status, created_at, hours) VALUES (391, 273, 'CANCELED', '2020-02-03 03:00:00', 7);
INSERT INTO lessons (id, user_id, status, created_at, hours) VALUES (392, 273, 'CONFIRMED', '2020-02-07 03:00:00', 6);
INSERT INTO users (id, name, date_joined, country_code) VALUES (274, 'sally womack dufrain', '2020-01-30 04:00:00', 'DK');
INSERT INTO payments (id, user_id, payment_amount, created_at) VALUES (117, 274, 79.30686095616706, '2020-01-31 04:00:00');
INSERT INTO lessons (id, user_id, status, created_at, hours) VALUES (393, 274, 'CONFIRMED', '2020-02-01 04:00:00', 9);
INSERT INTO users (id, name, date_joined, country_code) VALUES (275, 'sally womack robbins', '2020-01-30 07:00:00', 'UK');
INSERT INTO lessons (id, user_id, status, created_at, hours) VALUES (394, 275, 'CONFIRMED', '2020-01-31 07:00:00', 3);
INSERT INTO users (id, name, date_joined, country_code) VALUES (276, 'sally womack williams', '2020-01-30 08:00:00', 'DE');
INSERT INTO lessons (id, user_id, status, created_at, hours) VALUES (395, 276, 'CONFIRMED', '2020-02-03 08:00:00', 9);
INSERT INTO lessons (id, user_id, status, created_at, hours) VALUES (396, 276, 'SCHEDULED', '2020-02-04 08:00:00', 9);
INSERT INTO lessons (id, user_id, status, created_at, hours) VALUES (397, 276, 'CANCELED', '2020-02-06 08:00:00', 10);
INSERT INTO users (id, name, date_joined, country_code) VALUES (277, 'sally womack goodsped', '2020-01-30 10:00:00', 'ES');
INSERT INTO lessons (id, user_id, status, created_at, hours) VALUES (398, 277, 'CANCELED', '2020-02-01 10:00:00', 9);
INSERT INTO users (id, name, date_joined, country_code) VALUES (278, 'sally womack womack', '2020-01-30 15:00:00', 'DE');
INSERT INTO users (id, name, date_joined, country_code) VALUES (279, 'sally womack connery', '2020-01-30 19:00:00', 'UK');
INSERT INTO lessons (id, user_id, status, created_at, hours) VALUES (399, 279, 'CANCELED', '2020-01-31 19:00:00', 6);
INSERT INTO users (id, name, date_joined, country_code) VALUES (280, 'sally womack bond', '2020-01-30 19:00:00', 'DE');
INSERT INTO lessons (id, user_id, status, created_at, hours) VALUES (400, 280, 'CONFIRMED', '2020-02-02 19:00:00', 1);
INSERT INTO users (id, name, date_joined, country_code) VALUES (281, 'sally connery mason', '2020-01-30 19:00:00', 'UK');
INSERT INTO lessons (id, user_id, status, created_at, hours) VALUES (401, 281, 'SCHEDULED', '2020-02-01 19:00:00', 4);
INSERT INTO users (id, name, date_joined, country_code) VALUES (282, 'sally connery brown', '2020-01-30 20:00:00', 'DK');
INSERT INTO lessons (id, user_id, status, created_at, hours) VALUES (402, 282, 'CONFIRMED', '2020-02-03 20:00:00', 6);
INSERT INTO lessons (id, user_id, status, created_at, hours) VALUES (403, 282, 'SCHEDULED', '2020-02-04 20:00:00', 4);
INSERT INTO users (id, name, date_joined, country_code) VALUES (283, 'sally connery mcfly', '2020-01-30 20:00:00', 'ES');
INSERT INTO lessons (id, user_id, status, created_at, hours) VALUES (404, 283, 'SCHEDULED', '2020-01-31 20:00:00', 7);
INSERT INTO users (id, name, date_joined, country_code) VALUES (284, 'sally connery dufrain', '2020-01-30 23:00:00', 'ES');
INSERT INTO lessons (id, user_id, status, created_at, hours) VALUES (405, 284, 'SCHEDULED', '2020-01-31 23:00:00', 3);
INSERT INTO lessons (id, user_id, status, created_at, hours) VALUES (406, 284, 'CONFIRMED', '2020-02-01 23:00:00', 8);
INSERT INTO users (id, name, date_joined, country_code) VALUES (285, 'sally connery robbins', '2020-01-31 01:00:00', 'DE');
INSERT INTO lessons (id, user_id, status, created_at, hours) VALUES (407, 285, 'CANCELED', '2020-02-02 01:00:00', 2);
INSERT INTO lessons (id, user_id, status, created_at, hours) VALUES (408, 285, 'SCHEDULED', '2020-02-04 01:00:00', 6);
INSERT INTO users (id, name, date_joined, country_code) VALUES (286, 'sally connery williams', '2020-01-31 03:00:00', 'DE');
INSERT INTO lessons (id, user_id, status, created_at, hours) VALUES (409, 286, 'CANCELED', '2020-02-01 03:00:00', 2);
INSERT INTO users (id, name, date_joined, country_code) VALUES (287, 'sally connery goodsped', '2020-01-31 08:00:00', 'ES');
INSERT INTO lessons (id, user_id, status, created_at, hours) VALUES (410, 287, 'CANCELED', '2020-02-01 08:00:00', 2);
INSERT INTO lessons (id, user_id, status, created_at, hours) VALUES (411, 287, 'CONFIRMED', '2020-02-02 08:00:00', 2);
INSERT INTO lessons (id, user_id, status, created_at, hours) VALUES (412, 287, 'CANCELED', '2020-02-04 08:00:00', 6);
INSERT INTO users (id, name, date_joined, country_code) VALUES (288, 'sally connery womack', '2020-01-31 08:00:00', 'DK');
INSERT INTO lessons (id, user_id, status, created_at, hours) VALUES (413, 288, 'SCHEDULED', '2020-02-03 08:00:00', 2);
INSERT INTO users (id, name, date_joined, country_code) VALUES (289, 'sally connery connery', '2020-01-31 08:00:00', 'FR');
INSERT INTO lessons (id, user_id, status, created_at, hours) VALUES (414, 289, 'CONFIRMED', '2020-02-02 08:00:00', 8);
INSERT INTO lessons (id, user_id, status, created_at, hours) VALUES (415, 289, 'SCHEDULED', '2020-02-06 08:00:00', 6);
INSERT INTO users (id, name, date_joined, country_code) VALUES (290, 'sally connery bond', '2020-01-31 10:00:00', 'ES');
INSERT INTO lessons (id, user_id, status, created_at, hours) VALUES (416, 290, 'CONFIRMED', '2020-02-04 10:00:00', 4);
INSERT INTO lessons (id, user_id, status, created_at, hours) VALUES (417, 290, 'SCHEDULED', '2020-02-06 10:00:00', 9);
INSERT INTO users (id, name, date_joined, country_code) VALUES (291, 'sally bond mason', '2020-01-31 10:00:00', 'FR');
INSERT INTO lessons (id, user_id, status, created_at, hours) VALUES (418, 291, 'CANCELED', '2020-02-02 10:00:00', 6);
INSERT INTO lessons (id, user_id, status, created_at, hours) VALUES (419, 291, 'CANCELED', '2020-02-05 10:00:00', 2);
INSERT INTO users (id, name, date_joined, country_code) VALUES (292, 'sally bond brown', '2020-01-31 11:00:00', 'ES');
INSERT INTO lessons (id, user_id, status, created_at, hours) VALUES (420, 292, 'CANCELED', '2020-02-01 11:00:00', 3);
INSERT INTO lessons (id, user_id, status, created_at, hours) VALUES (421, 292, 'CONFIRMED', '2020-02-02 11:00:00', 10);
INSERT INTO users (id, name, date_joined, country_code) VALUES (293, 'sally bond mcfly', '2020-01-31 16:00:00', 'ES');
INSERT INTO payments (id, user_id, payment_amount, created_at) VALUES (118, 293, 52.49919986779914, '2020-02-02 16:00:00');
INSERT INTO lessons (id, user_id, status, created_at, hours) VALUES (422, 293, 'CONFIRMED', '2020-02-02 16:00:00', 2);
INSERT INTO users (id, name, date_joined, country_code) VALUES (294, 'sally bond dufrain', '2020-01-31 16:00:00', 'DE');
INSERT INTO lessons (id, user_id, status, created_at, hours) VALUES (423, 294, 'CANCELED', '2020-02-04 16:00:00', 3);
INSERT INTO lessons (id, user_id, status, created_at, hours) VALUES (424, 294, 'SCHEDULED', '2020-02-05 16:00:00', 2);
INSERT INTO users (id, name, date_joined, country_code) VALUES (295, 'sally bond robbins', '2020-01-31 19:00:00', 'DE');
INSERT INTO payments (id, user_id, payment_amount, created_at) VALUES (119, 295, 75.48717738680295, '2020-02-05 19:00:00');
INSERT INTO payments (id, user_id, payment_amount, created_at) VALUES (120, 295, 84.17476483784259, '2020-02-09 19:00:00');
INSERT INTO lessons (id, user_id, status, created_at, hours) VALUES (425, 295, 'CONFIRMED', '2020-02-01 19:00:00', 5);
INSERT INTO lessons (id, user_id, status, created_at, hours) VALUES (426, 295, 'SCHEDULED', '2020-02-04 19:00:00', 8);
INSERT INTO users (id, name, date_joined, country_code) VALUES (296, 'sally bond williams', '2020-01-31 20:00:00', 'DK');
INSERT INTO users (id, name, date_joined, country_code) VALUES (297, 'sally bond goodsped', '2020-01-31 20:00:00', 'FR');
INSERT INTO users (id, name, date_joined, country_code) VALUES (298, 'sally bond womack', '2020-02-01 01:00:00', 'DK');
INSERT INTO payments (id, user_id, payment_amount, created_at) VALUES (121, 298, 91.2220412656055, '2020-02-03 01:00:00');
INSERT INTO lessons (id, user_id, status, created_at, hours) VALUES (427, 298, 'SCHEDULED', '2020-02-02 01:00:00', 7);
INSERT INTO lessons (id, user_id, status, created_at, hours) VALUES (428, 298, 'CONFIRMED', '2020-02-06 01:00:00', 6);
INSERT INTO users (id, name, date_joined, country_code) VALUES (299, 'sally bond connery', '2020-02-01 02:00:00', 'FR');
INSERT INTO users (id, name, date_joined, country_code) VALUES (300, 'sally bond bond', '2020-02-01 06:00:00', 'UK');
INSERT INTO payments (id, user_id, payment_amount, created_at) VALUES (122, 300, 52.891815897811625, '2020-02-02 06:00:00');
INSERT INTO payments (id, user_id, payment_amount, created_at) VALUES (123, 300, 61.73780021552959, '2020-02-03 06:00:00');
INSERT INTO lessons (id, user_id, status, created_at, hours) VALUES (429, 300, 'CANCELED', '2020-02-05 06:00:00', 8);
INSERT INTO users (id, name, date_joined, country_code) VALUES (301, 'diana mason mason', '2020-02-01 06:00:00', 'DK');
INSERT INTO lessons (id, user_id, status, created_at, hours) VALUES (430, 301, 'SCHEDULED', '2020-02-04 06:00:00', 7);
INSERT INTO lessons (id, user_id, status, created_at, hours) VALUES (431, 301, 'CANCELED', '2020-02-08 06:00:00', 3);
INSERT INTO users (id, name, date_joined, country_code) VALUES (302, 'diana mason brown', '2020-02-01 10:00:00', 'FR');
INSERT INTO lessons (id, user_id, status, created_at, hours) VALUES (432, 302, 'SCHEDULED', '2020-02-04 10:00:00', 4);
INSERT INTO lessons (id, user_id, status, created_at, hours) VALUES (433, 302, 'CONFIRMED', '2020-02-05 10:00:00', 5);
INSERT INTO users (id, name, date_joined, country_code) VALUES (303, 'diana mason mcfly', '2020-02-01 14:00:00', 'FR');
INSERT INTO lessons (id, user_id, status, created_at, hours) VALUES (434, 303, 'SCHEDULED', '2020-02-04 14:00:00', 4);
INSERT INTO lessons (id, user_id, status, created_at, hours) VALUES (435, 303, 'CANCELED', '2020-02-06 14:00:00', 9);
INSERT INTO users (id, name, date_joined, country_code) VALUES (304, 'diana mason dufrain', '2020-02-01 17:00:00', 'UK');
INSERT INTO lessons (id, user_id, status, created_at, hours) VALUES (436, 304, 'CANCELED', '2020-02-04 17:00:00', 2);
INSERT INTO users (id, name, date_joined, country_code) VALUES (305, 'diana mason robbins', '2020-02-01 22:00:00', 'FR');
INSERT INTO payments (id, user_id, payment_amount, created_at) VALUES (124, 305, 41.274073119762036, '2020-02-06 22:00:00');
INSERT INTO lessons (id, user_id, status, created_at, hours) VALUES (437, 305, 'CANCELED', '2020-02-04 22:00:00', 2);
INSERT INTO users (id, name, date_joined, country_code) VALUES (306, 'diana mason williams', '2020-02-01 23:00:00', 'ES');
INSERT INTO users (id, name, date_joined, country_code) VALUES (307, 'diana mason goodsped', '2020-02-02 01:00:00', 'DE');
INSERT INTO lessons (id, user_id, status, created_at, hours) VALUES (438, 307, 'CONFIRMED', '2020-02-03 01:00:00', 3);
INSERT INTO lessons (id, user_id, status, created_at, hours) VALUES (439, 307, 'SCHEDULED', '2020-02-04 01:00:00', 2);
INSERT INTO users (id, name, date_joined, country_code) VALUES (308, 'diana mason womack', '2020-02-02 04:00:00', 'DE');
INSERT INTO lessons (id, user_id, status, created_at, hours) VALUES (440, 308, 'SCHEDULED', '2020-02-04 04:00:00', 2);
INSERT INTO lessons (id, user_id, status, created_at, hours) VALUES (441, 308, 'CANCELED', '2020-02-06 04:00:00', 8);
INSERT INTO users (id, name, date_joined, country_code) VALUES (309, 'diana mason connery', '2020-02-02 09:00:00', 'ES');
INSERT INTO payments (id, user_id, payment_amount, created_at) VALUES (125, 309, 41.48690622010518, '2020-02-04 09:00:00');
INSERT INTO payments (id, user_id, payment_amount, created_at) VALUES (126, 309, 45.138997567738755, '2020-02-06 09:00:00');
INSERT INTO lessons (id, user_id, status, created_at, hours) VALUES (442, 309, 'CANCELED', '2020-02-03 09:00:00', 8);
INSERT INTO users (id, name, date_joined, country_code) VALUES (310, 'diana mason bond', '2020-02-02 13:00:00', 'DE');
INSERT INTO lessons (id, user_id, status, created_at, hours) VALUES (443, 310, 'CANCELED', '2020-02-06 13:00:00', 2);
INSERT INTO users (id, name, date_joined, country_code) VALUES (311, 'diana brown mason', '2020-02-02 17:00:00', 'FR');
INSERT INTO payments (id, user_id, payment_amount, created_at) VALUES (127, 311, 16.078647592803897, '2020-02-06 17:00:00');
INSERT INTO payments (id, user_id, payment_amount, created_at) VALUES (128, 311, 42.80846860559079, '2020-02-10 17:00:00');
INSERT INTO lessons (id, user_id, status, created_at, hours) VALUES (444, 311, 'CANCELED', '2020-02-03 17:00:00', 5);
INSERT INTO lessons (id, user_id, status, created_at, hours) VALUES (445, 311, 'CONFIRMED', '2020-02-04 17:00:00', 3);
INSERT INTO lessons (id, user_id, status, created_at, hours) VALUES (446, 311, 'CONFIRMED', '2020-02-05 17:00:00', 5);
INSERT INTO users (id, name, date_joined, country_code) VALUES (312, 'diana brown brown', '2020-02-02 20:00:00', 'DK');
INSERT INTO users (id, name, date_joined, country_code) VALUES (313, 'diana brown mcfly', '2020-02-03 00:00:00', 'DK');
INSERT INTO lessons (id, user_id, status, created_at, hours) VALUES (447, 313, 'CONFIRMED', '2020-02-06 00:00:00', 6);
INSERT INTO users (id, name, date_joined, country_code) VALUES (314, 'diana brown dufrain', '2020-02-03 04:00:00', 'DE');
INSERT INTO users (id, name, date_joined, country_code) VALUES (315, 'diana brown robbins', '2020-02-03 08:00:00', 'FR');
INSERT INTO lessons (id, user_id, status, created_at, hours) VALUES (448, 315, 'SCHEDULED', '2020-02-05 08:00:00', 4);
INSERT INTO lessons (id, user_id, status, created_at, hours) VALUES (449, 315, 'SCHEDULED', '2020-02-07 08:00:00', 3);
INSERT INTO lessons (id, user_id, status, created_at, hours) VALUES (450, 315, 'CANCELED', '2020-02-09 08:00:00', 9);
INSERT INTO users (id, name, date_joined, country_code) VALUES (316, 'diana brown williams', '2020-02-03 09:00:00', 'UK');
INSERT INTO lessons (id, user_id, status, created_at, hours) VALUES (451, 316, 'CONFIRMED', '2020-02-06 09:00:00', 5);
INSERT INTO users (id, name, date_joined, country_code) VALUES (317, 'diana brown goodsped', '2020-02-03 13:00:00', 'ES');
INSERT INTO lessons (id, user_id, status, created_at, hours) VALUES (452, 317, 'SCHEDULED', '2020-02-06 13:00:00', 8);
INSERT INTO lessons (id, user_id, status, created_at, hours) VALUES (453, 317, 'CONFIRMED', '2020-02-07 13:00:00', 4);
INSERT INTO users (id, name, date_joined, country_code) VALUES (318, 'diana brown womack', '2020-02-03 14:00:00', 'DE');
INSERT INTO lessons (id, user_id, status, created_at, hours) VALUES (454, 318, 'SCHEDULED', '2020-02-07 14:00:00', 4);
INSERT INTO users (id, name, date_joined, country_code) VALUES (319, 'diana brown connery', '2020-02-03 15:00:00', 'UK');
INSERT INTO payments (id, user_id, payment_amount, created_at) VALUES (129, 319, 3.230935321813666, '2020-02-06 15:00:00');
INSERT INTO payments (id, user_id, payment_amount, created_at) VALUES (130, 319, 87.6936749323045, '2020-02-09 15:00:00');
INSERT INTO lessons (id, user_id, status, created_at, hours) VALUES (455, 319, 'CANCELED', '2020-02-06 15:00:00', 8);
INSERT INTO lessons (id, user_id, status, created_at, hours) VALUES (456, 319, 'CONFIRMED', '2020-02-07 15:00:00', 2);
INSERT INTO users (id, name, date_joined, country_code) VALUES (320, 'diana brown bond', '2020-02-03 20:00:00', 'ES');
INSERT INTO payments (id, user_id, payment_amount, created_at) VALUES (131, 320, 55.701188534701004, '2020-02-07 20:00:00');
INSERT INTO payments (id, user_id, payment_amount, created_at) VALUES (132, 320, 40.00694821178053, '2020-02-11 20:00:00');
INSERT INTO lessons (id, user_id, status, created_at, hours) VALUES (457, 320, 'CONFIRMED', '2020-02-06 20:00:00', 7);
INSERT INTO lessons (id, user_id, status, created_at, hours) VALUES (458, 320, 'SCHEDULED', '2020-02-10 20:00:00', 2);
INSERT INTO lessons (id, user_id, status, created_at, hours) VALUES (459, 320, 'CONFIRMED', '2020-02-14 20:00:00', 4);
INSERT INTO users (id, name, date_joined, country_code) VALUES (321, 'diana mcfly mason', '2020-02-04 00:00:00', 'DE');
INSERT INTO lessons (id, user_id, status, created_at, hours) VALUES (460, 321, 'CANCELED', '2020-02-08 00:00:00', 5);
INSERT INTO lessons (id, user_id, status, created_at, hours) VALUES (461, 321, 'SCHEDULED', '2020-02-12 00:00:00', 3);
INSERT INTO users (id, name, date_joined, country_code) VALUES (322, 'diana mcfly brown', '2020-02-04 05:00:00', 'DK');
INSERT INTO lessons (id, user_id, status, created_at, hours) VALUES (462, 322, 'CONFIRMED', '2020-02-07 05:00:00', 5);
INSERT INTO lessons (id, user_id, status, created_at, hours) VALUES (463, 322, 'SCHEDULED', '2020-02-10 05:00:00', 5);
INSERT INTO users (id, name, date_joined, country_code) VALUES (323, 'diana mcfly mcfly', '2020-02-04 10:00:00', 'DK');
INSERT INTO lessons (id, user_id, status, created_at, hours) VALUES (464, 323, 'CANCELED', '2020-02-05 10:00:00', 7);
INSERT INTO lessons (id, user_id, status, created_at, hours) VALUES (465, 323, 'SCHEDULED', '2020-02-08 10:00:00', 4);
INSERT INTO users (id, name, date_joined, country_code) VALUES (324, 'diana mcfly dufrain', '2020-02-04 15:00:00', 'FR');
INSERT INTO payments (id, user_id, payment_amount, created_at) VALUES (133, 324, 37.577301549183126, '2020-02-05 15:00:00');
INSERT INTO payments (id, user_id, payment_amount, created_at) VALUES (134, 324, 10.815471444564206, '2020-02-09 15:00:00');
INSERT INTO lessons (id, user_id, status, created_at, hours) VALUES (466, 324, 'CANCELED', '2020-02-08 15:00:00', 8);
INSERT INTO users (id, name, date_joined, country_code) VALUES (325, 'diana mcfly robbins', '2020-02-04 15:00:00', 'DE');
INSERT INTO lessons (id, user_id, status, created_at, hours) VALUES (467, 325, 'CONFIRMED', '2020-02-06 15:00:00', 7);
INSERT INTO lessons (id, user_id, status, created_at, hours) VALUES (468, 325, 'SCHEDULED', '2020-02-09 15:00:00', 2);
INSERT INTO users (id, name, date_joined, country_code) VALUES (326, 'diana mcfly williams', '2020-02-04 15:00:00', 'ES');
INSERT INTO payments (id, user_id, payment_amount, created_at) VALUES (135, 326, 23.13770138402621, '2020-02-06 15:00:00');
INSERT INTO lessons (id, user_id, status, created_at, hours) VALUES (469, 326, 'CANCELED', '2020-02-06 15:00:00', 2);
INSERT INTO lessons (id, user_id, status, created_at, hours) VALUES (470, 326, 'CANCELED', '2020-02-07 15:00:00', 2);
INSERT INTO users (id, name, date_joined, country_code) VALUES (327, 'diana mcfly goodsped', '2020-02-04 18:00:00', 'DK');
INSERT INTO lessons (id, user_id, status, created_at, hours) VALUES (471, 327, 'CONFIRMED', '2020-02-05 18:00:00', 5);
INSERT INTO lessons (id, user_id, status, created_at, hours) VALUES (472, 327, 'CONFIRMED', '2020-02-06 18:00:00', 4);
INSERT INTO users (id, name, date_joined, country_code) VALUES (328, 'diana mcfly womack', '2020-02-04 20:00:00', 'FR');
INSERT INTO payments (id, user_id, payment_amount, created_at) VALUES (136, 328, 22.084993070062463, '2020-02-06 20:00:00');
INSERT INTO payments (id, user_id, payment_amount, created_at) VALUES (137, 328, 14.028839903062229, '2020-02-11 20:00:00');
INSERT INTO lessons (id, user_id, status, created_at, hours) VALUES (473, 328, 'CONFIRMED', '2020-02-08 20:00:00', 5);
INSERT INTO users (id, name, date_joined, country_code) VALUES (329, 'diana mcfly connery', '2020-02-04 21:00:00', 'FR');
INSERT INTO lessons (id, user_id, status, created_at, hours) VALUES (474, 329, 'CONFIRMED', '2020-02-06 21:00:00', 7);
INSERT INTO users (id, name, date_joined, country_code) VALUES (330, 'diana mcfly bond', '2020-02-05 00:00:00', 'DE');
INSERT INTO lessons (id, user_id, status, created_at, hours) VALUES (475, 330, 'CANCELED', '2020-02-08 00:00:00', 7);
INSERT INTO lessons (id, user_id, status, created_at, hours) VALUES (476, 330, 'CONFIRMED', '2020-02-12 00:00:00', 2);
INSERT INTO users (id, name, date_joined, country_code) VALUES (331, 'diana dufrain mason', '2020-02-05 03:00:00', 'FR');
INSERT INTO payments (id, user_id, payment_amount, created_at) VALUES (138, 331, 61.07951738498397, '2020-02-09 03:00:00');
INSERT INTO lessons (id, user_id, status, created_at, hours) VALUES (477, 331, 'SCHEDULED', '2020-02-07 03:00:00', 8);
INSERT INTO lessons (id, user_id, status, created_at, hours) VALUES (478, 331, 'CANCELED', '2020-02-09 03:00:00', 10);
INSERT INTO users (id, name, date_joined, country_code) VALUES (332, 'diana dufrain brown', '2020-02-05 04:00:00', 'UK');
INSERT INTO lessons (id, user_id, status, created_at, hours) VALUES (479, 332, 'CANCELED', '2020-02-07 04:00:00', 7);
INSERT INTO lessons (id, user_id, status, created_at, hours) VALUES (480, 332, 'CONFIRMED', '2020-02-09 04:00:00', 10);
INSERT INTO users (id, name, date_joined, country_code) VALUES (333, 'diana dufrain mcfly', '2020-02-05 07:00:00', 'ES');
INSERT INTO payments (id, user_id, payment_amount, created_at) VALUES (139, 333, 78.00941024027018, '2020-02-10 07:00:00');
INSERT INTO lessons (id, user_id, status, created_at, hours) VALUES (481, 333, 'CONFIRMED', '2020-02-07 07:00:00', 4);
INSERT INTO users (id, name, date_joined, country_code) VALUES (334, 'diana dufrain dufrain', '2020-02-05 11:00:00', 'DE');
INSERT INTO lessons (id, user_id, status, created_at, hours) VALUES (482, 334, 'CANCELED', '2020-02-07 11:00:00', 7);
INSERT INTO users (id, name, date_joined, country_code) VALUES (335, 'diana dufrain robbins', '2020-02-05 15:00:00', 'ES');
INSERT INTO users (id, name, date_joined, country_code) VALUES (336, 'diana dufrain williams', '2020-02-05 20:00:00', 'UK');
INSERT INTO lessons (id, user_id, status, created_at, hours) VALUES (483, 336, 'SCHEDULED', '2020-02-09 20:00:00', 5);
INSERT INTO users (id, name, date_joined, country_code) VALUES (337, 'diana dufrain goodsped', '2020-02-06 01:00:00', 'DE');
INSERT INTO users (id, name, date_joined, country_code) VALUES (338, 'diana dufrain womack', '2020-02-06 01:00:00', 'DE');
INSERT INTO lessons (id, user_id, status, created_at, hours) VALUES (484, 338, 'SCHEDULED', '2020-02-08 01:00:00', 1);
INSERT INTO lessons (id, user_id, status, created_at, hours) VALUES (485, 338, 'CONFIRMED', '2020-02-11 01:00:00', 9);
INSERT INTO users (id, name, date_joined, country_code) VALUES (339, 'diana dufrain connery', '2020-02-06 04:00:00', 'UK');
INSERT INTO payments (id, user_id, payment_amount, created_at) VALUES (140, 339, 72.80819167392231, '2020-02-11 04:00:00');
INSERT INTO payments (id, user_id, payment_amount, created_at) VALUES (141, 339, 59.86664380728423, '2020-02-14 04:00:00');
INSERT INTO lessons (id, user_id, status, created_at, hours) VALUES (486, 339, 'CONFIRMED', '2020-02-07 04:00:00', 1);
INSERT INTO lessons (id, user_id, status, created_at, hours) VALUES (487, 339, 'CONFIRMED', '2020-02-10 04:00:00', 10);
INSERT INTO users (id, name, date_joined, country_code) VALUES (340, 'diana dufrain bond', '2020-02-06 04:00:00', 'DK');
INSERT INTO lessons (id, user_id, status, created_at, hours) VALUES (488, 340, 'CONFIRMED', '2020-02-07 04:00:00', 6);
INSERT INTO lessons (id, user_id, status, created_at, hours) VALUES (489, 340, 'CANCELED', '2020-02-09 04:00:00', 5);
INSERT INTO users (id, name, date_joined, country_code) VALUES (341, 'diana robbins mason', '2020-02-06 04:00:00', 'UK');
INSERT INTO payments (id, user_id, payment_amount, created_at) VALUES (142, 341, 66.69753531355845, '2020-02-11 04:00:00');
INSERT INTO lessons (id, user_id, status, created_at, hours) VALUES (490, 341, 'CONFIRMED', '2020-02-09 04:00:00', 4);
INSERT INTO lessons (id, user_id, status, created_at, hours) VALUES (491, 341, 'SCHEDULED', '2020-02-11 04:00:00', 3);
INSERT INTO lessons (id, user_id, status, created_at, hours) VALUES (492, 341, 'SCHEDULED', '2020-02-13 04:00:00', 7);
INSERT INTO users (id, name, date_joined, country_code) VALUES (342, 'diana robbins brown', '2020-02-06 07:00:00', 'UK');
INSERT INTO payments (id, user_id, payment_amount, created_at) VALUES (143, 342, 5.316922476452102, '2020-02-09 07:00:00');
INSERT INTO lessons (id, user_id, status, created_at, hours) VALUES (493, 342, 'CANCELED', '2020-02-10 07:00:00', 6);
INSERT INTO users (id, name, date_joined, country_code) VALUES (343, 'diana robbins mcfly', '2020-02-06 12:00:00', 'UK');
INSERT INTO lessons (id, user_id, status, created_at, hours) VALUES (494, 343, 'SCHEDULED', '2020-02-09 12:00:00', 10);
INSERT INTO lessons (id, user_id, status, created_at, hours) VALUES (495, 343, 'SCHEDULED', '2020-02-12 12:00:00', 6);
INSERT INTO users (id, name, date_joined, country_code) VALUES (344, 'diana robbins dufrain', '2020-02-06 12:00:00', 'FR');
INSERT INTO payments (id, user_id, payment_amount, created_at) VALUES (144, 344, 47.42016837228539, '2020-02-08 12:00:00');
INSERT INTO lessons (id, user_id, status, created_at, hours) VALUES (496, 344, 'CONFIRMED', '2020-02-07 12:00:00', 8);
INSERT INTO users (id, name, date_joined, country_code) VALUES (345, 'diana robbins robbins', '2020-02-06 12:00:00', 'UK');
INSERT INTO payments (id, user_id, payment_amount, created_at) VALUES (145, 345, 57.14118874633368, '2020-02-09 12:00:00');
INSERT INTO payments (id, user_id, payment_amount, created_at) VALUES (146, 345, 93.59868352041867, '2020-02-11 12:00:00');
INSERT INTO users (id, name, date_joined, country_code) VALUES (346, 'diana robbins williams', '2020-02-06 15:00:00', 'DE');
INSERT INTO lessons (id, user_id, status, created_at, hours) VALUES (497, 346, 'CANCELED', '2020-02-10 15:00:00', 1);
INSERT INTO lessons (id, user_id, status, created_at, hours) VALUES (498, 346, 'SCHEDULED', '2020-02-12 15:00:00', 10);
INSERT INTO lessons (id, user_id, status, created_at, hours) VALUES (499, 346, 'SCHEDULED', '2020-02-16 15:00:00', 5);
INSERT INTO users (id, name, date_joined, country_code) VALUES (347, 'diana robbins goodsped', '2020-02-06 15:00:00', 'DE');
INSERT INTO lessons (id, user_id, status, created_at, hours) VALUES (500, 347, 'CANCELED', '2020-02-10 15:00:00', 10);
INSERT INTO lessons (id, user_id, status, created_at, hours) VALUES (501, 347, 'CONFIRMED', '2020-02-14 15:00:00', 9);
INSERT INTO users (id, name, date_joined, country_code) VALUES (348, 'diana robbins womack', '2020-02-06 17:00:00', 'ES');
INSERT INTO lessons (id, user_id, status, created_at, hours) VALUES (502, 348, 'CANCELED', '2020-02-09 17:00:00', 8);
INSERT INTO users (id, name, date_joined, country_code) VALUES (349, 'diana robbins connery', '2020-02-06 18:00:00', 'UK');
INSERT INTO lessons (id, user_id, status, created_at, hours) VALUES (503, 349, 'CONFIRMED', '2020-02-07 18:00:00', 7);
INSERT INTO users (id, name, date_joined, country_code) VALUES (350, 'diana robbins bond', '2020-02-06 22:00:00', 'FR');
INSERT INTO lessons (id, user_id, status, created_at, hours) VALUES (504, 350, 'SCHEDULED', '2020-02-08 22:00:00', 6);
INSERT INTO users (id, name, date_joined, country_code) VALUES (351, 'diana williams mason', '2020-02-07 01:00:00', 'ES');
INSERT INTO lessons (id, user_id, status, created_at, hours) VALUES (505, 351, 'SCHEDULED', '2020-02-10 01:00:00', 5);
INSERT INTO lessons (id, user_id, status, created_at, hours) VALUES (506, 351, 'SCHEDULED', '2020-02-13 01:00:00', 2);
INSERT INTO users (id, name, date_joined, country_code) VALUES (352, 'diana williams brown', '2020-02-07 02:00:00', 'ES');
INSERT INTO lessons (id, user_id, status, created_at, hours) VALUES (507, 352, 'CONFIRMED', '2020-02-10 02:00:00', 2);
INSERT INTO lessons (id, user_id, status, created_at, hours) VALUES (508, 352, 'CONFIRMED', '2020-02-14 02:00:00', 8);
INSERT INTO users (id, name, date_joined, country_code) VALUES (353, 'diana williams mcfly', '2020-02-07 02:00:00', 'FR');
INSERT INTO payments (id, user_id, payment_amount, created_at) VALUES (147, 353, 24.368321110456925, '2020-02-09 02:00:00');
INSERT INTO payments (id, user_id, payment_amount, created_at) VALUES (148, 353, 98.9675540349651, '2020-02-11 02:00:00');
INSERT INTO lessons (id, user_id, status, created_at, hours) VALUES (509, 353, 'SCHEDULED', '2020-02-09 02:00:00', 4);
INSERT INTO lessons (id, user_id, status, created_at, hours) VALUES (510, 353, 'SCHEDULED', '2020-02-12 02:00:00', 9);
INSERT INTO users (id, name, date_joined, country_code) VALUES (354, 'diana williams dufrain', '2020-02-07 04:00:00', 'FR');
INSERT INTO payments (id, user_id, payment_amount, created_at) VALUES (149, 354, 25.737224463701924, '2020-02-10 04:00:00');
INSERT INTO payments (id, user_id, payment_amount, created_at) VALUES (150, 354, 75.3383460386633, '2020-02-14 04:00:00');
INSERT INTO lessons (id, user_id, status, created_at, hours) VALUES (511, 354, 'CANCELED', '2020-02-08 04:00:00', 4);
INSERT INTO users (id, name, date_joined, country_code) VALUES (355, 'diana williams robbins', '2020-02-07 09:00:00', 'UK');
INSERT INTO lessons (id, user_id, status, created_at, hours) VALUES (512, 355, 'CANCELED', '2020-02-09 09:00:00', 5);
INSERT INTO lessons (id, user_id, status, created_at, hours) VALUES (513, 355, 'SCHEDULED', '2020-02-12 09:00:00', 4);
INSERT INTO users (id, name, date_joined, country_code) VALUES (356, 'diana williams williams', '2020-02-07 14:00:00', 'UK');
INSERT INTO lessons (id, user_id, status, created_at, hours) VALUES (514, 356, 'CANCELED', '2020-02-09 14:00:00', 7);
INSERT INTO lessons (id, user_id, status, created_at, hours) VALUES (515, 356, 'CONFIRMED', '2020-02-13 14:00:00', 9);
INSERT INTO users (id, name, date_joined, country_code) VALUES (357, 'diana williams goodsped', '2020-02-07 18:00:00', 'DK');
INSERT INTO lessons (id, user_id, status, created_at, hours) VALUES (516, 357, 'SCHEDULED', '2020-02-09 18:00:00', 8);
INSERT INTO lessons (id, user_id, status, created_at, hours) VALUES (517, 357, 'CANCELED', '2020-02-13 18:00:00', 10);
INSERT INTO users (id, name, date_joined, country_code) VALUES (358, 'diana williams womack', '2020-02-07 21:00:00', 'UK');
INSERT INTO lessons (id, user_id, status, created_at, hours) VALUES (518, 358, 'CANCELED', '2020-02-11 21:00:00', 8);
INSERT INTO lessons (id, user_id, status, created_at, hours) VALUES (519, 358, 'CANCELED', '2020-02-13 21:00:00', 2);
INSERT INTO users (id, name, date_joined, country_code) VALUES (359, 'diana williams connery', '2020-02-08 02:00:00', 'FR');
INSERT INTO payments (id, user_id, payment_amount, created_at) VALUES (151, 359, 66.38262305193598, '2020-02-12 02:00:00');
INSERT INTO payments (id, user_id, payment_amount, created_at) VALUES (152, 359, 63.18831114861499, '2020-02-16 02:00:00');
INSERT INTO lessons (id, user_id, status, created_at, hours) VALUES (520, 359, 'CONFIRMED', '2020-02-11 02:00:00', 6);
INSERT INTO lessons (id, user_id, status, created_at, hours) VALUES (521, 359, 'CANCELED', '2020-02-14 02:00:00', 7);
INSERT INTO users (id, name, date_joined, country_code) VALUES (360, 'diana williams bond', '2020-02-08 05:00:00', 'FR');
INSERT INTO payments (id, user_id, payment_amount, created_at) VALUES (153, 360, 54.02148985633842, '2020-02-12 05:00:00');
INSERT INTO payments (id, user_id, payment_amount, created_at) VALUES (154, 360, 12.187912970544179, '2020-02-15 05:00:00');
INSERT INTO lessons (id, user_id, status, created_at, hours) VALUES (522, 360, 'CANCELED', '2020-02-10 05:00:00', 1);
INSERT INTO lessons (id, user_id, status, created_at, hours) VALUES (523, 360, 'SCHEDULED', '2020-02-14 05:00:00', 9);
INSERT INTO users (id, name, date_joined, country_code) VALUES (361, 'diana goodsped mason', '2020-02-08 07:00:00', 'FR');
INSERT INTO payments (id, user_id, payment_amount, created_at) VALUES (155, 361, 55.128149865628565, '2020-02-09 07:00:00');
INSERT INTO payments (id, user_id, payment_amount, created_at) VALUES (156, 361, 28.55289901296729, '2020-02-14 07:00:00');
INSERT INTO users (id, name, date_joined, country_code) VALUES (362, 'diana goodsped brown', '2020-02-08 12:00:00', 'UK');
INSERT INTO lessons (id, user_id, status, created_at, hours) VALUES (524, 362, 'SCHEDULED', '2020-02-09 12:00:00', 2);
INSERT INTO lessons (id, user_id, status, created_at, hours) VALUES (525, 362, 'CONFIRMED', '2020-02-10 12:00:00', 7);
INSERT INTO users (id, name, date_joined, country_code) VALUES (363, 'diana goodsped mcfly', '2020-02-08 14:00:00', 'DE');
INSERT INTO lessons (id, user_id, status, created_at, hours) VALUES (526, 363, 'SCHEDULED', '2020-02-12 14:00:00', 10);
INSERT INTO users (id, name, date_joined, country_code) VALUES (364, 'diana goodsped dufrain', '2020-02-08 16:00:00', 'FR');
INSERT INTO lessons (id, user_id, status, created_at, hours) VALUES (527, 364, 'CONFIRMED', '2020-02-10 16:00:00', 7);
INSERT INTO lessons (id, user_id, status, created_at, hours) VALUES (528, 364, 'SCHEDULED', '2020-02-13 16:00:00', 7);
INSERT INTO lessons (id, user_id, status, created_at, hours) VALUES (529, 364, 'CANCELED', '2020-02-16 16:00:00', 6);
INSERT INTO users (id, name, date_joined, country_code) VALUES (365, 'diana goodsped robbins', '2020-02-08 17:00:00', 'ES');
INSERT INTO users (id, name, date_joined, country_code) VALUES (366, 'diana goodsped williams', '2020-02-08 18:00:00', 'UK');
INSERT INTO lessons (id, user_id, status, created_at, hours) VALUES (530, 366, 'CANCELED', '2020-02-11 18:00:00', 1);
INSERT INTO users (id, name, date_joined, country_code) VALUES (367, 'diana goodsped goodsped', '2020-02-08 20:00:00', 'ES');
INSERT INTO lessons (id, user_id, status, created_at, hours) VALUES (531, 367, 'SCHEDULED', '2020-02-10 20:00:00', 8);
INSERT INTO lessons (id, user_id, status, created_at, hours) VALUES (532, 367, 'CONFIRMED', '2020-02-12 20:00:00', 9);
INSERT INTO users (id, name, date_joined, country_code) VALUES (368, 'diana goodsped womack', '2020-02-08 23:00:00', 'UK');
INSERT INTO payments (id, user_id, payment_amount, created_at) VALUES (157, 368, 80.88313013975346, '2020-02-13 23:00:00');
INSERT INTO payments (id, user_id, payment_amount, created_at) VALUES (158, 368, 48.59975259484658, '2020-02-16 23:00:00');
INSERT INTO lessons (id, user_id, status, created_at, hours) VALUES (533, 368, 'SCHEDULED', '2020-02-12 23:00:00', 10);
INSERT INTO users (id, name, date_joined, country_code) VALUES (369, 'diana goodsped connery', '2020-02-09 00:00:00', 'DK');
INSERT INTO lessons (id, user_id, status, created_at, hours) VALUES (534, 369, 'SCHEDULED', '2020-02-11 00:00:00', 3);
INSERT INTO lessons (id, user_id, status, created_at, hours) VALUES (535, 369, 'CONFIRMED', '2020-02-15 00:00:00', 2);
INSERT INTO lessons (id, user_id, status, created_at, hours) VALUES (536, 369, 'CANCELED', '2020-02-16 00:00:00', 4);
INSERT INTO users (id, name, date_joined, country_code) VALUES (370, 'diana goodsped bond', '2020-02-09 03:00:00', 'ES');
INSERT INTO lessons (id, user_id, status, created_at, hours) VALUES (537, 370, 'SCHEDULED', '2020-02-10 03:00:00', 6);
INSERT INTO lessons (id, user_id, status, created_at, hours) VALUES (538, 370, 'CANCELED', '2020-02-12 03:00:00', 8);
INSERT INTO users (id, name, date_joined, country_code) VALUES (371, 'diana womack mason', '2020-02-09 06:00:00', 'FR');
INSERT INTO lessons (id, user_id, status, created_at, hours) VALUES (539, 371, 'SCHEDULED', '2020-02-11 06:00:00', 1);
INSERT INTO users (id, name, date_joined, country_code) VALUES (372, 'diana womack brown', '2020-02-09 08:00:00', 'DK');
INSERT INTO users (id, name, date_joined, country_code) VALUES (373, 'diana womack mcfly', '2020-02-09 13:00:00', 'FR');
INSERT INTO lessons (id, user_id, status, created_at, hours) VALUES (540, 373, 'CANCELED', '2020-02-11 13:00:00', 7);
INSERT INTO users (id, name, date_joined, country_code) VALUES (374, 'diana womack dufrain', '2020-02-09 17:00:00', 'ES');
INSERT INTO lessons (id, user_id, status, created_at, hours) VALUES (541, 374, 'SCHEDULED', '2020-02-12 17:00:00', 2);
INSERT INTO users (id, name, date_joined, country_code) VALUES (375, 'diana womack robbins', '2020-02-09 20:00:00', 'FR');
INSERT INTO payments (id, user_id, payment_amount, created_at) VALUES (159, 375, 39.14051188435855, '2020-02-10 20:00:00');
INSERT INTO payments (id, user_id, payment_amount, created_at) VALUES (160, 375, 88.92394023820323, '2020-02-15 20:00:00');
INSERT INTO lessons (id, user_id, status, created_at, hours) VALUES (542, 375, 'SCHEDULED', '2020-02-10 20:00:00', 2);
INSERT INTO users (id, name, date_joined, country_code) VALUES (376, 'diana womack williams', '2020-02-10 01:00:00', 'FR');
INSERT INTO lessons (id, user_id, status, created_at, hours) VALUES (543, 376, 'CONFIRMED', '2020-02-11 01:00:00', 3);
INSERT INTO users (id, name, date_joined, country_code) VALUES (377, 'diana womack goodsped', '2020-02-10 02:00:00', 'DE');
INSERT INTO lessons (id, user_id, status, created_at, hours) VALUES (544, 377, 'SCHEDULED', '2020-02-12 02:00:00', 1);
INSERT INTO lessons (id, user_id, status, created_at, hours) VALUES (545, 377, 'CANCELED', '2020-02-16 02:00:00', 7);
INSERT INTO lessons (id, user_id, status, created_at, hours) VALUES (546, 377, 'CANCELED', '2020-02-19 02:00:00', 8);
INSERT INTO users (id, name, date_joined, country_code) VALUES (378, 'diana womack womack', '2020-02-10 06:00:00', 'DK');
INSERT INTO lessons (id, user_id, status, created_at, hours) VALUES (547, 378, 'CONFIRMED', '2020-02-14 06:00:00', 7);
INSERT INTO users (id, name, date_joined, country_code) VALUES (379, 'diana womack connery', '2020-02-10 07:00:00', 'DE');
INSERT INTO lessons (id, user_id, status, created_at, hours) VALUES (548, 379, 'CANCELED', '2020-02-13 07:00:00', 4);
INSERT INTO users (id, name, date_joined, country_code) VALUES (380, 'diana womack bond', '2020-02-10 09:00:00', 'ES');
INSERT INTO lessons (id, user_id, status, created_at, hours) VALUES (549, 380, 'CONFIRMED', '2020-02-11 09:00:00', 9);
INSERT INTO lessons (id, user_id, status, created_at, hours) VALUES (550, 380, 'SCHEDULED', '2020-02-15 09:00:00', 4);
INSERT INTO lessons (id, user_id, status, created_at, hours) VALUES (551, 380, 'CANCELED', '2020-02-17 09:00:00', 5);
INSERT INTO users (id, name, date_joined, country_code) VALUES (381, 'diana connery mason', '2020-02-10 13:00:00', 'DK');
INSERT INTO lessons (id, user_id, status, created_at, hours) VALUES (552, 381, 'CANCELED', '2020-02-14 13:00:00', 6);
INSERT INTO lessons (id, user_id, status, created_at, hours) VALUES (553, 381, 'CANCELED', '2020-02-16 13:00:00', 4);
INSERT INTO users (id, name, date_joined, country_code) VALUES (382, 'diana connery brown', '2020-02-10 13:00:00', 'ES');
INSERT INTO lessons (id, user_id, status, created_at, hours) VALUES (554, 382, 'CONFIRMED', '2020-02-14 13:00:00', 3);
INSERT INTO users (id, name, date_joined, country_code) VALUES (383, 'diana connery mcfly', '2020-02-10 17:00:00', 'UK');
INSERT INTO lessons (id, user_id, status, created_at, hours) VALUES (555, 383, 'CONFIRMED', '2020-02-12 17:00:00', 4);
INSERT INTO lessons (id, user_id, status, created_at, hours) VALUES (556, 383, 'CANCELED', '2020-02-14 17:00:00', 5);
INSERT INTO users (id, name, date_joined, country_code) VALUES (384, 'diana connery dufrain', '2020-02-10 21:00:00', 'DK');
INSERT INTO lessons (id, user_id, status, created_at, hours) VALUES (557, 384, 'SCHEDULED', '2020-02-13 21:00:00', 3);
INSERT INTO lessons (id, user_id, status, created_at, hours) VALUES (558, 384, 'SCHEDULED', '2020-02-14 21:00:00', 3);
INSERT INTO users (id, name, date_joined, country_code) VALUES (385, 'diana connery robbins', '2020-02-10 23:00:00', 'DK');
INSERT INTO lessons (id, user_id, status, created_at, hours) VALUES (559, 385, 'CANCELED', '2020-02-13 23:00:00', 6);
INSERT INTO lessons (id, user_id, status, created_at, hours) VALUES (560, 385, 'CONFIRMED', '2020-02-15 23:00:00', 1);
INSERT INTO users (id, name, date_joined, country_code) VALUES (386, 'diana connery williams', '2020-02-11 02:00:00', 'DE');
INSERT INTO lessons (id, user_id, status, created_at, hours) VALUES (561, 386, 'CANCELED', '2020-02-13 02:00:00', 4);
INSERT INTO lessons (id, user_id, status, created_at, hours) VALUES (562, 386, 'SCHEDULED', '2020-02-17 02:00:00', 5);
INSERT INTO users (id, name, date_joined, country_code) VALUES (387, 'diana connery goodsped', '2020-02-11 03:00:00', 'UK');
INSERT INTO lessons (id, user_id, status, created_at, hours) VALUES (563, 387, 'CANCELED', '2020-02-13 03:00:00', 9);
INSERT INTO users (id, name, date_joined, country_code) VALUES (388, 'diana connery womack', '2020-02-11 03:00:00', 'FR');
INSERT INTO lessons (id, user_id, status, created_at, hours) VALUES (564, 388, 'CANCELED', '2020-02-14 03:00:00', 3);
INSERT INTO users (id, name, date_joined, country_code) VALUES (389, 'diana connery connery', '2020-02-11 06:00:00', 'UK');
INSERT INTO payments (id, user_id, payment_amount, created_at) VALUES (161, 389, 75.16166730276358, '2020-02-13 06:00:00');
INSERT INTO payments (id, user_id, payment_amount, created_at) VALUES (162, 389, 35.274692740856196, '2020-02-16 06:00:00');
INSERT INTO lessons (id, user_id, status, created_at, hours) VALUES (565, 389, 'SCHEDULED', '2020-02-15 06:00:00', 8);
INSERT INTO users (id, name, date_joined, country_code) VALUES (390, 'diana connery bond', '2020-02-11 11:00:00', 'DE');
INSERT INTO lessons (id, user_id, status, created_at, hours) VALUES (566, 390, 'CANCELED', '2020-02-12 11:00:00', 5);
INSERT INTO users (id, name, date_joined, country_code) VALUES (391, 'diana bond mason', '2020-02-11 13:00:00', 'UK');
INSERT INTO payments (id, user_id, payment_amount, created_at) VALUES (163, 391, 23.9633308880439, '2020-02-14 13:00:00');
INSERT INTO payments (id, user_id, payment_amount, created_at) VALUES (164, 391, 39.27099550306523, '2020-02-18 13:00:00');
INSERT INTO lessons (id, user_id, status, created_at, hours) VALUES (567, 391, 'CANCELED', '2020-02-14 13:00:00', 4);
INSERT INTO lessons (id, user_id, status, created_at, hours) VALUES (568, 391, 'CONFIRMED', '2020-02-17 13:00:00', 9);
INSERT INTO users (id, name, date_joined, country_code) VALUES (392, 'diana bond brown', '2020-02-11 15:00:00', 'FR');
INSERT INTO payments (id, user_id, payment_amount, created_at) VALUES (165, 392, 44.527868795539426, '2020-02-15 15:00:00');
INSERT INTO payments (id, user_id, payment_amount, created_at) VALUES (166, 392, 44.431633337427876, '2020-02-18 15:00:00');
INSERT INTO lessons (id, user_id, status, created_at, hours) VALUES (569, 392, 'CONFIRMED', '2020-02-14 15:00:00', 10);
INSERT INTO lessons (id, user_id, status, created_at, hours) VALUES (570, 392, 'CANCELED', '2020-02-17 15:00:00', 2);
INSERT INTO lessons (id, user_id, status, created_at, hours) VALUES (571, 392, 'SCHEDULED', '2020-02-21 15:00:00', 2);
INSERT INTO users (id, name, date_joined, country_code) VALUES (393, 'diana bond mcfly', '2020-02-11 20:00:00', 'FR');
INSERT INTO payments (id, user_id, payment_amount, created_at) VALUES (167, 393, 2.1412521809883844, '2020-02-14 20:00:00');
INSERT INTO payments (id, user_id, payment_amount, created_at) VALUES (168, 393, 29.88722588068019, '2020-02-19 20:00:00');
INSERT INTO lessons (id, user_id, status, created_at, hours) VALUES (572, 393, 'CONFIRMED', '2020-02-13 20:00:00', 9);
INSERT INTO users (id, name, date_joined, country_code) VALUES (394, 'diana bond dufrain', '2020-02-11 20:00:00', 'UK');
INSERT INTO lessons (id, user_id, status, created_at, hours) VALUES (573, 394, 'CANCELED', '2020-02-12 20:00:00', 8);
INSERT INTO lessons (id, user_id, status, created_at, hours) VALUES (574, 394, 'SCHEDULED', '2020-02-13 20:00:00', 7);
INSERT INTO users (id, name, date_joined, country_code) VALUES (395, 'diana bond robbins', '2020-02-11 21:00:00', 'DE');
INSERT INTO users (id, name, date_joined, country_code) VALUES (396, 'diana bond williams', '2020-02-12 02:00:00', 'ES');
INSERT INTO users (id, name, date_joined, country_code) VALUES (397, 'diana bond goodsped', '2020-02-12 02:00:00', 'DE');
INSERT INTO payments (id, user_id, payment_amount, created_at) VALUES (169, 397, 90.26430390654816, '2020-02-17 02:00:00');
INSERT INTO lessons (id, user_id, status, created_at, hours) VALUES (575, 397, 'SCHEDULED', '2020-02-13 02:00:00', 8);
INSERT INTO lessons (id, user_id, status, created_at, hours) VALUES (576, 397, 'CANCELED', '2020-02-15 02:00:00', 8);
INSERT INTO users (id, name, date_joined, country_code) VALUES (398, 'diana bond womack', '2020-02-12 07:00:00', 'ES');
INSERT INTO payments (id, user_id, payment_amount, created_at) VALUES (170, 398, 74.39149805046162, '2020-02-15 07:00:00');
INSERT INTO lessons (id, user_id, status, created_at, hours) VALUES (577, 398, 'CONFIRMED', '2020-02-14 07:00:00', 3);
INSERT INTO users (id, name, date_joined, country_code) VALUES (399, 'diana bond connery', '2020-02-12 07:00:00', 'DK');
INSERT INTO lessons (id, user_id, status, created_at, hours) VALUES (578, 399, 'CANCELED', '2020-02-13 07:00:00', 7);
INSERT INTO users (id, name, date_joined, country_code) VALUES (400, 'diana bond bond', '2020-02-12 09:00:00', 'FR');
INSERT INTO users (id, name, date_joined, country_code) VALUES (401, 'marc mason mason', '2020-02-12 13:00:00', 'UK');
INSERT INTO lessons (id, user_id, status, created_at, hours) VALUES (579, 401, 'SCHEDULED', '2020-02-15 13:00:00', 1);
INSERT INTO users (id, name, date_joined, country_code) VALUES (402, 'marc mason brown', '2020-02-12 16:00:00', 'DK');
INSERT INTO lessons (id, user_id, status, created_at, hours) VALUES (580, 402, 'SCHEDULED', '2020-02-15 16:00:00', 5);
INSERT INTO lessons (id, user_id, status, created_at, hours) VALUES (581, 402, 'SCHEDULED', '2020-02-18 16:00:00', 1);
INSERT INTO users (id, name, date_joined, country_code) VALUES (403, 'marc mason mcfly', '2020-02-12 21:00:00', 'ES');
INSERT INTO payments (id, user_id, payment_amount, created_at) VALUES (171, 403, 57.5566487650918, '2020-02-16 21:00:00');
INSERT INTO payments (id, user_id, payment_amount, created_at) VALUES (172, 403, 21.886718871385614, '2020-02-19 21:00:00');
INSERT INTO lessons (id, user_id, status, created_at, hours) VALUES (582, 403, 'SCHEDULED', '2020-02-14 21:00:00', 4);
INSERT INTO lessons (id, user_id, status, created_at, hours) VALUES (583, 403, 'CANCELED', '2020-02-16 21:00:00', 4);
INSERT INTO users (id, name, date_joined, country_code) VALUES (404, 'marc mason dufrain', '2020-02-12 22:00:00', 'FR');
INSERT INTO lessons (id, user_id, status, created_at, hours) VALUES (584, 404, 'CANCELED', '2020-02-15 22:00:00', 6);
INSERT INTO lessons (id, user_id, status, created_at, hours) VALUES (585, 404, 'SCHEDULED', '2020-02-19 22:00:00', 4);
INSERT INTO users (id, name, date_joined, country_code) VALUES (405, 'marc mason robbins', '2020-02-13 03:00:00', 'DE');
INSERT INTO lessons (id, user_id, status, created_at, hours) VALUES (586, 405, 'CONFIRMED', '2020-02-17 03:00:00', 2);
INSERT INTO lessons (id, user_id, status, created_at, hours) VALUES (587, 405, 'SCHEDULED', '2020-02-19 03:00:00', 9);
INSERT INTO users (id, name, date_joined, country_code) VALUES (406, 'marc mason williams', '2020-02-13 08:00:00', 'FR');
INSERT INTO lessons (id, user_id, status, created_at, hours) VALUES (588, 406, 'SCHEDULED', '2020-02-15 08:00:00', 4);
INSERT INTO lessons (id, user_id, status, created_at, hours) VALUES (589, 406, 'CANCELED', '2020-02-18 08:00:00', 1);
INSERT INTO users (id, name, date_joined, country_code) VALUES (407, 'marc mason goodsped', '2020-02-13 09:00:00', 'DK');
INSERT INTO users (id, name, date_joined, country_code) VALUES (408, 'marc mason womack', '2020-02-13 12:00:00', 'FR');
INSERT INTO users (id, name, date_joined, country_code) VALUES (409, 'marc mason connery', '2020-02-13 12:00:00', 'ES');
INSERT INTO lessons (id, user_id, status, created_at, hours) VALUES (590, 409, 'CONFIRMED', '2020-02-15 12:00:00', 2);
INSERT INTO lessons (id, user_id, status, created_at, hours) VALUES (591, 409, 'CANCELED', '2020-02-16 12:00:00', 7);
INSERT INTO lessons (id, user_id, status, created_at, hours) VALUES (592, 409, 'CONFIRMED', '2020-02-19 12:00:00', 7);
INSERT INTO users (id, name, date_joined, country_code) VALUES (410, 'marc mason bond', '2020-02-13 15:00:00', 'FR');
INSERT INTO payments (id, user_id, payment_amount, created_at) VALUES (173, 410, 76.19149457229179, '2020-02-15 15:00:00');
INSERT INTO lessons (id, user_id, status, created_at, hours) VALUES (593, 410, 'SCHEDULED', '2020-02-14 15:00:00', 7);
INSERT INTO lessons (id, user_id, status, created_at, hours) VALUES (594, 410, 'CANCELED', '2020-02-17 15:00:00', 6);
INSERT INTO users (id, name, date_joined, country_code) VALUES (411, 'marc brown mason', '2020-02-13 15:00:00', 'DK');
INSERT INTO lessons (id, user_id, status, created_at, hours) VALUES (595, 411, 'SCHEDULED', '2020-02-17 15:00:00', 5);
INSERT INTO lessons (id, user_id, status, created_at, hours) VALUES (596, 411, 'CANCELED', '2020-02-21 15:00:00', 9);
INSERT INTO lessons (id, user_id, status, created_at, hours) VALUES (597, 411, 'SCHEDULED', '2020-02-23 15:00:00', 2);
INSERT INTO users (id, name, date_joined, country_code) VALUES (412, 'marc brown brown', '2020-02-13 16:00:00', 'ES');
INSERT INTO lessons (id, user_id, status, created_at, hours) VALUES (598, 412, 'CONFIRMED', '2020-02-17 16:00:00', 8);
INSERT INTO lessons (id, user_id, status, created_at, hours) VALUES (599, 412, 'CONFIRMED', '2020-02-19 16:00:00', 4);
INSERT INTO users (id, name, date_joined, country_code) VALUES (413, 'marc brown mcfly', '2020-02-13 21:00:00', 'ES');
INSERT INTO lessons (id, user_id, status, created_at, hours) VALUES (600, 413, 'CONFIRMED', '2020-02-16 21:00:00', 9);
INSERT INTO users (id, name, date_joined, country_code) VALUES (414, 'marc brown dufrain', '2020-02-14 00:00:00', 'DK');
INSERT INTO payments (id, user_id, payment_amount, created_at) VALUES (174, 414, 50.08804936111616, '2020-02-15 00:00:00');
INSERT INTO lessons (id, user_id, status, created_at, hours) VALUES (601, 414, 'CANCELED', '2020-02-15 00:00:00', 5);
INSERT INTO users (id, name, date_joined, country_code) VALUES (415, 'marc brown robbins', '2020-02-14 05:00:00', 'DK');
INSERT INTO payments (id, user_id, payment_amount, created_at) VALUES (175, 415, 18.878677102172748, '2020-02-16 05:00:00');
INSERT INTO lessons (id, user_id, status, created_at, hours) VALUES (602, 415, 'CANCELED', '2020-02-16 05:00:00', 9);
INSERT INTO users (id, name, date_joined, country_code) VALUES (416, 'marc brown williams', '2020-02-14 09:00:00', 'ES');
INSERT INTO lessons (id, user_id, status, created_at, hours) VALUES (603, 416, 'CANCELED', '2020-02-16 09:00:00', 5);
INSERT INTO lessons (id, user_id, status, created_at, hours) VALUES (604, 416, 'CANCELED', '2020-02-20 09:00:00', 3);
INSERT INTO users (id, name, date_joined, country_code) VALUES (417, 'marc brown goodsped', '2020-02-14 10:00:00', 'ES');
INSERT INTO payments (id, user_id, payment_amount, created_at) VALUES (176, 417, 4.7320180784042325, '2020-02-18 10:00:00');
INSERT INTO lessons (id, user_id, status, created_at, hours) VALUES (605, 417, 'CONFIRMED', '2020-02-17 10:00:00', 4);
INSERT INTO lessons (id, user_id, status, created_at, hours) VALUES (606, 417, 'CANCELED', '2020-02-18 10:00:00', 7);
INSERT INTO users (id, name, date_joined, country_code) VALUES (418, 'marc brown womack', '2020-02-14 15:00:00', 'ES');
INSERT INTO lessons (id, user_id, status, created_at, hours) VALUES (607, 418, 'CONFIRMED', '2020-02-17 15:00:00', 5);
INSERT INTO users (id, name, date_joined, country_code) VALUES (419, 'marc brown connery', '2020-02-14 16:00:00', 'DE');
INSERT INTO lessons (id, user_id, status, created_at, hours) VALUES (608, 419, 'CONFIRMED', '2020-02-17 16:00:00', 9);
INSERT INTO lessons (id, user_id, status, created_at, hours) VALUES (609, 419, 'SCHEDULED', '2020-02-18 16:00:00', 7);
INSERT INTO lessons (id, user_id, status, created_at, hours) VALUES (610, 419, 'CONFIRMED', '2020-02-19 16:00:00', 5);
INSERT INTO users (id, name, date_joined, country_code) VALUES (420, 'marc brown bond', '2020-02-14 18:00:00', 'FR');
INSERT INTO payments (id, user_id, payment_amount, created_at) VALUES (177, 420, 69.73116048907269, '2020-02-19 18:00:00');
INSERT INTO payments (id, user_id, payment_amount, created_at) VALUES (178, 420, 49.626665109757525, '2020-02-21 18:00:00');
INSERT INTO lessons (id, user_id, status, created_at, hours) VALUES (611, 420, 'CONFIRMED', '2020-02-16 18:00:00', 6);
INSERT INTO lessons (id, user_id, status, created_at, hours) VALUES (612, 420, 'CONFIRMED', '2020-02-18 18:00:00', 6);
INSERT INTO users (id, name, date_joined, country_code) VALUES (421, 'marc mcfly mason', '2020-02-14 23:00:00', 'DE');
INSERT INTO lessons (id, user_id, status, created_at, hours) VALUES (613, 421, 'CONFIRMED', '2020-02-15 23:00:00', 4);
INSERT INTO lessons (id, user_id, status, created_at, hours) VALUES (614, 421, 'SCHEDULED', '2020-02-18 23:00:00', 4);
INSERT INTO users (id, name, date_joined, country_code) VALUES (422, 'marc mcfly brown', '2020-02-15 04:00:00', 'ES');
INSERT INTO payments (id, user_id, payment_amount, created_at) VALUES (179, 422, 18.722748129585653, '2020-02-19 04:00:00');
INSERT INTO payments (id, user_id, payment_amount, created_at) VALUES (180, 422, 31.38227872281093, '2020-02-21 04:00:00');
INSERT INTO lessons (id, user_id, status, created_at, hours) VALUES (615, 422, 'SCHEDULED', '2020-02-16 04:00:00', 4);
INSERT INTO lessons (id, user_id, status, created_at, hours) VALUES (616, 422, 'CONFIRMED', '2020-02-20 04:00:00', 8);
INSERT INTO users (id, name, date_joined, country_code) VALUES (423, 'marc mcfly mcfly', '2020-02-15 08:00:00', 'UK');
INSERT INTO lessons (id, user_id, status, created_at, hours) VALUES (617, 423, 'CONFIRMED', '2020-02-18 08:00:00', 4);
INSERT INTO lessons (id, user_id, status, created_at, hours) VALUES (618, 423, 'SCHEDULED', '2020-02-22 08:00:00', 6);
INSERT INTO lessons (id, user_id, status, created_at, hours) VALUES (619, 423, 'SCHEDULED', '2020-02-26 08:00:00', 3);
INSERT INTO users (id, name, date_joined, country_code) VALUES (424, 'marc mcfly dufrain', '2020-02-15 12:00:00', 'FR');
INSERT INTO lessons (id, user_id, status, created_at, hours) VALUES (620, 424, 'CONFIRMED', '2020-02-17 12:00:00', 2);
INSERT INTO lessons (id, user_id, status, created_at, hours) VALUES (621, 424, 'CONFIRMED', '2020-02-18 12:00:00', 10);
INSERT INTO users (id, name, date_joined, country_code) VALUES (425, 'marc mcfly robbins', '2020-02-15 12:00:00', 'DE');
INSERT INTO lessons (id, user_id, status, created_at, hours) VALUES (622, 425, 'CANCELED', '2020-02-16 12:00:00', 6);
INSERT INTO lessons (id, user_id, status, created_at, hours) VALUES (623, 425, 'CONFIRMED', '2020-02-17 12:00:00', 9);
INSERT INTO users (id, name, date_joined, country_code) VALUES (426, 'marc mcfly williams', '2020-02-15 14:00:00', 'DK');
INSERT INTO lessons (id, user_id, status, created_at, hours) VALUES (624, 426, 'CANCELED', '2020-02-18 14:00:00', 9);
INSERT INTO lessons (id, user_id, status, created_at, hours) VALUES (625, 426, 'CANCELED', '2020-02-19 14:00:00', 9);
INSERT INTO lessons (id, user_id, status, created_at, hours) VALUES (626, 426, 'SCHEDULED', '2020-02-20 14:00:00', 3);
INSERT INTO users (id, name, date_joined, country_code) VALUES (427, 'marc mcfly goodsped', '2020-02-15 16:00:00', 'ES');
INSERT INTO lessons (id, user_id, status, created_at, hours) VALUES (627, 427, 'SCHEDULED', '2020-02-19 16:00:00', 3);
INSERT INTO lessons (id, user_id, status, created_at, hours) VALUES (628, 427, 'CANCELED', '2020-02-21 16:00:00', 9);
INSERT INTO lessons (id, user_id, status, created_at, hours) VALUES (629, 427, 'SCHEDULED', '2020-02-24 16:00:00', 2);
INSERT INTO users (id, name, date_joined, country_code) VALUES (428, 'marc mcfly womack', '2020-02-15 21:00:00', 'ES');
INSERT INTO lessons (id, user_id, status, created_at, hours) VALUES (630, 428, 'CONFIRMED', '2020-02-16 21:00:00', 4);
INSERT INTO lessons (id, user_id, status, created_at, hours) VALUES (631, 428, 'SCHEDULED', '2020-02-19 21:00:00', 7);
INSERT INTO users (id, name, date_joined, country_code) VALUES (429, 'marc mcfly connery', '2020-02-16 01:00:00', 'FR');
INSERT INTO payments (id, user_id, payment_amount, created_at) VALUES (181, 429, 99.22988943646725, '2020-02-21 01:00:00');
INSERT INTO lessons (id, user_id, status, created_at, hours) VALUES (632, 429, 'CONFIRMED', '2020-02-18 01:00:00', 7);
INSERT INTO users (id, name, date_joined, country_code) VALUES (430, 'marc mcfly bond', '2020-02-16 04:00:00', 'DK');
INSERT INTO lessons (id, user_id, status, created_at, hours) VALUES (633, 430, 'CANCELED', '2020-02-17 04:00:00', 3);
INSERT INTO lessons (id, user_id, status, created_at, hours) VALUES (634, 430, 'CANCELED', '2020-02-21 04:00:00', 9);
INSERT INTO users (id, name, date_joined, country_code) VALUES (431, 'marc dufrain mason', '2020-02-16 05:00:00', 'DE');
INSERT INTO lessons (id, user_id, status, created_at, hours) VALUES (635, 431, 'CONFIRMED', '2020-02-19 05:00:00', 3);
INSERT INTO lessons (id, user_id, status, created_at, hours) VALUES (636, 431, 'CANCELED', '2020-02-22 05:00:00', 3);
INSERT INTO users (id, name, date_joined, country_code) VALUES (432, 'marc dufrain brown', '2020-02-16 07:00:00', 'DK');
INSERT INTO lessons (id, user_id, status, created_at, hours) VALUES (637, 432, 'CANCELED', '2020-02-17 07:00:00', 6);
INSERT INTO lessons (id, user_id, status, created_at, hours) VALUES (638, 432, 'CONFIRMED', '2020-02-20 07:00:00', 6);
INSERT INTO users (id, name, date_joined, country_code) VALUES (433, 'marc dufrain mcfly', '2020-02-16 11:00:00', 'DE');
INSERT INTO lessons (id, user_id, status, created_at, hours) VALUES (639, 433, 'SCHEDULED', '2020-02-17 11:00:00', 5);
INSERT INTO lessons (id, user_id, status, created_at, hours) VALUES (640, 433, 'CONFIRMED', '2020-02-19 11:00:00', 3);
INSERT INTO users (id, name, date_joined, country_code) VALUES (434, 'marc dufrain dufrain', '2020-02-16 11:00:00', 'FR');
INSERT INTO payments (id, user_id, payment_amount, created_at) VALUES (182, 434, 26.900400655744594, '2020-02-20 11:00:00');
INSERT INTO payments (id, user_id, payment_amount, created_at) VALUES (183, 434, 73.90923625604974, '2020-02-21 11:00:00');
INSERT INTO lessons (id, user_id, status, created_at, hours) VALUES (641, 434, 'SCHEDULED', '2020-02-17 11:00:00', 8);
INSERT INTO lessons (id, user_id, status, created_at, hours) VALUES (642, 434, 'CANCELED', '2020-02-19 11:00:00', 3);
INSERT INTO lessons (id, user_id, status, created_at, hours) VALUES (643, 434, 'CANCELED', '2020-02-21 11:00:00', 3);
INSERT INTO users (id, name, date_joined, country_code) VALUES (435, 'marc dufrain robbins', '2020-02-16 12:00:00', 'UK');
INSERT INTO lessons (id, user_id, status, created_at, hours) VALUES (644, 435, 'CANCELED', '2020-02-20 12:00:00', 3);
INSERT INTO users (id, name, date_joined, country_code) VALUES (436, 'marc dufrain williams', '2020-02-16 12:00:00', 'FR');
INSERT INTO payments (id, user_id, payment_amount, created_at) VALUES (184, 436, 97.90443869490291, '2020-02-19 12:00:00');
INSERT INTO payments (id, user_id, payment_amount, created_at) VALUES (185, 436, 21.963241796680045, '2020-02-21 12:00:00');
INSERT INTO users (id, name, date_joined, country_code) VALUES (437, 'marc dufrain goodsped', '2020-02-16 13:00:00', 'DE');
INSERT INTO lessons (id, user_id, status, created_at, hours) VALUES (645, 437, 'CONFIRMED', '2020-02-18 13:00:00', 9);
INSERT INTO lessons (id, user_id, status, created_at, hours) VALUES (646, 437, 'CANCELED', '2020-02-19 13:00:00', 2);
INSERT INTO users (id, name, date_joined, country_code) VALUES (438, 'marc dufrain womack', '2020-02-16 15:00:00', 'ES');
INSERT INTO lessons (id, user_id, status, created_at, hours) VALUES (647, 438, 'CONFIRMED', '2020-02-20 15:00:00', 4);
INSERT INTO lessons (id, user_id, status, created_at, hours) VALUES (648, 438, 'SCHEDULED', '2020-02-23 15:00:00', 8);
INSERT INTO users (id, name, date_joined, country_code) VALUES (439, 'marc dufrain connery', '2020-02-16 20:00:00', 'DK');
INSERT INTO payments (id, user_id, payment_amount, created_at) VALUES (186, 439, 13.683082267787272, '2020-02-21 20:00:00');
INSERT INTO lessons (id, user_id, status, created_at, hours) VALUES (649, 439, 'SCHEDULED', '2020-02-17 20:00:00', 3);
INSERT INTO users (id, name, date_joined, country_code) VALUES (440, 'marc dufrain bond', '2020-02-16 23:00:00', 'UK');
INSERT INTO payments (id, user_id, payment_amount, created_at) VALUES (187, 440, 95.0843436766252, '2020-02-19 23:00:00');
INSERT INTO payments (id, user_id, payment_amount, created_at) VALUES (188, 440, 86.22823101570913, '2020-02-24 23:00:00');
INSERT INTO lessons (id, user_id, status, created_at, hours) VALUES (650, 440, 'SCHEDULED', '2020-02-18 23:00:00', 2);
INSERT INTO users (id, name, date_joined, country_code) VALUES (441, 'marc robbins mason', '2020-02-17 02:00:00', 'FR');
INSERT INTO lessons (id, user_id, status, created_at, hours) VALUES (651, 441, 'SCHEDULED', '2020-02-19 02:00:00', 5);
INSERT INTO lessons (id, user_id, status, created_at, hours) VALUES (652, 441, 'CONFIRMED', '2020-02-20 02:00:00', 6);
INSERT INTO users (id, name, date_joined, country_code) VALUES (442, 'marc robbins brown', '2020-02-17 06:00:00', 'FR');
INSERT INTO payments (id, user_id, payment_amount, created_at) VALUES (189, 442, 71.2178879754541, '2020-02-20 06:00:00');
INSERT INTO payments (id, user_id, payment_amount, created_at) VALUES (190, 442, 92.09060641402903, '2020-02-25 06:00:00');
INSERT INTO lessons (id, user_id, status, created_at, hours) VALUES (653, 442, 'SCHEDULED', '2020-02-20 06:00:00', 10);
INSERT INTO users (id, name, date_joined, country_code) VALUES (443, 'marc robbins mcfly', '2020-02-17 11:00:00', 'FR');
INSERT INTO lessons (id, user_id, status, created_at, hours) VALUES (654, 443, 'SCHEDULED', '2020-02-20 11:00:00', 9);
INSERT INTO lessons (id, user_id, status, created_at, hours) VALUES (655, 443, 'CANCELED', '2020-02-24 11:00:00', 9);
INSERT INTO users (id, name, date_joined, country_code) VALUES (444, 'marc robbins dufrain', '2020-02-17 14:00:00', 'DK');
INSERT INTO payments (id, user_id, payment_amount, created_at) VALUES (191, 444, 99.08900833749351, '2020-02-21 14:00:00');
INSERT INTO lessons (id, user_id, status, created_at, hours) VALUES (656, 444, 'CONFIRMED', '2020-02-20 14:00:00', 1);
INSERT INTO users (id, name, date_joined, country_code) VALUES (445, 'marc robbins robbins', '2020-02-17 18:00:00', 'ES');
INSERT INTO lessons (id, user_id, status, created_at, hours) VALUES (657, 445, 'SCHEDULED', '2020-02-18 18:00:00', 4);
INSERT INTO lessons (id, user_id, status, created_at, hours) VALUES (658, 445, 'CONFIRMED', '2020-02-21 18:00:00', 8);
INSERT INTO lessons (id, user_id, status, created_at, hours) VALUES (659, 445, 'CONFIRMED', '2020-02-24 18:00:00', 2);
INSERT INTO users (id, name, date_joined, country_code) VALUES (446, 'marc robbins williams', '2020-02-17 22:00:00', 'ES');
INSERT INTO lessons (id, user_id, status, created_at, hours) VALUES (660, 446, 'CONFIRMED', '2020-02-19 22:00:00', 3);
INSERT INTO users (id, name, date_joined, country_code) VALUES (447, 'marc robbins goodsped', '2020-02-18 02:00:00', 'ES');
INSERT INTO payments (id, user_id, payment_amount, created_at) VALUES (192, 447, 28.592778699097, '2020-02-19 02:00:00');
INSERT INTO lessons (id, user_id, status, created_at, hours) VALUES (661, 447, 'CANCELED', '2020-02-21 02:00:00', 7);
INSERT INTO users (id, name, date_joined, country_code) VALUES (448, 'marc robbins womack', '2020-02-18 03:00:00', 'FR');
INSERT INTO lessons (id, user_id, status, created_at, hours) VALUES (662, 448, 'CANCELED', '2020-02-20 03:00:00', 10);
INSERT INTO lessons (id, user_id, status, created_at, hours) VALUES (663, 448, 'CANCELED', '2020-02-23 03:00:00', 9);
INSERT INTO users (id, name, date_joined, country_code) VALUES (449, 'marc robbins connery', '2020-02-18 03:00:00', 'FR');
INSERT INTO lessons (id, user_id, status, created_at, hours) VALUES (664, 449, 'CONFIRMED', '2020-02-21 03:00:00', 1);
INSERT INTO users (id, name, date_joined, country_code) VALUES (450, 'marc robbins bond', '2020-02-18 07:00:00', 'DE');
INSERT INTO payments (id, user_id, payment_amount, created_at) VALUES (193, 450, 26.612061973869782, '2020-02-19 07:00:00');
INSERT INTO payments (id, user_id, payment_amount, created_at) VALUES (194, 450, 79.92364768377585, '2020-02-22 07:00:00');
INSERT INTO lessons (id, user_id, status, created_at, hours) VALUES (665, 450, 'CONFIRMED', '2020-02-19 07:00:00', 3);
INSERT INTO lessons (id, user_id, status, created_at, hours) VALUES (666, 450, 'CONFIRMED', '2020-02-22 07:00:00', 4);
INSERT INTO users (id, name, date_joined, country_code) VALUES (451, 'marc williams mason', '2020-02-18 08:00:00', 'UK');
INSERT INTO lessons (id, user_id, status, created_at, hours) VALUES (667, 451, 'SCHEDULED', '2020-02-22 08:00:00', 7);
INSERT INTO users (id, name, date_joined, country_code) VALUES (452, 'marc williams brown', '2020-02-18 12:00:00', 'DK');
INSERT INTO lessons (id, user_id, status, created_at, hours) VALUES (668, 452, 'CANCELED', '2020-02-22 12:00:00', 5);
INSERT INTO users (id, name, date_joined, country_code) VALUES (453, 'marc williams mcfly', '2020-02-18 15:00:00', 'ES');
INSERT INTO lessons (id, user_id, status, created_at, hours) VALUES (669, 453, 'CANCELED', '2020-02-19 15:00:00', 5);
INSERT INTO users (id, name, date_joined, country_code) VALUES (454, 'marc williams dufrain', '2020-02-18 19:00:00', 'FR');
INSERT INTO lessons (id, user_id, status, created_at, hours) VALUES (670, 454, 'CANCELED', '2020-02-21 19:00:00', 9);
INSERT INTO users (id, name, date_joined, country_code) VALUES (455, 'marc williams robbins', '2020-02-18 23:00:00', 'FR');
INSERT INTO users (id, name, date_joined, country_code) VALUES (456, 'marc williams williams', '2020-02-19 02:00:00', 'DE');
INSERT INTO users (id, name, date_joined, country_code) VALUES (457, 'marc williams goodsped', '2020-02-19 06:00:00', 'DE');
INSERT INTO lessons (id, user_id, status, created_at, hours) VALUES (671, 457, 'SCHEDULED', '2020-02-20 06:00:00', 6);
INSERT INTO lessons (id, user_id, status, created_at, hours) VALUES (672, 457, 'CONFIRMED', '2020-02-21 06:00:00', 8);
INSERT INTO users (id, name, date_joined, country_code) VALUES (458, 'marc williams womack', '2020-02-19 11:00:00', 'UK');
INSERT INTO lessons (id, user_id, status, created_at, hours) VALUES (673, 458, 'CONFIRMED', '2020-02-23 11:00:00', 10);
INSERT INTO lessons (id, user_id, status, created_at, hours) VALUES (674, 458, 'CANCELED', '2020-02-24 11:00:00', 9);
INSERT INTO users (id, name, date_joined, country_code) VALUES (459, 'marc williams connery', '2020-02-19 15:00:00', 'ES');
INSERT INTO users (id, name, date_joined, country_code) VALUES (460, 'marc williams bond', '2020-02-19 20:00:00', 'UK');
INSERT INTO payments (id, user_id, payment_amount, created_at) VALUES (195, 460, 29.351651314620362, '2020-02-22 20:00:00');
INSERT INTO lessons (id, user_id, status, created_at, hours) VALUES (675, 460, 'CANCELED', '2020-02-21 20:00:00', 6);
INSERT INTO lessons (id, user_id, status, created_at, hours) VALUES (676, 460, 'CANCELED', '2020-02-22 20:00:00', 7);
INSERT INTO users (id, name, date_joined, country_code) VALUES (461, 'marc goodsped mason', '2020-02-19 21:00:00', 'ES');
INSERT INTO users (id, name, date_joined, country_code) VALUES (462, 'marc goodsped brown', '2020-02-20 00:00:00', 'DE');
INSERT INTO payments (id, user_id, payment_amount, created_at) VALUES (196, 462, 26.564716693487277, '2020-02-21 00:00:00');
INSERT INTO payments (id, user_id, payment_amount, created_at) VALUES (197, 462, 20.799565964438006, '2020-02-25 00:00:00');
INSERT INTO lessons (id, user_id, status, created_at, hours) VALUES (677, 462, 'SCHEDULED', '2020-02-23 00:00:00', 10);
INSERT INTO lessons (id, user_id, status, created_at, hours) VALUES (678, 462, 'CANCELED', '2020-02-24 00:00:00', 5);
INSERT INTO users (id, name, date_joined, country_code) VALUES (463, 'marc goodsped mcfly', '2020-02-20 05:00:00', 'DK');
INSERT INTO lessons (id, user_id, status, created_at, hours) VALUES (679, 463, 'CANCELED', '2020-02-21 05:00:00', 3);
INSERT INTO users (id, name, date_joined, country_code) VALUES (464, 'marc goodsped dufrain', '2020-02-20 10:00:00', 'DE');
INSERT INTO users (id, name, date_joined, country_code) VALUES (465, 'marc goodsped robbins', '2020-02-20 10:00:00', 'DK');
INSERT INTO lessons (id, user_id, status, created_at, hours) VALUES (680, 465, 'CANCELED', '2020-02-24 10:00:00', 1);
INSERT INTO lessons (id, user_id, status, created_at, hours) VALUES (681, 465, 'CONFIRMED', '2020-02-25 10:00:00', 2);
INSERT INTO users (id, name, date_joined, country_code) VALUES (466, 'marc goodsped williams', '2020-02-20 14:00:00', 'FR');
INSERT INTO payments (id, user_id, payment_amount, created_at) VALUES (198, 466, 6.752672695037576, '2020-02-24 14:00:00');
INSERT INTO lessons (id, user_id, status, created_at, hours) VALUES (682, 466, 'CANCELED', '2020-02-22 14:00:00', 10);
INSERT INTO users (id, name, date_joined, country_code) VALUES (467, 'marc goodsped goodsped', '2020-02-20 14:00:00', 'DK');
INSERT INTO payments (id, user_id, payment_amount, created_at) VALUES (199, 467, 44.777540093230265, '2020-02-23 14:00:00');
INSERT INTO lessons (id, user_id, status, created_at, hours) VALUES (683, 467, 'SCHEDULED', '2020-02-23 14:00:00', 4);
INSERT INTO users (id, name, date_joined, country_code) VALUES (468, 'marc goodsped womack', '2020-02-20 16:00:00', 'DK');
INSERT INTO payments (id, user_id, payment_amount, created_at) VALUES (200, 468, 67.08843274137342, '2020-02-22 16:00:00');
INSERT INTO payments (id, user_id, payment_amount, created_at) VALUES (201, 468, 53.11614725316818, '2020-02-26 16:00:00');
INSERT INTO lessons (id, user_id, status, created_at, hours) VALUES (684, 468, 'CONFIRMED', '2020-02-21 16:00:00', 2);
INSERT INTO lessons (id, user_id, status, created_at, hours) VALUES (685, 468, 'CANCELED', '2020-02-24 16:00:00', 8);
INSERT INTO users (id, name, date_joined, country_code) VALUES (469, 'marc goodsped connery', '2020-02-20 18:00:00', 'FR');
INSERT INTO lessons (id, user_id, status, created_at, hours) VALUES (686, 469, 'SCHEDULED', '2020-02-22 18:00:00', 7);
INSERT INTO lessons (id, user_id, status, created_at, hours) VALUES (687, 469, 'CONFIRMED', '2020-02-24 18:00:00', 9);
INSERT INTO lessons (id, user_id, status, created_at, hours) VALUES (688, 469, 'CONFIRMED', '2020-02-26 18:00:00', 2);
INSERT INTO users (id, name, date_joined, country_code) VALUES (470, 'marc goodsped bond', '2020-02-20 19:00:00', 'UK');
INSERT INTO payments (id, user_id, payment_amount, created_at) VALUES (202, 470, 33.020409071552706, '2020-02-21 19:00:00');
INSERT INTO payments (id, user_id, payment_amount, created_at) VALUES (203, 470, 85.56659557472558, '2020-02-24 19:00:00');
INSERT INTO lessons (id, user_id, status, created_at, hours) VALUES (689, 470, 'CANCELED', '2020-02-23 19:00:00', 3);
INSERT INTO users (id, name, date_joined, country_code) VALUES (471, 'marc womack mason', '2020-02-20 23:00:00', 'DK');
INSERT INTO lessons (id, user_id, status, created_at, hours) VALUES (690, 471, 'CONFIRMED', '2020-02-22 23:00:00', 9);
INSERT INTO users (id, name, date_joined, country_code) VALUES (472, 'marc womack brown', '2020-02-21 04:00:00', 'UK');
INSERT INTO users (id, name, date_joined, country_code) VALUES (473, 'marc womack mcfly', '2020-02-21 05:00:00', 'UK');
INSERT INTO payments (id, user_id, payment_amount, created_at) VALUES (204, 473, 1.5660769161182087, '2020-02-26 05:00:00');
INSERT INTO payments (id, user_id, payment_amount, created_at) VALUES (205, 473, 66.36111536649614, '2020-02-27 05:00:00');
INSERT INTO lessons (id, user_id, status, created_at, hours) VALUES (691, 473, 'CANCELED', '2020-02-22 05:00:00', 8);
INSERT INTO users (id, name, date_joined, country_code) VALUES (474, 'marc womack dufrain', '2020-02-21 07:00:00', 'DE');
INSERT INTO users (id, name, date_joined, country_code) VALUES (475, 'marc womack robbins', '2020-02-21 08:00:00', 'DK');
INSERT INTO lessons (id, user_id, status, created_at, hours) VALUES (692, 475, 'CANCELED', '2020-02-25 08:00:00', 1);
INSERT INTO users (id, name, date_joined, country_code) VALUES (476, 'marc womack williams', '2020-02-21 08:00:00', 'FR');
INSERT INTO users (id, name, date_joined, country_code) VALUES (477, 'marc womack goodsped', '2020-02-21 12:00:00', 'DK');
INSERT INTO lessons (id, user_id, status, created_at, hours) VALUES (693, 477, 'CANCELED', '2020-02-25 12:00:00', 7);
INSERT INTO users (id, name, date_joined, country_code) VALUES (478, 'marc womack womack', '2020-02-21 15:00:00', 'DK');
INSERT INTO lessons (id, user_id, status, created_at, hours) VALUES (694, 478, 'CANCELED', '2020-02-25 15:00:00', 2);
INSERT INTO lessons (id, user_id, status, created_at, hours) VALUES (695, 478, 'CONFIRMED', '2020-02-26 15:00:00', 7);
INSERT INTO users (id, name, date_joined, country_code) VALUES (479, 'marc womack connery', '2020-02-21 18:00:00', 'UK');
INSERT INTO lessons (id, user_id, status, created_at, hours) VALUES (696, 479, 'SCHEDULED', '2020-02-23 18:00:00', 6);
INSERT INTO users (id, name, date_joined, country_code) VALUES (480, 'marc womack bond', '2020-02-21 18:00:00', 'UK');
INSERT INTO lessons (id, user_id, status, created_at, hours) VALUES (697, 480, 'SCHEDULED', '2020-02-24 18:00:00', 6);
INSERT INTO lessons (id, user_id, status, created_at, hours) VALUES (698, 480, 'CANCELED', '2020-02-27 18:00:00', 2);
INSERT INTO users (id, name, date_joined, country_code) VALUES (481, 'marc connery mason', '2020-02-21 23:00:00', 'DK');
INSERT INTO payments (id, user_id, payment_amount, created_at) VALUES (206, 481, 41.66360988836117, '2020-02-25 23:00:00');
INSERT INTO lessons (id, user_id, status, created_at, hours) VALUES (699, 481, 'CONFIRMED', '2020-02-25 23:00:00', 2);
INSERT INTO lessons (id, user_id, status, created_at, hours) VALUES (700, 481, 'CONFIRMED', '2020-02-27 23:00:00', 10);
INSERT INTO lessons (id, user_id, status, created_at, hours) VALUES (701, 481, 'SCHEDULED', '2020-02-29 23:00:00', 9);
INSERT INTO users (id, name, date_joined, country_code) VALUES (482, 'marc connery brown', '2020-02-22 00:00:00', 'DK');
INSERT INTO lessons (id, user_id, status, created_at, hours) VALUES (702, 482, 'SCHEDULED', '2020-02-23 00:00:00', 6);
INSERT INTO users (id, name, date_joined, country_code) VALUES (483, 'marc connery mcfly', '2020-02-22 04:00:00', 'FR');
INSERT INTO lessons (id, user_id, status, created_at, hours) VALUES (703, 483, 'SCHEDULED', '2020-02-23 04:00:00', 10);
INSERT INTO lessons (id, user_id, status, created_at, hours) VALUES (704, 483, 'CONFIRMED', '2020-02-26 04:00:00', 1);
INSERT INTO users (id, name, date_joined, country_code) VALUES (484, 'marc connery dufrain', '2020-02-22 04:00:00', 'ES');
INSERT INTO payments (id, user_id, payment_amount, created_at) VALUES (207, 484, 42.037380081683175, '2020-02-25 04:00:00');
INSERT INTO payments (id, user_id, payment_amount, created_at) VALUES (208, 484, 63.03828433121579, '2020-02-28 04:00:00');
INSERT INTO lessons (id, user_id, status, created_at, hours) VALUES (705, 484, 'CONFIRMED', '2020-02-23 04:00:00', 2);
INSERT INTO lessons (id, user_id, status, created_at, hours) VALUES (706, 484, 'SCHEDULED', '2020-02-26 04:00:00', 5);
INSERT INTO users (id, name, date_joined, country_code) VALUES (485, 'marc connery robbins', '2020-02-22 09:00:00', 'ES');
INSERT INTO payments (id, user_id, payment_amount, created_at) VALUES (209, 485, 78.34951577253545, '2020-02-27 09:00:00');
INSERT INTO payments (id, user_id, payment_amount, created_at) VALUES (210, 485, 82.23507262237858, '2020-03-03 09:00:00');
INSERT INTO lessons (id, user_id, status, created_at, hours) VALUES (707, 485, 'CONFIRMED', '2020-02-24 09:00:00', 4);
INSERT INTO lessons (id, user_id, status, created_at, hours) VALUES (708, 485, 'SCHEDULED', '2020-02-26 09:00:00', 3);
INSERT INTO users (id, name, date_joined, country_code) VALUES (486, 'marc connery williams', '2020-02-22 12:00:00', 'DK');
INSERT INTO payments (id, user_id, payment_amount, created_at) VALUES (211, 486, 91.8556723027934, '2020-02-25 12:00:00');
INSERT INTO payments (id, user_id, payment_amount, created_at) VALUES (212, 486, 10.773607972250755, '2020-02-27 12:00:00');
INSERT INTO lessons (id, user_id, status, created_at, hours) VALUES (709, 486, 'SCHEDULED', '2020-02-25 12:00:00', 3);
INSERT INTO lessons (id, user_id, status, created_at, hours) VALUES (710, 486, 'CONFIRMED', '2020-02-28 12:00:00', 6);
INSERT INTO users (id, name, date_joined, country_code) VALUES (487, 'marc connery goodsped', '2020-02-22 17:00:00', 'DE');
INSERT INTO lessons (id, user_id, status, created_at, hours) VALUES (711, 487, 'SCHEDULED', '2020-02-26 17:00:00', 8);
INSERT INTO lessons (id, user_id, status, created_at, hours) VALUES (712, 487, 'SCHEDULED', '2020-02-29 17:00:00', 10);
INSERT INTO users (id, name, date_joined, country_code) VALUES (488, 'marc connery womack', '2020-02-22 17:00:00', 'UK');
INSERT INTO lessons (id, user_id, status, created_at, hours) VALUES (713, 488, 'CONFIRMED', '2020-02-24 17:00:00', 6);
INSERT INTO users (id, name, date_joined, country_code) VALUES (489, 'marc connery connery', '2020-02-22 20:00:00', 'DK');
INSERT INTO lessons (id, user_id, status, created_at, hours) VALUES (714, 489, 'CONFIRMED', '2020-02-26 20:00:00', 9);
INSERT INTO users (id, name, date_joined, country_code) VALUES (490, 'marc connery bond', '2020-02-23 00:00:00', 'ES');
INSERT INTO lessons (id, user_id, status, created_at, hours) VALUES (715, 490, 'CONFIRMED', '2020-02-24 00:00:00', 2);
INSERT INTO lessons (id, user_id, status, created_at, hours) VALUES (716, 490, 'SCHEDULED', '2020-02-27 00:00:00', 3);
INSERT INTO lessons (id, user_id, status, created_at, hours) VALUES (717, 490, 'CANCELED', '2020-03-02 00:00:00', 6);
INSERT INTO users (id, name, date_joined, country_code) VALUES (491, 'marc bond mason', '2020-02-23 02:00:00', 'ES');
INSERT INTO lessons (id, user_id, status, created_at, hours) VALUES (718, 491, 'SCHEDULED', '2020-02-24 02:00:00', 4);
INSERT INTO lessons (id, user_id, status, created_at, hours) VALUES (719, 491, 'CONFIRMED', '2020-02-25 02:00:00', 7);
INSERT INTO users (id, name, date_joined, country_code) VALUES (492, 'marc bond brown', '2020-02-23 02:00:00', 'UK');
INSERT INTO payments (id, user_id, payment_amount, created_at) VALUES (213, 492, 50.63525628509651, '2020-02-26 02:00:00');
INSERT INTO payments (id, user_id, payment_amount, created_at) VALUES (214, 492, 31.73306682303504, '2020-02-27 02:00:00');
INSERT INTO lessons (id, user_id, status, created_at, hours) VALUES (720, 492, 'CONFIRMED', '2020-02-24 02:00:00', 1);
INSERT INTO users (id, name, date_joined, country_code) VALUES (493, 'marc bond mcfly', '2020-02-23 03:00:00', 'FR');
INSERT INTO users (id, name, date_joined, country_code) VALUES (494, 'marc bond dufrain', '2020-02-23 06:00:00', 'DE');
INSERT INTO users (id, name, date_joined, country_code) VALUES (495, 'marc bond robbins', '2020-02-23 09:00:00', 'UK');
INSERT INTO lessons (id, user_id, status, created_at, hours) VALUES (721, 495, 'SCHEDULED', '2020-02-26 09:00:00', 7);
INSERT INTO users (id, name, date_joined, country_code) VALUES (496, 'marc bond williams', '2020-02-23 13:00:00', 'DE');
INSERT INTO lessons (id, user_id, status, created_at, hours) VALUES (722, 496, 'CONFIRMED', '2020-02-27 13:00:00', 3);
INSERT INTO users (id, name, date_joined, country_code) VALUES (497, 'marc bond goodsped', '2020-02-23 18:00:00', 'UK');
INSERT INTO users (id, name, date_joined, country_code) VALUES (498, 'marc bond womack', '2020-02-23 22:00:00', 'DK');
INSERT INTO lessons (id, user_id, status, created_at, hours) VALUES (723, 498, 'SCHEDULED', '2020-02-25 22:00:00', 6);
INSERT INTO lessons (id, user_id, status, created_at, hours) VALUES (724, 498, 'CONFIRMED', '2020-02-29 22:00:00', 2);
INSERT INTO users (id, name, date_joined, country_code) VALUES (499, 'marc bond connery', '2020-02-23 23:00:00', 'DK');
INSERT INTO lessons (id, user_id, status, created_at, hours) VALUES (725, 499, 'CONFIRMED', '2020-02-24 23:00:00', 7);
INSERT INTO lessons (id, user_id, status, created_at, hours) VALUES (726, 499, 'CONFIRMED', '2020-02-28 23:00:00', 2);
INSERT INTO users (id, name, date_joined, country_code) VALUES (500, 'marc bond bond', '2020-02-24 00:00:00', 'UK');
INSERT INTO lessons (id, user_id, status, created_at, hours) VALUES (727, 500, 'SCHEDULED', '2020-02-27 00:00:00', 8);
INSERT INTO users (id, name, date_joined, country_code) VALUES (501, 'arnold mason mason', '2020-02-24 02:00:00', 'DE');
INSERT INTO lessons (id, user_id, status, created_at, hours) VALUES (728, 501, 'SCHEDULED', '2020-02-26 02:00:00', 5);
INSERT INTO lessons (id, user_id, status, created_at, hours) VALUES (729, 501, 'SCHEDULED', '2020-02-27 02:00:00', 10);
INSERT INTO users (id, name, date_joined, country_code) VALUES (502, 'arnold mason brown', '2020-02-24 06:00:00', 'FR');
INSERT INTO lessons (id, user_id, status, created_at, hours) VALUES (730, 502, 'CANCELED', '2020-02-27 06:00:00', 10);
INSERT INTO lessons (id, user_id, status, created_at, hours) VALUES (731, 502, 'CONFIRMED', '2020-02-29 06:00:00', 9);
INSERT INTO users (id, name, date_joined, country_code) VALUES (503, 'arnold mason mcfly', '2020-02-24 09:00:00', 'UK');
INSERT INTO users (id, name, date_joined, country_code) VALUES (504, 'arnold mason dufrain', '2020-02-24 12:00:00', 'DE');
INSERT INTO payments (id, user_id, payment_amount, created_at) VALUES (215, 504, 33.39185868290024, '2020-02-29 12:00:00');
INSERT INTO lessons (id, user_id, status, created_at, hours) VALUES (732, 504, 'CANCELED', '2020-02-28 12:00:00', 5);
INSERT INTO lessons (id, user_id, status, created_at, hours) VALUES (733, 504, 'CANCELED', '2020-03-01 12:00:00', 8);
INSERT INTO users (id, name, date_joined, country_code) VALUES (505, 'arnold mason robbins', '2020-02-24 14:00:00', 'DK');
INSERT INTO lessons (id, user_id, status, created_at, hours) VALUES (734, 505, 'SCHEDULED', '2020-02-25 14:00:00', 7);
INSERT INTO lessons (id, user_id, status, created_at, hours) VALUES (735, 505, 'CONFIRMED', '2020-02-27 14:00:00', 8);
INSERT INTO lessons (id, user_id, status, created_at, hours) VALUES (736, 505, 'SCHEDULED', '2020-02-28 14:00:00', 1);
INSERT INTO users (id, name, date_joined, country_code) VALUES (506, 'arnold mason williams', '2020-02-24 16:00:00', 'DE');
INSERT INTO payments (id, user_id, payment_amount, created_at) VALUES (216, 506, 22.71130958656333, '2020-02-26 16:00:00');
INSERT INTO payments (id, user_id, payment_amount, created_at) VALUES (217, 506, 53.29313069745415, '2020-02-29 16:00:00');
INSERT INTO lessons (id, user_id, status, created_at, hours) VALUES (737, 506, 'CANCELED', '2020-02-28 16:00:00', 4);
INSERT INTO users (id, name, date_joined, country_code) VALUES (507, 'arnold mason goodsped', '2020-02-24 16:00:00', 'UK');
INSERT INTO lessons (id, user_id, status, created_at, hours) VALUES (738, 507, 'SCHEDULED', '2020-02-27 16:00:00', 9);
INSERT INTO users (id, name, date_joined, country_code) VALUES (508, 'arnold mason womack', '2020-02-24 20:00:00', 'DK');
INSERT INTO payments (id, user_id, payment_amount, created_at) VALUES (218, 508, 7.097328834797246, '2020-02-28 20:00:00');
INSERT INTO payments (id, user_id, payment_amount, created_at) VALUES (219, 508, 55.72465727443054, '2020-03-02 20:00:00');
INSERT INTO lessons (id, user_id, status, created_at, hours) VALUES (739, 508, 'CANCELED', '2020-02-25 20:00:00', 4);
INSERT INTO lessons (id, user_id, status, created_at, hours) VALUES (740, 508, 'CANCELED', '2020-02-28 20:00:00', 8);
INSERT INTO users (id, name, date_joined, country_code) VALUES (509, 'arnold mason connery', '2020-02-24 21:00:00', 'FR');
INSERT INTO lessons (id, user_id, status, created_at, hours) VALUES (741, 509, 'CANCELED', '2020-02-25 21:00:00', 7);
INSERT INTO lessons (id, user_id, status, created_at, hours) VALUES (742, 509, 'CANCELED', '2020-02-26 21:00:00', 3);
INSERT INTO users (id, name, date_joined, country_code) VALUES (510, 'arnold mason bond', '2020-02-25 01:00:00', 'DK');
INSERT INTO payments (id, user_id, payment_amount, created_at) VALUES (220, 510, 29.4464143886367, '2020-02-28 01:00:00');
INSERT INTO payments (id, user_id, payment_amount, created_at) VALUES (221, 510, 11.831700706261772, '2020-02-29 01:00:00');
INSERT INTO lessons (id, user_id, status, created_at, hours) VALUES (743, 510, 'CANCELED', '2020-02-26 01:00:00', 2);
INSERT INTO lessons (id, user_id, status, created_at, hours) VALUES (744, 510, 'CANCELED', '2020-03-01 01:00:00', 4);
INSERT INTO users (id, name, date_joined, country_code) VALUES (511, 'arnold brown mason', '2020-02-25 03:00:00', 'DE');
INSERT INTO payments (id, user_id, payment_amount, created_at) VALUES (222, 511, 72.4434563673893, '2020-02-27 03:00:00');
INSERT INTO lessons (id, user_id, status, created_at, hours) VALUES (745, 511, 'SCHEDULED', '2020-02-27 03:00:00', 8);
INSERT INTO users (id, name, date_joined, country_code) VALUES (512, 'arnold brown brown', '2020-02-25 07:00:00', 'UK');
INSERT INTO users (id, name, date_joined, country_code) VALUES (513, 'arnold brown mcfly', '2020-02-25 10:00:00', 'ES');
INSERT INTO lessons (id, user_id, status, created_at, hours) VALUES (746, 513, 'CONFIRMED', '2020-02-29 10:00:00', 6);
INSERT INTO lessons (id, user_id, status, created_at, hours) VALUES (747, 513, 'SCHEDULED', '2020-03-02 10:00:00', 8);
INSERT INTO users (id, name, date_joined, country_code) VALUES (514, 'arnold brown dufrain', '2020-02-25 14:00:00', 'DK');
INSERT INTO lessons (id, user_id, status, created_at, hours) VALUES (748, 514, 'SCHEDULED', '2020-02-27 14:00:00', 8);
INSERT INTO lessons (id, user_id, status, created_at, hours) VALUES (749, 514, 'CANCELED', '2020-03-02 14:00:00', 5);
INSERT INTO users (id, name, date_joined, country_code) VALUES (515, 'arnold brown robbins', '2020-02-25 15:00:00', 'ES');
INSERT INTO payments (id, user_id, payment_amount, created_at) VALUES (223, 515, 20.693360496701896, '2020-03-01 15:00:00');
INSERT INTO lessons (id, user_id, status, created_at, hours) VALUES (750, 515, 'CANCELED', '2020-02-29 15:00:00', 4);
INSERT INTO users (id, name, date_joined, country_code) VALUES (516, 'arnold brown williams', '2020-02-25 17:00:00', 'DE');
INSERT INTO lessons (id, user_id, status, created_at, hours) VALUES (751, 516, 'CANCELED', '2020-02-26 17:00:00', 2);
INSERT INTO lessons (id, user_id, status, created_at, hours) VALUES (752, 516, 'SCHEDULED', '2020-02-27 17:00:00', 3);
INSERT INTO users (id, name, date_joined, country_code) VALUES (517, 'arnold brown goodsped', '2020-02-25 19:00:00', 'DK');
INSERT INTO payments (id, user_id, payment_amount, created_at) VALUES (224, 517, 3.6178778063381656, '2020-02-26 19:00:00');
INSERT INTO payments (id, user_id, payment_amount, created_at) VALUES (225, 517, 85.83163851922045, '2020-02-29 19:00:00');
INSERT INTO lessons (id, user_id, status, created_at, hours) VALUES (753, 517, 'CONFIRMED', '2020-02-26 19:00:00', 8);
INSERT INTO users (id, name, date_joined, country_code) VALUES (518, 'arnold brown womack', '2020-02-25 21:00:00', 'DK');
INSERT INTO lessons (id, user_id, status, created_at, hours) VALUES (754, 518, 'SCHEDULED', '2020-02-29 21:00:00', 2);
INSERT INTO lessons (id, user_id, status, created_at, hours) VALUES (755, 518, 'CONFIRMED', '2020-03-01 21:00:00', 2);
INSERT INTO users (id, name, date_joined, country_code) VALUES (519, 'arnold brown connery', '2020-02-26 00:00:00', 'DK');
INSERT INTO lessons (id, user_id, status, created_at, hours) VALUES (756, 519, 'SCHEDULED', '2020-03-01 00:00:00', 8);
INSERT INTO users (id, name, date_joined, country_code) VALUES (520, 'arnold brown bond', '2020-02-26 02:00:00', 'ES');
INSERT INTO lessons (id, user_id, status, created_at, hours) VALUES (757, 520, 'CONFIRMED', '2020-03-01 02:00:00', 7);
INSERT INTO users (id, name, date_joined, country_code) VALUES (521, 'arnold mcfly mason', '2020-02-26 05:00:00', 'DE');
INSERT INTO users (id, name, date_joined, country_code) VALUES (522, 'arnold mcfly brown', '2020-02-26 05:00:00', 'UK');
INSERT INTO payments (id, user_id, payment_amount, created_at) VALUES (226, 522, 2.42539941981863, '2020-02-28 05:00:00');
INSERT INTO lessons (id, user_id, status, created_at, hours) VALUES (758, 522, 'CANCELED', '2020-02-27 05:00:00', 9);
INSERT INTO lessons (id, user_id, status, created_at, hours) VALUES (759, 522, 'SCHEDULED', '2020-03-02 05:00:00', 7);
INSERT INTO users (id, name, date_joined, country_code) VALUES (523, 'arnold mcfly mcfly', '2020-02-26 05:00:00', 'ES');
INSERT INTO payments (id, user_id, payment_amount, created_at) VALUES (227, 523, 17.76941411185543, '2020-03-01 05:00:00');
INSERT INTO payments (id, user_id, payment_amount, created_at) VALUES (228, 523, 86.98831542115852, '2020-03-02 05:00:00');
INSERT INTO lessons (id, user_id, status, created_at, hours) VALUES (760, 523, 'CONFIRMED', '2020-02-27 05:00:00', 1);
INSERT INTO lessons (id, user_id, status, created_at, hours) VALUES (761, 523, 'SCHEDULED', '2020-03-01 05:00:00', 6);
INSERT INTO users (id, name, date_joined, country_code) VALUES (524, 'arnold mcfly dufrain', '2020-02-26 07:00:00', 'FR');
INSERT INTO lessons (id, user_id, status, created_at, hours) VALUES (762, 524, 'SCHEDULED', '2020-02-28 07:00:00', 3);
INSERT INTO lessons (id, user_id, status, created_at, hours) VALUES (763, 524, 'CANCELED', '2020-02-29 07:00:00', 2);
INSERT INTO users (id, name, date_joined, country_code) VALUES (525, 'arnold mcfly robbins', '2020-02-26 07:00:00', 'DK');
INSERT INTO lessons (id, user_id, status, created_at, hours) VALUES (764, 525, 'CONFIRMED', '2020-02-28 07:00:00', 1);
INSERT INTO users (id, name, date_joined, country_code) VALUES (526, 'arnold mcfly williams', '2020-02-26 09:00:00', 'UK');
INSERT INTO payments (id, user_id, payment_amount, created_at) VALUES (229, 526, 43.99097933201318, '2020-03-01 09:00:00');
INSERT INTO payments (id, user_id, payment_amount, created_at) VALUES (230, 526, 49.29220504877495, '2020-03-05 09:00:00');
INSERT INTO lessons (id, user_id, status, created_at, hours) VALUES (765, 526, 'CONFIRMED', '2020-02-28 09:00:00', 2);
INSERT INTO lessons (id, user_id, status, created_at, hours) VALUES (766, 526, 'CONFIRMED', '2020-03-03 09:00:00', 7);
INSERT INTO users (id, name, date_joined, country_code) VALUES (527, 'arnold mcfly goodsped', '2020-02-26 12:00:00', 'DK');
INSERT INTO payments (id, user_id, payment_amount, created_at) VALUES (231, 527, 30.88351366836678, '2020-02-29 12:00:00');
INSERT INTO lessons (id, user_id, status, created_at, hours) VALUES (767, 527, 'SCHEDULED', '2020-02-29 12:00:00', 5);
INSERT INTO lessons (id, user_id, status, created_at, hours) VALUES (768, 527, 'CANCELED', '2020-03-04 12:00:00', 6);
INSERT INTO users (id, name, date_joined, country_code) VALUES (528, 'arnold mcfly womack', '2020-02-26 12:00:00', 'UK');
INSERT INTO lessons (id, user_id, status, created_at, hours) VALUES (769, 528, 'CONFIRMED', '2020-02-29 12:00:00', 7);
INSERT INTO lessons (id, user_id, status, created_at, hours) VALUES (770, 528, 'CONFIRMED', '2020-03-03 12:00:00', 10);
INSERT INTO users (id, name, date_joined, country_code) VALUES (529, 'arnold mcfly connery', '2020-02-26 12:00:00', 'DK');
INSERT INTO lessons (id, user_id, status, created_at, hours) VALUES (771, 529, 'CONFIRMED', '2020-03-01 12:00:00', 6);
INSERT INTO lessons (id, user_id, status, created_at, hours) VALUES (772, 529, 'CANCELED', '2020-03-02 12:00:00', 9);
INSERT INTO users (id, name, date_joined, country_code) VALUES (530, 'arnold mcfly bond', '2020-02-26 12:00:00', 'UK');
INSERT INTO lessons (id, user_id, status, created_at, hours) VALUES (773, 530, 'SCHEDULED', '2020-02-28 12:00:00', 7);
INSERT INTO lessons (id, user_id, status, created_at, hours) VALUES (774, 530, 'SCHEDULED', '2020-03-03 12:00:00', 4);
INSERT INTO users (id, name, date_joined, country_code) VALUES (531, 'arnold dufrain mason', '2020-02-26 12:00:00', 'UK');
INSERT INTO payments (id, user_id, payment_amount, created_at) VALUES (232, 531, 37.25242947778311, '2020-02-29 12:00:00');
INSERT INTO lessons (id, user_id, status, created_at, hours) VALUES (775, 531, 'CANCELED', '2020-02-28 12:00:00', 2);
INSERT INTO lessons (id, user_id, status, created_at, hours) VALUES (776, 531, 'CONFIRMED', '2020-02-29 12:00:00', 5);
INSERT INTO lessons (id, user_id, status, created_at, hours) VALUES (777, 531, 'CONFIRMED', '2020-03-03 12:00:00', 7);
INSERT INTO users (id, name, date_joined, country_code) VALUES (532, 'arnold dufrain brown', '2020-02-26 17:00:00', 'DE');
INSERT INTO payments (id, user_id, payment_amount, created_at) VALUES (233, 532, 92.76296837621922, '2020-02-27 17:00:00');
INSERT INTO payments (id, user_id, payment_amount, created_at) VALUES (234, 532, 86.29096343449493, '2020-03-01 17:00:00');
INSERT INTO lessons (id, user_id, status, created_at, hours) VALUES (778, 532, 'CONFIRMED', '2020-02-27 17:00:00', 5);
INSERT INTO lessons (id, user_id, status, created_at, hours) VALUES (779, 532, 'CANCELED', '2020-02-28 17:00:00', 7);
INSERT INTO users (id, name, date_joined, country_code) VALUES (533, 'arnold dufrain mcfly', '2020-02-26 18:00:00', 'DK');
INSERT INTO users (id, name, date_joined, country_code) VALUES (534, 'arnold dufrain dufrain', '2020-02-26 18:00:00', 'UK');
INSERT INTO lessons (id, user_id, status, created_at, hours) VALUES (780, 534, 'SCHEDULED', '2020-02-28 18:00:00', 2);
INSERT INTO users (id, name, date_joined, country_code) VALUES (535, 'arnold dufrain robbins', '2020-02-26 21:00:00', 'UK');
INSERT INTO payments (id, user_id, payment_amount, created_at) VALUES (235, 535, 35.566188407863365, '2020-02-28 21:00:00');
INSERT INTO payments (id, user_id, payment_amount, created_at) VALUES (236, 535, 47.20192033938486, '2020-03-04 21:00:00');
INSERT INTO lessons (id, user_id, status, created_at, hours) VALUES (781, 535, 'CONFIRMED', '2020-02-28 21:00:00', 8);
INSERT INTO lessons (id, user_id, status, created_at, hours) VALUES (782, 535, 'CONFIRMED', '2020-03-03 21:00:00', 9);
INSERT INTO users (id, name, date_joined, country_code) VALUES (536, 'arnold dufrain williams', '2020-02-26 22:00:00', 'FR');
INSERT INTO lessons (id, user_id, status, created_at, hours) VALUES (783, 536, 'SCHEDULED', '2020-02-29 22:00:00', 3);
INSERT INTO users (id, name, date_joined, country_code) VALUES (537, 'arnold dufrain goodsped', '2020-02-27 01:00:00', 'FR');
INSERT INTO lessons (id, user_id, status, created_at, hours) VALUES (784, 537, 'SCHEDULED', '2020-02-29 01:00:00', 3);
INSERT INTO users (id, name, date_joined, country_code) VALUES (538, 'arnold dufrain womack', '2020-02-27 05:00:00', 'ES');
INSERT INTO lessons (id, user_id, status, created_at, hours) VALUES (785, 538, 'CANCELED', '2020-02-28 05:00:00', 8);
INSERT INTO users (id, name, date_joined, country_code) VALUES (539, 'arnold dufrain connery', '2020-02-27 10:00:00', 'FR');
INSERT INTO lessons (id, user_id, status, created_at, hours) VALUES (786, 539, 'CONFIRMED', '2020-03-01 10:00:00', 1);
INSERT INTO users (id, name, date_joined, country_code) VALUES (540, 'arnold dufrain bond', '2020-02-27 15:00:00', 'DK');
INSERT INTO lessons (id, user_id, status, created_at, hours) VALUES (787, 540, 'CONFIRMED', '2020-02-29 15:00:00', 6);
INSERT INTO users (id, name, date_joined, country_code) VALUES (541, 'arnold robbins mason', '2020-02-27 16:00:00', 'ES');
INSERT INTO users (id, name, date_joined, country_code) VALUES (542, 'arnold robbins brown', '2020-02-27 17:00:00', 'UK');
INSERT INTO lessons (id, user_id, status, created_at, hours) VALUES (788, 542, 'CONFIRMED', '2020-02-29 17:00:00', 9);
INSERT INTO users (id, name, date_joined, country_code) VALUES (543, 'arnold robbins mcfly', '2020-02-27 19:00:00', 'DK');
INSERT INTO payments (id, user_id, payment_amount, created_at) VALUES (237, 543, 0.9202550921415975, '2020-02-28 19:00:00');
INSERT INTO payments (id, user_id, payment_amount, created_at) VALUES (238, 543, 11.330473464229385, '2020-03-03 19:00:00');
INSERT INTO lessons (id, user_id, status, created_at, hours) VALUES (789, 543, 'CANCELED', '2020-03-01 19:00:00', 8);
INSERT INTO users (id, name, date_joined, country_code) VALUES (544, 'arnold robbins dufrain', '2020-02-28 00:00:00', 'FR');
INSERT INTO payments (id, user_id, payment_amount, created_at) VALUES (239, 544, 34.76835501480472, '2020-03-02 00:00:00');
INSERT INTO payments (id, user_id, payment_amount, created_at) VALUES (240, 544, 15.556820604326205, '2020-03-06 00:00:00');
INSERT INTO lessons (id, user_id, status, created_at, hours) VALUES (790, 544, 'CONFIRMED', '2020-03-01 00:00:00', 6);
INSERT INTO lessons (id, user_id, status, created_at, hours) VALUES (791, 544, 'SCHEDULED', '2020-03-03 00:00:00', 10);
INSERT INTO users (id, name, date_joined, country_code) VALUES (545, 'arnold robbins robbins', '2020-02-28 03:00:00', 'DE');
INSERT INTO payments (id, user_id, payment_amount, created_at) VALUES (241, 545, 14.26536908319992, '2020-02-29 03:00:00');
INSERT INTO payments (id, user_id, payment_amount, created_at) VALUES (242, 545, 37.46314302382731, '2020-03-02 03:00:00');
INSERT INTO lessons (id, user_id, status, created_at, hours) VALUES (792, 545, 'CANCELED', '2020-03-02 03:00:00', 8);
INSERT INTO lessons (id, user_id, status, created_at, hours) VALUES (793, 545, 'CANCELED', '2020-03-03 03:00:00', 2);
INSERT INTO users (id, name, date_joined, country_code) VALUES (546, 'arnold robbins williams', '2020-02-28 05:00:00', 'DE');
INSERT INTO lessons (id, user_id, status, created_at, hours) VALUES (794, 546, 'CONFIRMED', '2020-03-01 05:00:00', 3);
INSERT INTO users (id, name, date_joined, country_code) VALUES (547, 'arnold robbins goodsped', '2020-02-28 07:00:00', 'DE');
INSERT INTO lessons (id, user_id, status, created_at, hours) VALUES (795, 547, 'CANCELED', '2020-03-02 07:00:00', 4);
INSERT INTO lessons (id, user_id, status, created_at, hours) VALUES (796, 547, 'SCHEDULED', '2020-03-06 07:00:00', 6);
INSERT INTO users (id, name, date_joined, country_code) VALUES (548, 'arnold robbins womack', '2020-02-28 08:00:00', 'ES');
INSERT INTO lessons (id, user_id, status, created_at, hours) VALUES (797, 548, 'SCHEDULED', '2020-02-29 08:00:00', 10);
INSERT INTO lessons (id, user_id, status, created_at, hours) VALUES (798, 548, 'CONFIRMED', '2020-03-02 08:00:00', 2);
INSERT INTO users (id, name, date_joined, country_code) VALUES (549, 'arnold robbins connery', '2020-02-28 09:00:00', 'ES');
INSERT INTO payments (id, user_id, payment_amount, created_at) VALUES (243, 549, 13.674514735947996, '2020-03-02 09:00:00');
INSERT INTO payments (id, user_id, payment_amount, created_at) VALUES (244, 549, 36.33941282477049, '2020-03-05 09:00:00');
INSERT INTO lessons (id, user_id, status, created_at, hours) VALUES (799, 549, 'SCHEDULED', '2020-03-01 09:00:00', 6);
INSERT INTO lessons (id, user_id, status, created_at, hours) VALUES (800, 549, 'CANCELED', '2020-03-02 09:00:00', 1);
INSERT INTO users (id, name, date_joined, country_code) VALUES (550, 'arnold robbins bond', '2020-02-28 09:00:00', 'UK');
INSERT INTO lessons (id, user_id, status, created_at, hours) VALUES (801, 550, 'CANCELED', '2020-02-29 09:00:00', 10);
INSERT INTO lessons (id, user_id, status, created_at, hours) VALUES (802, 550, 'SCHEDULED', '2020-03-02 09:00:00', 7);
INSERT INTO lessons (id, user_id, status, created_at, hours) VALUES (803, 550, 'CANCELED', '2020-03-04 09:00:00', 3);
INSERT INTO users (id, name, date_joined, country_code) VALUES (551, 'arnold williams mason', '2020-02-28 13:00:00', 'FR');
INSERT INTO payments (id, user_id, payment_amount, created_at) VALUES (245, 551, 28.910765851392195, '2020-02-29 13:00:00');
INSERT INTO lessons (id, user_id, status, created_at, hours) VALUES (804, 551, 'CANCELED', '2020-03-01 13:00:00', 1);
INSERT INTO lessons (id, user_id, status, created_at, hours) VALUES (805, 551, 'SCHEDULED', '2020-03-05 13:00:00', 10);
INSERT INTO users (id, name, date_joined, country_code) VALUES (552, 'arnold williams brown', '2020-02-28 13:00:00', 'DE');
INSERT INTO lessons (id, user_id, status, created_at, hours) VALUES (806, 552, 'SCHEDULED', '2020-03-02 13:00:00', 2);
INSERT INTO users (id, name, date_joined, country_code) VALUES (553, 'arnold williams mcfly', '2020-02-28 14:00:00', 'FR');
INSERT INTO payments (id, user_id, payment_amount, created_at) VALUES (246, 553, 41.03055120365288, '2020-03-02 14:00:00');
INSERT INTO payments (id, user_id, payment_amount, created_at) VALUES (247, 553, 44.28242052706673, '2020-03-07 14:00:00');
INSERT INTO lessons (id, user_id, status, created_at, hours) VALUES (807, 553, 'CONFIRMED', '2020-03-02 14:00:00', 1);
INSERT INTO lessons (id, user_id, status, created_at, hours) VALUES (808, 553, 'CONFIRMED', '2020-03-05 14:00:00', 3);
INSERT INTO lessons (id, user_id, status, created_at, hours) VALUES (809, 553, 'CANCELED', '2020-03-08 14:00:00', 10);
INSERT INTO users (id, name, date_joined, country_code) VALUES (554, 'arnold williams dufrain', '2020-02-28 19:00:00', 'DE');
INSERT INTO lessons (id, user_id, status, created_at, hours) VALUES (810, 554, 'SCHEDULED', '2020-03-02 19:00:00', 1);
INSERT INTO users (id, name, date_joined, country_code) VALUES (555, 'arnold williams robbins', '2020-02-29 00:00:00', 'ES');
INSERT INTO payments (id, user_id, payment_amount, created_at) VALUES (248, 555, 83.9006318777691, '2020-03-01 00:00:00');
INSERT INTO payments (id, user_id, payment_amount, created_at) VALUES (249, 555, 18.324145888036636, '2020-03-03 00:00:00');
INSERT INTO lessons (id, user_id, status, created_at, hours) VALUES (811, 555, 'CONFIRMED', '2020-03-03 00:00:00', 3);
INSERT INTO lessons (id, user_id, status, created_at, hours) VALUES (812, 555, 'CONFIRMED', '2020-03-04 00:00:00', 8);
INSERT INTO users (id, name, date_joined, country_code) VALUES (556, 'arnold williams williams', '2020-02-29 05:00:00', 'DE');
INSERT INTO lessons (id, user_id, status, created_at, hours) VALUES (813, 556, 'CANCELED', '2020-03-01 05:00:00', 10);
INSERT INTO users (id, name, date_joined, country_code) VALUES (557, 'arnold williams goodsped', '2020-02-29 06:00:00', 'FR');
INSERT INTO payments (id, user_id, payment_amount, created_at) VALUES (250, 557, 7.218844057027097, '2020-03-03 06:00:00');
INSERT INTO payments (id, user_id, payment_amount, created_at) VALUES (251, 557, 5.863711809483297, '2020-03-08 06:00:00');
INSERT INTO lessons (id, user_id, status, created_at, hours) VALUES (814, 557, 'SCHEDULED', '2020-03-02 06:00:00', 6);
INSERT INTO lessons (id, user_id, status, created_at, hours) VALUES (815, 557, 'SCHEDULED', '2020-03-03 06:00:00', 7);
INSERT INTO lessons (id, user_id, status, created_at, hours) VALUES (816, 557, 'SCHEDULED', '2020-03-04 06:00:00', 1);
INSERT INTO users (id, name, date_joined, country_code) VALUES (558, 'arnold williams womack', '2020-02-29 07:00:00', 'DE');
INSERT INTO lessons (id, user_id, status, created_at, hours) VALUES (817, 558, 'SCHEDULED', '2020-03-01 07:00:00', 1);
INSERT INTO lessons (id, user_id, status, created_at, hours) VALUES (818, 558, 'CONFIRMED', '2020-03-03 07:00:00', 4);
INSERT INTO lessons (id, user_id, status, created_at, hours) VALUES (819, 558, 'CONFIRMED', '2020-03-06 07:00:00', 5);
INSERT INTO users (id, name, date_joined, country_code) VALUES (559, 'arnold williams connery', '2020-02-29 08:00:00', 'DE');
INSERT INTO lessons (id, user_id, status, created_at, hours) VALUES (820, 559, 'SCHEDULED', '2020-03-01 08:00:00', 6);
INSERT INTO lessons (id, user_id, status, created_at, hours) VALUES (821, 559, 'CANCELED', '2020-03-05 08:00:00', 2);
INSERT INTO lessons (id, user_id, status, created_at, hours) VALUES (822, 559, 'CONFIRMED', '2020-03-09 08:00:00', 7);
INSERT INTO users (id, name, date_joined, country_code) VALUES (560, 'arnold williams bond', '2020-02-29 10:00:00', 'FR');
INSERT INTO payments (id, user_id, payment_amount, created_at) VALUES (252, 560, 66.21390341416907, '2020-03-04 10:00:00');
INSERT INTO lessons (id, user_id, status, created_at, hours) VALUES (823, 560, 'CONFIRMED', '2020-03-01 10:00:00', 7);
INSERT INTO lessons (id, user_id, status, created_at, hours) VALUES (824, 560, 'SCHEDULED', '2020-03-03 10:00:00', 3);
INSERT INTO lessons (id, user_id, status, created_at, hours) VALUES (825, 560, 'CONFIRMED', '2020-03-05 10:00:00', 9);
INSERT INTO users (id, name, date_joined, country_code) VALUES (561, 'arnold goodsped mason', '2020-02-29 15:00:00', 'DK');
INSERT INTO lessons (id, user_id, status, created_at, hours) VALUES (826, 561, 'CONFIRMED', '2020-03-01 15:00:00', 2);
INSERT INTO lessons (id, user_id, status, created_at, hours) VALUES (827, 561, 'CANCELED', '2020-03-02 15:00:00', 3);
INSERT INTO users (id, name, date_joined, country_code) VALUES (562, 'arnold goodsped brown', '2020-02-29 16:00:00', 'UK');
INSERT INTO lessons (id, user_id, status, created_at, hours) VALUES (828, 562, 'CANCELED', '2020-03-03 16:00:00', 9);
INSERT INTO users (id, name, date_joined, country_code) VALUES (563, 'arnold goodsped mcfly', '2020-02-29 21:00:00', 'ES');
INSERT INTO lessons (id, user_id, status, created_at, hours) VALUES (829, 563, 'CANCELED', '2020-03-03 21:00:00', 7);
INSERT INTO users (id, name, date_joined, country_code) VALUES (564, 'arnold goodsped dufrain', '2020-03-01 00:00:00', 'DK');
INSERT INTO lessons (id, user_id, status, created_at, hours) VALUES (830, 564, 'CONFIRMED', '2020-03-03 00:00:00', 10);
INSERT INTO users (id, name, date_joined, country_code) VALUES (565, 'arnold goodsped robbins', '2020-03-01 03:00:00', 'DE');
INSERT INTO payments (id, user_id, payment_amount, created_at) VALUES (253, 565, 33.30331625382763, '2020-03-04 03:00:00');
INSERT INTO payments (id, user_id, payment_amount, created_at) VALUES (254, 565, 10.933820694017914, '2020-03-09 03:00:00');
INSERT INTO lessons (id, user_id, status, created_at, hours) VALUES (831, 565, 'CONFIRMED', '2020-03-02 03:00:00', 5);
INSERT INTO lessons (id, user_id, status, created_at, hours) VALUES (832, 565, 'CONFIRMED', '2020-03-06 03:00:00', 6);
INSERT INTO users (id, name, date_joined, country_code) VALUES (566, 'arnold goodsped williams', '2020-03-01 06:00:00', 'UK');
INSERT INTO lessons (id, user_id, status, created_at, hours) VALUES (833, 566, 'CANCELED', '2020-03-05 06:00:00', 10);
INSERT INTO lessons (id, user_id, status, created_at, hours) VALUES (834, 566, 'SCHEDULED', '2020-03-09 06:00:00', 1);
INSERT INTO users (id, name, date_joined, country_code) VALUES (567, 'arnold goodsped goodsped', '2020-03-01 09:00:00', 'DK');
INSERT INTO lessons (id, user_id, status, created_at, hours) VALUES (835, 567, 'SCHEDULED', '2020-03-04 09:00:00', 7);
INSERT INTO lessons (id, user_id, status, created_at, hours) VALUES (836, 567, 'CANCELED', '2020-03-05 09:00:00', 1);
INSERT INTO users (id, name, date_joined, country_code) VALUES (568, 'arnold goodsped womack', '2020-03-01 10:00:00', 'FR');
INSERT INTO lessons (id, user_id, status, created_at, hours) VALUES (837, 568, 'SCHEDULED', '2020-03-04 10:00:00', 6);
INSERT INTO lessons (id, user_id, status, created_at, hours) VALUES (838, 568, 'CANCELED', '2020-03-08 10:00:00', 10);
INSERT INTO lessons (id, user_id, status, created_at, hours) VALUES (839, 568, 'SCHEDULED', '2020-03-09 10:00:00', 7);
INSERT INTO users (id, name, date_joined, country_code) VALUES (569, 'arnold goodsped connery', '2020-03-01 12:00:00', 'DK');
INSERT INTO payments (id, user_id, payment_amount, created_at) VALUES (255, 569, 56.8102724343048, '2020-03-05 12:00:00');
INSERT INTO payments (id, user_id, payment_amount, created_at) VALUES (256, 569, 67.89784194791835, '2020-03-10 12:00:00');
INSERT INTO lessons (id, user_id, status, created_at, hours) VALUES (840, 569, 'CONFIRMED', '2020-03-05 12:00:00', 7);
INSERT INTO lessons (id, user_id, status, created_at, hours) VALUES (841, 569, 'CONFIRMED', '2020-03-07 12:00:00', 10);
INSERT INTO users (id, name, date_joined, country_code) VALUES (570, 'arnold goodsped bond', '2020-03-01 14:00:00', 'ES');
INSERT INTO payments (id, user_id, payment_amount, created_at) VALUES (257, 570, 10.696686974964287, '2020-03-02 14:00:00');
INSERT INTO lessons (id, user_id, status, created_at, hours) VALUES (842, 570, 'SCHEDULED', '2020-03-03 14:00:00', 1);
INSERT INTO lessons (id, user_id, status, created_at, hours) VALUES (843, 570, 'CANCELED', '2020-03-04 14:00:00', 7);
INSERT INTO users (id, name, date_joined, country_code) VALUES (571, 'arnold womack mason', '2020-03-01 15:00:00', 'FR');
INSERT INTO users (id, name, date_joined, country_code) VALUES (572, 'arnold womack brown', '2020-03-01 19:00:00', 'DK');
INSERT INTO payments (id, user_id, payment_amount, created_at) VALUES (258, 572, 43.9710656296466, '2020-03-02 19:00:00');
INSERT INTO lessons (id, user_id, status, created_at, hours) VALUES (844, 572, 'CONFIRMED', '2020-03-05 19:00:00', 2);
INSERT INTO users (id, name, date_joined, country_code) VALUES (573, 'arnold womack mcfly', '2020-03-01 22:00:00', 'UK');
INSERT INTO payments (id, user_id, payment_amount, created_at) VALUES (259, 573, 24.151864160430513, '2020-03-02 22:00:00');
INSERT INTO lessons (id, user_id, status, created_at, hours) VALUES (845, 573, 'CONFIRMED', '2020-03-02 22:00:00', 3);
INSERT INTO users (id, name, date_joined, country_code) VALUES (574, 'arnold womack dufrain', '2020-03-02 00:00:00', 'DK');
INSERT INTO lessons (id, user_id, status, created_at, hours) VALUES (846, 574, 'SCHEDULED', '2020-03-03 00:00:00', 6);
INSERT INTO lessons (id, user_id, status, created_at, hours) VALUES (847, 574, 'SCHEDULED', '2020-03-05 00:00:00', 3);
INSERT INTO users (id, name, date_joined, country_code) VALUES (575, 'arnold womack robbins', '2020-03-02 04:00:00', 'FR');
INSERT INTO lessons (id, user_id, status, created_at, hours) VALUES (848, 575, 'CANCELED', '2020-03-04 04:00:00', 4);
INSERT INTO lessons (id, user_id, status, created_at, hours) VALUES (849, 575, 'CANCELED', '2020-03-06 04:00:00', 9);
INSERT INTO users (id, name, date_joined, country_code) VALUES (576, 'arnold womack williams', '2020-03-02 06:00:00', 'ES');
INSERT INTO lessons (id, user_id, status, created_at, hours) VALUES (850, 576, 'SCHEDULED', '2020-03-06 06:00:00', 9);
INSERT INTO lessons (id, user_id, status, created_at, hours) VALUES (851, 576, 'SCHEDULED', '2020-03-09 06:00:00', 5);
INSERT INTO lessons (id, user_id, status, created_at, hours) VALUES (852, 576, 'SCHEDULED', '2020-03-13 06:00:00', 10);
INSERT INTO users (id, name, date_joined, country_code) VALUES (577, 'arnold womack goodsped', '2020-03-02 10:00:00', 'FR');
INSERT INTO payments (id, user_id, payment_amount, created_at) VALUES (260, 577, 20.755137949445114, '2020-03-05 10:00:00');
INSERT INTO payments (id, user_id, payment_amount, created_at) VALUES (261, 577, 20.814246210066344, '2020-03-10 10:00:00');
INSERT INTO lessons (id, user_id, status, created_at, hours) VALUES (853, 577, 'CONFIRMED', '2020-03-06 10:00:00', 4);
INSERT INTO lessons (id, user_id, status, created_at, hours) VALUES (854, 577, 'SCHEDULED', '2020-03-09 10:00:00', 5);
INSERT INTO lessons (id, user_id, status, created_at, hours) VALUES (855, 577, 'CANCELED', '2020-03-10 10:00:00', 4);
INSERT INTO users (id, name, date_joined, country_code) VALUES (578, 'arnold womack womack', '2020-03-02 12:00:00', 'ES');
INSERT INTO payments (id, user_id, payment_amount, created_at) VALUES (262, 578, 43.30065297619049, '2020-03-07 12:00:00');
INSERT INTO lessons (id, user_id, status, created_at, hours) VALUES (856, 578, 'SCHEDULED', '2020-03-03 12:00:00', 4);
INSERT INTO users (id, name, date_joined, country_code) VALUES (579, 'arnold womack connery', '2020-03-02 13:00:00', 'ES');
INSERT INTO lessons (id, user_id, status, created_at, hours) VALUES (857, 579, 'CONFIRMED', '2020-03-04 13:00:00', 4);
INSERT INTO lessons (id, user_id, status, created_at, hours) VALUES (858, 579, 'SCHEDULED', '2020-03-05 13:00:00', 6);
INSERT INTO users (id, name, date_joined, country_code) VALUES (580, 'arnold womack bond', '2020-03-02 15:00:00', 'ES');
INSERT INTO lessons (id, user_id, status, created_at, hours) VALUES (859, 580, 'CANCELED', '2020-03-04 15:00:00', 1);
INSERT INTO users (id, name, date_joined, country_code) VALUES (581, 'arnold connery mason', '2020-03-02 20:00:00', 'ES');
INSERT INTO lessons (id, user_id, status, created_at, hours) VALUES (860, 581, 'CANCELED', '2020-03-05 20:00:00', 2);
INSERT INTO lessons (id, user_id, status, created_at, hours) VALUES (861, 581, 'CONFIRMED', '2020-03-07 20:00:00', 8);
INSERT INTO users (id, name, date_joined, country_code) VALUES (582, 'arnold connery brown', '2020-03-02 20:00:00', 'FR');
INSERT INTO payments (id, user_id, payment_amount, created_at) VALUES (263, 582, 44.76828748277952, '2020-03-03 20:00:00');
INSERT INTO lessons (id, user_id, status, created_at, hours) VALUES (862, 582, 'SCHEDULED', '2020-03-03 20:00:00', 6);
INSERT INTO users (id, name, date_joined, country_code) VALUES (583, 'arnold connery mcfly', '2020-03-02 21:00:00', 'DK');
INSERT INTO payments (id, user_id, payment_amount, created_at) VALUES (264, 583, 60.357288468743675, '2020-03-06 21:00:00');
INSERT INTO payments (id, user_id, payment_amount, created_at) VALUES (265, 583, 78.57100964575724, '2020-03-11 21:00:00');
INSERT INTO lessons (id, user_id, status, created_at, hours) VALUES (863, 583, 'CANCELED', '2020-03-03 21:00:00', 2);
INSERT INTO lessons (id, user_id, status, created_at, hours) VALUES (864, 583, 'CANCELED', '2020-03-07 21:00:00', 2);
INSERT INTO lessons (id, user_id, status, created_at, hours) VALUES (865, 583, 'CONFIRMED', '2020-03-10 21:00:00', 4);
INSERT INTO users (id, name, date_joined, country_code) VALUES (584, 'arnold connery dufrain', '2020-03-02 22:00:00', 'DE');
INSERT INTO users (id, name, date_joined, country_code) VALUES (585, 'arnold connery robbins', '2020-03-02 23:00:00', 'ES');
INSERT INTO payments (id, user_id, payment_amount, created_at) VALUES (266, 585, 51.91313946144466, '2020-03-03 23:00:00');
INSERT INTO payments (id, user_id, payment_amount, created_at) VALUES (267, 585, 71.14808290883246, '2020-03-04 23:00:00');
INSERT INTO users (id, name, date_joined, country_code) VALUES (586, 'arnold connery williams', '2020-03-03 00:00:00', 'ES');
INSERT INTO lessons (id, user_id, status, created_at, hours) VALUES (866, 586, 'SCHEDULED', '2020-03-04 00:00:00', 7);
INSERT INTO users (id, name, date_joined, country_code) VALUES (587, 'arnold connery goodsped', '2020-03-03 02:00:00', 'DE');
INSERT INTO users (id, name, date_joined, country_code) VALUES (588, 'arnold connery womack', '2020-03-03 03:00:00', 'DE');
INSERT INTO users (id, name, date_joined, country_code) VALUES (589, 'arnold connery connery', '2020-03-03 03:00:00', 'FR');
INSERT INTO lessons (id, user_id, status, created_at, hours) VALUES (867, 589, 'CANCELED', '2020-03-06 03:00:00', 9);
INSERT INTO lessons (id, user_id, status, created_at, hours) VALUES (868, 589, 'CANCELED', '2020-03-09 03:00:00', 9);
INSERT INTO users (id, name, date_joined, country_code) VALUES (590, 'arnold connery bond', '2020-03-03 03:00:00', 'ES');
INSERT INTO lessons (id, user_id, status, created_at, hours) VALUES (869, 590, 'CONFIRMED', '2020-03-04 03:00:00', 1);
INSERT INTO users (id, name, date_joined, country_code) VALUES (591, 'arnold bond mason', '2020-03-03 06:00:00', 'DK');
INSERT INTO lessons (id, user_id, status, created_at, hours) VALUES (870, 591, 'CONFIRMED', '2020-03-05 06:00:00', 3);
INSERT INTO users (id, name, date_joined, country_code) VALUES (592, 'arnold bond brown', '2020-03-03 07:00:00', 'UK');
INSERT INTO payments (id, user_id, payment_amount, created_at) VALUES (268, 592, 41.605691748725434, '2020-03-07 07:00:00');
INSERT INTO payments (id, user_id, payment_amount, created_at) VALUES (269, 592, 63.29988839313383, '2020-03-08 07:00:00');
INSERT INTO lessons (id, user_id, status, created_at, hours) VALUES (871, 592, 'SCHEDULED', '2020-03-04 07:00:00', 10);
INSERT INTO lessons (id, user_id, status, created_at, hours) VALUES (872, 592, 'CANCELED', '2020-03-07 07:00:00', 5);
INSERT INTO users (id, name, date_joined, country_code) VALUES (593, 'arnold bond mcfly', '2020-03-03 09:00:00', 'DE');
INSERT INTO payments (id, user_id, payment_amount, created_at) VALUES (270, 593, 24.228659120245965, '2020-03-05 09:00:00');
INSERT INTO payments (id, user_id, payment_amount, created_at) VALUES (271, 593, 10.287398819270955, '2020-03-08 09:00:00');
INSERT INTO lessons (id, user_id, status, created_at, hours) VALUES (873, 593, 'SCHEDULED', '2020-03-05 09:00:00', 10);
INSERT INTO lessons (id, user_id, status, created_at, hours) VALUES (874, 593, 'SCHEDULED', '2020-03-08 09:00:00', 4);
INSERT INTO users (id, name, date_joined, country_code) VALUES (594, 'arnold bond dufrain', '2020-03-03 13:00:00', 'UK');
INSERT INTO lessons (id, user_id, status, created_at, hours) VALUES (875, 594, 'CONFIRMED', '2020-03-04 13:00:00', 8);
INSERT INTO users (id, name, date_joined, country_code) VALUES (595, 'arnold bond robbins', '2020-03-03 14:00:00', 'ES');
INSERT INTO payments (id, user_id, payment_amount, created_at) VALUES (272, 595, 81.28946723776684, '2020-03-04 14:00:00');
INSERT INTO payments (id, user_id, payment_amount, created_at) VALUES (273, 595, 76.44771514270818, '2020-03-06 14:00:00');
INSERT INTO lessons (id, user_id, status, created_at, hours) VALUES (876, 595, 'CONFIRMED', '2020-03-04 14:00:00', 1);
INSERT INTO users (id, name, date_joined, country_code) VALUES (596, 'arnold bond williams', '2020-03-03 19:00:00', 'DK');
INSERT INTO payments (id, user_id, payment_amount, created_at) VALUES (274, 596, 39.12537048402699, '2020-03-07 19:00:00');
INSERT INTO users (id, name, date_joined, country_code) VALUES (597, 'arnold bond goodsped', '2020-03-03 23:00:00', 'DE');
INSERT INTO payments (id, user_id, payment_amount, created_at) VALUES (275, 597, 31.351643149372, '2020-03-07 23:00:00');
INSERT INTO lessons (id, user_id, status, created_at, hours) VALUES (877, 597, 'CONFIRMED', '2020-03-05 23:00:00', 7);
INSERT INTO lessons (id, user_id, status, created_at, hours) VALUES (878, 597, 'CANCELED', '2020-03-06 23:00:00', 4);
INSERT INTO users (id, name, date_joined, country_code) VALUES (598, 'arnold bond womack', '2020-03-04 03:00:00', 'DK');
INSERT INTO payments (id, user_id, payment_amount, created_at) VALUES (276, 598, 34.10331368129994, '2020-03-09 03:00:00');
INSERT INTO payments (id, user_id, payment_amount, created_at) VALUES (277, 598, 94.12886484769108, '2020-03-11 03:00:00');
INSERT INTO lessons (id, user_id, status, created_at, hours) VALUES (879, 598, 'SCHEDULED', '2020-03-06 03:00:00', 4);
INSERT INTO lessons (id, user_id, status, created_at, hours) VALUES (880, 598, 'CANCELED', '2020-03-07 03:00:00', 1);
INSERT INTO lessons (id, user_id, status, created_at, hours) VALUES (881, 598, 'CANCELED', '2020-03-08 03:00:00', 4);
INSERT INTO users (id, name, date_joined, country_code) VALUES (599, 'arnold bond connery', '2020-03-04 07:00:00', 'FR');
INSERT INTO payments (id, user_id, payment_amount, created_at) VALUES (278, 599, 62.246629287064955, '2020-03-08 07:00:00');
INSERT INTO users (id, name, date_joined, country_code) VALUES (600, 'arnold bond bond', '2020-03-04 10:00:00', 'ES');
INSERT INTO lessons (id, user_id, status, created_at, hours) VALUES (882, 600, 'CONFIRMED', '2020-03-07 10:00:00', 3);
INSERT INTO lessons (id, user_id, status, created_at, hours) VALUES (883, 600, 'CONFIRMED', '2020-03-08 10:00:00', 2);
INSERT INTO users (id, name, date_joined, country_code) VALUES (601, 'patrick mason mason', '2020-03-04 11:00:00', 'DE');
INSERT INTO lessons (id, user_id, status, created_at, hours) VALUES (884, 601, 'CONFIRMED', '2020-03-07 11:00:00', 8);
INSERT INTO lessons (id, user_id, status, created_at, hours) VALUES (885, 601, 'CONFIRMED', '2020-03-10 11:00:00', 4);
INSERT INTO lessons (id, user_id, status, created_at, hours) VALUES (886, 601, 'CANCELED', '2020-03-11 11:00:00', 7);
INSERT INTO users (id, name, date_joined, country_code) VALUES (602, 'patrick mason brown', '2020-03-04 12:00:00', 'DK');
INSERT INTO payments (id, user_id, payment_amount, created_at) VALUES (279, 602, 42.481149860792755, '2020-03-06 12:00:00');
INSERT INTO payments (id, user_id, payment_amount, created_at) VALUES (280, 602, 29.3525592574013, '2020-03-09 12:00:00');
INSERT INTO lessons (id, user_id, status, created_at, hours) VALUES (887, 602, 'SCHEDULED', '2020-03-05 12:00:00', 7);
INSERT INTO users (id, name, date_joined, country_code) VALUES (603, 'patrick mason mcfly', '2020-03-04 13:00:00', 'DE');
INSERT INTO payments (id, user_id, payment_amount, created_at) VALUES (281, 603, 13.551108067856132, '2020-03-07 13:00:00');
INSERT INTO lessons (id, user_id, status, created_at, hours) VALUES (888, 603, 'SCHEDULED', '2020-03-07 13:00:00', 3);
INSERT INTO lessons (id, user_id, status, created_at, hours) VALUES (889, 603, 'CANCELED', '2020-03-11 13:00:00', 7);
INSERT INTO users (id, name, date_joined, country_code) VALUES (604, 'patrick mason dufrain', '2020-03-04 17:00:00', 'UK');
INSERT INTO payments (id, user_id, payment_amount, created_at) VALUES (282, 604, 3.303725041597916, '2020-03-07 17:00:00');
INSERT INTO payments (id, user_id, payment_amount, created_at) VALUES (283, 604, 85.68509505391677, '2020-03-08 17:00:00');
INSERT INTO users (id, name, date_joined, country_code) VALUES (605, 'patrick mason robbins', '2020-03-04 17:00:00', 'DK');
INSERT INTO lessons (id, user_id, status, created_at, hours) VALUES (890, 605, 'CONFIRMED', '2020-03-06 17:00:00', 8);
INSERT INTO lessons (id, user_id, status, created_at, hours) VALUES (891, 605, 'SCHEDULED', '2020-03-10 17:00:00', 6);
INSERT INTO users (id, name, date_joined, country_code) VALUES (606, 'patrick mason williams', '2020-03-04 20:00:00', 'ES');
INSERT INTO payments (id, user_id, payment_amount, created_at) VALUES (284, 606, 78.31693929394945, '2020-03-08 20:00:00');
INSERT INTO payments (id, user_id, payment_amount, created_at) VALUES (285, 606, 48.97706238039666, '2020-03-11 20:00:00');
INSERT INTO lessons (id, user_id, status, created_at, hours) VALUES (892, 606, 'CONFIRMED', '2020-03-06 20:00:00', 1);
INSERT INTO lessons (id, user_id, status, created_at, hours) VALUES (893, 606, 'CANCELED', '2020-03-09 20:00:00', 2);
INSERT INTO lessons (id, user_id, status, created_at, hours) VALUES (894, 606, 'CONFIRMED', '2020-03-12 20:00:00', 2);
INSERT INTO users (id, name, date_joined, country_code) VALUES (607, 'patrick mason goodsped', '2020-03-04 21:00:00', 'FR');
INSERT INTO payments (id, user_id, payment_amount, created_at) VALUES (286, 607, 62.25829521880589, '2020-03-08 21:00:00');
INSERT INTO lessons (id, user_id, status, created_at, hours) VALUES (895, 607, 'SCHEDULED', '2020-03-07 21:00:00', 1);
INSERT INTO users (id, name, date_joined, country_code) VALUES (608, 'patrick mason womack', '2020-03-05 02:00:00', 'UK');
INSERT INTO lessons (id, user_id, status, created_at, hours) VALUES (896, 608, 'SCHEDULED', '2020-03-06 02:00:00', 5);
INSERT INTO lessons (id, user_id, status, created_at, hours) VALUES (897, 608, 'CANCELED', '2020-03-08 02:00:00', 9);
INSERT INTO users (id, name, date_joined, country_code) VALUES (609, 'patrick mason connery', '2020-03-05 07:00:00', 'FR');
INSERT INTO payments (id, user_id, payment_amount, created_at) VALUES (287, 609, 25.066121829641798, '2020-03-08 07:00:00');
INSERT INTO lessons (id, user_id, status, created_at, hours) VALUES (898, 609, 'CONFIRMED', '2020-03-07 07:00:00', 4);
INSERT INTO users (id, name, date_joined, country_code) VALUES (610, 'patrick mason bond', '2020-03-05 07:00:00', 'DE');
INSERT INTO lessons (id, user_id, status, created_at, hours) VALUES (899, 610, 'CONFIRMED', '2020-03-09 07:00:00', 4);
INSERT INTO lessons (id, user_id, status, created_at, hours) VALUES (900, 610, 'CANCELED', '2020-03-10 07:00:00', 3);
INSERT INTO users (id, name, date_joined, country_code) VALUES (611, 'patrick brown mason', '2020-03-05 09:00:00', 'FR');
INSERT INTO lessons (id, user_id, status, created_at, hours) VALUES (901, 611, 'CONFIRMED', '2020-03-06 09:00:00', 9);
INSERT INTO lessons (id, user_id, status, created_at, hours) VALUES (902, 611, 'CONFIRMED', '2020-03-08 09:00:00', 9);
INSERT INTO users (id, name, date_joined, country_code) VALUES (612, 'patrick brown brown', '2020-03-05 13:00:00', 'DE');
INSERT INTO payments (id, user_id, payment_amount, created_at) VALUES (288, 612, 72.24084240583582, '2020-03-10 13:00:00');
INSERT INTO payments (id, user_id, payment_amount, created_at) VALUES (289, 612, 39.46726864717396, '2020-03-14 13:00:00');
INSERT INTO lessons (id, user_id, status, created_at, hours) VALUES (903, 612, 'CONFIRMED', '2020-03-08 13:00:00', 4);
INSERT INTO users (id, name, date_joined, country_code) VALUES (613, 'patrick brown mcfly', '2020-03-05 16:00:00', 'DK');
INSERT INTO lessons (id, user_id, status, created_at, hours) VALUES (904, 613, 'CONFIRMED', '2020-03-08 16:00:00', 1);
INSERT INTO users (id, name, date_joined, country_code) VALUES (614, 'patrick brown dufrain', '2020-03-05 18:00:00', 'UK');
INSERT INTO payments (id, user_id, payment_amount, created_at) VALUES (290, 614, 54.43762099319965, '2020-03-09 18:00:00');
INSERT INTO lessons (id, user_id, status, created_at, hours) VALUES (905, 614, 'SCHEDULED', '2020-03-09 18:00:00', 7);
INSERT INTO lessons (id, user_id, status, created_at, hours) VALUES (906, 614, 'CANCELED', '2020-03-12 18:00:00', 6);
INSERT INTO users (id, name, date_joined, country_code) VALUES (615, 'patrick brown robbins', '2020-03-05 18:00:00', 'DK');
INSERT INTO payments (id, user_id, payment_amount, created_at) VALUES (291, 615, 1.0868848729613578, '2020-03-08 18:00:00');
INSERT INTO lessons (id, user_id, status, created_at, hours) VALUES (907, 615, 'CANCELED', '2020-03-06 18:00:00', 10);
INSERT INTO lessons (id, user_id, status, created_at, hours) VALUES (908, 615, 'SCHEDULED', '2020-03-09 18:00:00', 2);
INSERT INTO lessons (id, user_id, status, created_at, hours) VALUES (909, 615, 'CONFIRMED', '2020-03-10 18:00:00', 2);
INSERT INTO users (id, name, date_joined, country_code) VALUES (616, 'patrick brown williams', '2020-03-05 23:00:00', 'DK');
INSERT INTO lessons (id, user_id, status, created_at, hours) VALUES (910, 616, 'CANCELED', '2020-03-08 23:00:00', 5);
INSERT INTO users (id, name, date_joined, country_code) VALUES (617, 'patrick brown goodsped', '2020-03-06 03:00:00', 'UK');
INSERT INTO lessons (id, user_id, status, created_at, hours) VALUES (911, 617, 'CANCELED', '2020-03-09 03:00:00', 3);
INSERT INTO users (id, name, date_joined, country_code) VALUES (618, 'patrick brown womack', '2020-03-06 04:00:00', 'ES');
INSERT INTO lessons (id, user_id, status, created_at, hours) VALUES (912, 618, 'CONFIRMED', '2020-03-07 04:00:00', 4);
INSERT INTO users (id, name, date_joined, country_code) VALUES (619, 'patrick brown connery', '2020-03-06 04:00:00', 'UK');
INSERT INTO payments (id, user_id, payment_amount, created_at) VALUES (292, 619, 10.809027710730913, '2020-03-10 04:00:00');
INSERT INTO payments (id, user_id, payment_amount, created_at) VALUES (293, 619, 25.00652995715419, '2020-03-12 04:00:00');
INSERT INTO users (id, name, date_joined, country_code) VALUES (620, 'patrick brown bond', '2020-03-06 04:00:00', 'DE');
INSERT INTO payments (id, user_id, payment_amount, created_at) VALUES (294, 620, 62.092528881934086, '2020-03-07 04:00:00');
INSERT INTO lessons (id, user_id, status, created_at, hours) VALUES (913, 620, 'SCHEDULED', '2020-03-09 04:00:00', 6);
INSERT INTO lessons (id, user_id, status, created_at, hours) VALUES (914, 620, 'SCHEDULED', '2020-03-13 04:00:00', 9);
INSERT INTO users (id, name, date_joined, country_code) VALUES (621, 'patrick mcfly mason', '2020-03-06 04:00:00', 'DK');
INSERT INTO lessons (id, user_id, status, created_at, hours) VALUES (915, 621, 'CONFIRMED', '2020-03-09 04:00:00', 5);
INSERT INTO lessons (id, user_id, status, created_at, hours) VALUES (916, 621, 'CANCELED', '2020-03-10 04:00:00', 4);
INSERT INTO users (id, name, date_joined, country_code) VALUES (622, 'patrick mcfly brown', '2020-03-06 04:00:00', 'UK');
INSERT INTO lessons (id, user_id, status, created_at, hours) VALUES (917, 622, 'SCHEDULED', '2020-03-10 04:00:00', 2);
INSERT INTO lessons (id, user_id, status, created_at, hours) VALUES (918, 622, 'SCHEDULED', '2020-03-14 04:00:00', 3);
INSERT INTO lessons (id, user_id, status, created_at, hours) VALUES (919, 622, 'CONFIRMED', '2020-03-17 04:00:00', 4);
INSERT INTO users (id, name, date_joined, country_code) VALUES (623, 'patrick mcfly mcfly', '2020-03-06 06:00:00', 'UK');
INSERT INTO payments (id, user_id, payment_amount, created_at) VALUES (295, 623, 52.73694939429989, '2020-03-11 06:00:00');
INSERT INTO payments (id, user_id, payment_amount, created_at) VALUES (296, 623, 45.49076143515832, '2020-03-12 06:00:00');
INSERT INTO users (id, name, date_joined, country_code) VALUES (624, 'patrick mcfly dufrain', '2020-03-06 07:00:00', 'FR');
INSERT INTO lessons (id, user_id, status, created_at, hours) VALUES (920, 624, 'CANCELED', '2020-03-08 07:00:00', 7);
INSERT INTO lessons (id, user_id, status, created_at, hours) VALUES (921, 624, 'SCHEDULED', '2020-03-10 07:00:00', 7);
INSERT INTO users (id, name, date_joined, country_code) VALUES (625, 'patrick mcfly robbins', '2020-03-06 11:00:00', 'DK');
INSERT INTO payments (id, user_id, payment_amount, created_at) VALUES (297, 625, 72.10741880375839, '2020-03-10 11:00:00');
INSERT INTO payments (id, user_id, payment_amount, created_at) VALUES (298, 625, 94.62475605127956, '2020-03-12 11:00:00');
INSERT INTO lessons (id, user_id, status, created_at, hours) VALUES (922, 625, 'CANCELED', '2020-03-07 11:00:00', 10);
INSERT INTO users (id, name, date_joined, country_code) VALUES (626, 'patrick mcfly williams', '2020-03-06 11:00:00', 'DK');
INSERT INTO payments (id, user_id, payment_amount, created_at) VALUES (299, 626, 26.113007623736106, '2020-03-10 11:00:00');
INSERT INTO payments (id, user_id, payment_amount, created_at) VALUES (300, 626, 13.016522014761623, '2020-03-12 11:00:00');
INSERT INTO lessons (id, user_id, status, created_at, hours) VALUES (923, 626, 'SCHEDULED', '2020-03-09 11:00:00', 3);
INSERT INTO lessons (id, user_id, status, created_at, hours) VALUES (924, 626, 'CANCELED', '2020-03-11 11:00:00', 6);
INSERT INTO users (id, name, date_joined, country_code) VALUES (627, 'patrick mcfly goodsped', '2020-03-06 16:00:00', 'UK');
INSERT INTO payments (id, user_id, payment_amount, created_at) VALUES (301, 627, 74.12533399609767, '2020-03-08 16:00:00');
INSERT INTO lessons (id, user_id, status, created_at, hours) VALUES (925, 627, 'CONFIRMED', '2020-03-10 16:00:00', 7);
INSERT INTO lessons (id, user_id, status, created_at, hours) VALUES (926, 627, 'SCHEDULED', '2020-03-11 16:00:00', 6);
INSERT INTO lessons (id, user_id, status, created_at, hours) VALUES (927, 627, 'CANCELED', '2020-03-13 16:00:00', 5);
INSERT INTO users (id, name, date_joined, country_code) VALUES (628, 'patrick mcfly womack', '2020-03-06 20:00:00', 'FR');
INSERT INTO lessons (id, user_id, status, created_at, hours) VALUES (928, 628, 'SCHEDULED', '2020-03-09 20:00:00', 7);
INSERT INTO users (id, name, date_joined, country_code) VALUES (629, 'patrick mcfly connery', '2020-03-07 01:00:00', 'DK');
INSERT INTO lessons (id, user_id, status, created_at, hours) VALUES (929, 629, 'CONFIRMED', '2020-03-09 01:00:00', 8);
INSERT INTO lessons (id, user_id, status, created_at, hours) VALUES (930, 629, 'CONFIRMED', '2020-03-12 01:00:00', 7);
INSERT INTO users (id, name, date_joined, country_code) VALUES (630, 'patrick mcfly bond', '2020-03-07 02:00:00', 'ES');
INSERT INTO lessons (id, user_id, status, created_at, hours) VALUES (931, 630, 'CONFIRMED', '2020-03-10 02:00:00', 3);
INSERT INTO users (id, name, date_joined, country_code) VALUES (631, 'patrick dufrain mason', '2020-03-07 04:00:00', 'UK');
INSERT INTO lessons (id, user_id, status, created_at, hours) VALUES (932, 631, 'CONFIRMED', '2020-03-08 04:00:00', 4);
INSERT INTO lessons (id, user_id, status, created_at, hours) VALUES (933, 631, 'CONFIRMED', '2020-03-12 04:00:00', 8);
INSERT INTO users (id, name, date_joined, country_code) VALUES (632, 'patrick dufrain brown', '2020-03-07 09:00:00', 'UK');
INSERT INTO lessons (id, user_id, status, created_at, hours) VALUES (934, 632, 'SCHEDULED', '2020-03-08 09:00:00', 5);
INSERT INTO lessons (id, user_id, status, created_at, hours) VALUES (935, 632, 'CONFIRMED', '2020-03-09 09:00:00', 9);
INSERT INTO users (id, name, date_joined, country_code) VALUES (633, 'patrick dufrain mcfly', '2020-03-07 09:00:00', 'FR');
INSERT INTO payments (id, user_id, payment_amount, created_at) VALUES (302, 633, 20.18598525578583, '2020-03-08 09:00:00');
INSERT INTO payments (id, user_id, payment_amount, created_at) VALUES (303, 633, 69.64778702381763, '2020-03-13 09:00:00');
INSERT INTO lessons (id, user_id, status, created_at, hours) VALUES (936, 633, 'SCHEDULED', '2020-03-09 09:00:00', 3);
INSERT INTO users (id, name, date_joined, country_code) VALUES (634, 'patrick dufrain dufrain', '2020-03-07 11:00:00', 'ES');
INSERT INTO lessons (id, user_id, status, created_at, hours) VALUES (937, 634, 'CANCELED', '2020-03-09 11:00:00', 1);
INSERT INTO lessons (id, user_id, status, created_at, hours) VALUES (938, 634, 'CONFIRMED', '2020-03-11 11:00:00', 9);
INSERT INTO users (id, name, date_joined, country_code) VALUES (635, 'patrick dufrain robbins', '2020-03-07 13:00:00', 'FR');
INSERT INTO payments (id, user_id, payment_amount, created_at) VALUES (304, 635, 56.77018655108967, '2020-03-11 13:00:00');
INSERT INTO payments (id, user_id, payment_amount, created_at) VALUES (305, 635, 45.122965411506236, '2020-03-16 13:00:00');
INSERT INTO lessons (id, user_id, status, created_at, hours) VALUES (939, 635, 'CONFIRMED', '2020-03-08 13:00:00', 6);
INSERT INTO users (id, name, date_joined, country_code) VALUES (636, 'patrick dufrain williams', '2020-03-07 14:00:00', 'DE');
INSERT INTO lessons (id, user_id, status, created_at, hours) VALUES (940, 636, 'CANCELED', '2020-03-09 14:00:00', 4);
INSERT INTO lessons (id, user_id, status, created_at, hours) VALUES (941, 636, 'CANCELED', '2020-03-13 14:00:00', 8);
INSERT INTO users (id, name, date_joined, country_code) VALUES (637, 'patrick dufrain goodsped', '2020-03-07 17:00:00', 'DK');
INSERT INTO lessons (id, user_id, status, created_at, hours) VALUES (942, 637, 'CANCELED', '2020-03-08 17:00:00', 4);
INSERT INTO users (id, name, date_joined, country_code) VALUES (638, 'patrick dufrain womack', '2020-03-07 18:00:00', 'UK');
INSERT INTO payments (id, user_id, payment_amount, created_at) VALUES (306, 638, 62.10563020610592, '2020-03-11 18:00:00');
INSERT INTO lessons (id, user_id, status, created_at, hours) VALUES (943, 638, 'CONFIRMED', '2020-03-09 18:00:00', 1);
INSERT INTO lessons (id, user_id, status, created_at, hours) VALUES (944, 638, 'CONFIRMED', '2020-03-11 18:00:00', 4);
INSERT INTO users (id, name, date_joined, country_code) VALUES (639, 'patrick dufrain connery', '2020-03-07 20:00:00', 'ES');
INSERT INTO lessons (id, user_id, status, created_at, hours) VALUES (945, 639, 'SCHEDULED', '2020-03-08 20:00:00', 5);
INSERT INTO lessons (id, user_id, status, created_at, hours) VALUES (946, 639, 'CANCELED', '2020-03-12 20:00:00', 8);
INSERT INTO users (id, name, date_joined, country_code) VALUES (640, 'patrick dufrain bond', '2020-03-07 23:00:00', 'FR');
INSERT INTO lessons (id, user_id, status, created_at, hours) VALUES (947, 640, 'CONFIRMED', '2020-03-09 23:00:00', 3);
INSERT INTO users (id, name, date_joined, country_code) VALUES (641, 'patrick robbins mason', '2020-03-08 02:00:00', 'DE');
INSERT INTO lessons (id, user_id, status, created_at, hours) VALUES (948, 641, 'CONFIRMED', '2020-03-10 02:00:00', 3);
INSERT INTO users (id, name, date_joined, country_code) VALUES (642, 'patrick robbins brown', '2020-03-08 06:00:00', 'DK');
INSERT INTO payments (id, user_id, payment_amount, created_at) VALUES (307, 642, 75.96167117530361, '2020-03-09 06:00:00');
INSERT INTO lessons (id, user_id, status, created_at, hours) VALUES (949, 642, 'CONFIRMED', '2020-03-09 06:00:00', 5);
INSERT INTO lessons (id, user_id, status, created_at, hours) VALUES (950, 642, 'CANCELED', '2020-03-10 06:00:00', 7);
INSERT INTO lessons (id, user_id, status, created_at, hours) VALUES (951, 642, 'CONFIRMED', '2020-03-14 06:00:00', 2);
INSERT INTO users (id, name, date_joined, country_code) VALUES (643, 'patrick robbins mcfly', '2020-03-08 07:00:00', 'DE');
INSERT INTO lessons (id, user_id, status, created_at, hours) VALUES (952, 643, 'CONFIRMED', '2020-03-10 07:00:00', 4);
INSERT INTO users (id, name, date_joined, country_code) VALUES (644, 'patrick robbins dufrain', '2020-03-08 09:00:00', 'DK');
INSERT INTO payments (id, user_id, payment_amount, created_at) VALUES (308, 644, 96.38891338647471, '2020-03-10 09:00:00');
INSERT INTO payments (id, user_id, payment_amount, created_at) VALUES (309, 644, 12.43467230410047, '2020-03-13 09:00:00');
INSERT INTO lessons (id, user_id, status, created_at, hours) VALUES (953, 644, 'CANCELED', '2020-03-10 09:00:00', 9);
INSERT INTO lessons (id, user_id, status, created_at, hours) VALUES (954, 644, 'CANCELED', '2020-03-11 09:00:00', 1);
INSERT INTO users (id, name, date_joined, country_code) VALUES (645, 'patrick robbins robbins', '2020-03-08 12:00:00', 'FR');
INSERT INTO payments (id, user_id, payment_amount, created_at) VALUES (310, 645, 34.84568276547101, '2020-03-09 12:00:00');
INSERT INTO payments (id, user_id, payment_amount, created_at) VALUES (311, 645, 68.7049583546052, '2020-03-11 12:00:00');
INSERT INTO lessons (id, user_id, status, created_at, hours) VALUES (955, 645, 'SCHEDULED', '2020-03-11 12:00:00', 2);
INSERT INTO users (id, name, date_joined, country_code) VALUES (646, 'patrick robbins williams', '2020-03-08 16:00:00', 'FR');
INSERT INTO payments (id, user_id, payment_amount, created_at) VALUES (312, 646, 88.27552829155202, '2020-03-13 16:00:00');
INSERT INTO lessons (id, user_id, status, created_at, hours) VALUES (956, 646, 'SCHEDULED', '2020-03-12 16:00:00', 3);
INSERT INTO users (id, name, date_joined, country_code) VALUES (647, 'patrick robbins goodsped', '2020-03-08 19:00:00', 'ES');
INSERT INTO lessons (id, user_id, status, created_at, hours) VALUES (957, 647, 'CANCELED', '2020-03-10 19:00:00', 9);
INSERT INTO lessons (id, user_id, status, created_at, hours) VALUES (958, 647, 'SCHEDULED', '2020-03-11 19:00:00', 2);
INSERT INTO users (id, name, date_joined, country_code) VALUES (648, 'patrick robbins womack', '2020-03-08 20:00:00', 'DK');
INSERT INTO users (id, name, date_joined, country_code) VALUES (649, 'patrick robbins connery', '2020-03-09 00:00:00', 'UK');
INSERT INTO lessons (id, user_id, status, created_at, hours) VALUES (959, 649, 'CANCELED', '2020-03-13 00:00:00', 6);
INSERT INTO lessons (id, user_id, status, created_at, hours) VALUES (960, 649, 'CONFIRMED', '2020-03-15 00:00:00', 8);
INSERT INTO lessons (id, user_id, status, created_at, hours) VALUES (961, 649, 'CANCELED', '2020-03-19 00:00:00', 9);
INSERT INTO users (id, name, date_joined, country_code) VALUES (650, 'patrick robbins bond', '2020-03-09 01:00:00', 'FR');
INSERT INTO lessons (id, user_id, status, created_at, hours) VALUES (962, 650, 'SCHEDULED', '2020-03-11 01:00:00', 9);
INSERT INTO users (id, name, date_joined, country_code) VALUES (651, 'patrick williams mason', '2020-03-09 02:00:00', 'DE');
INSERT INTO lessons (id, user_id, status, created_at, hours) VALUES (963, 651, 'CANCELED', '2020-03-11 02:00:00', 7);
INSERT INTO lessons (id, user_id, status, created_at, hours) VALUES (964, 651, 'CANCELED', '2020-03-14 02:00:00', 5);
INSERT INTO users (id, name, date_joined, country_code) VALUES (652, 'patrick williams brown', '2020-03-09 07:00:00', 'DE');
INSERT INTO lessons (id, user_id, status, created_at, hours) VALUES (965, 652, 'CANCELED', '2020-03-13 07:00:00', 6);
INSERT INTO lessons (id, user_id, status, created_at, hours) VALUES (966, 652, 'SCHEDULED', '2020-03-15 07:00:00', 7);
INSERT INTO users (id, name, date_joined, country_code) VALUES (653, 'patrick williams mcfly', '2020-03-09 12:00:00', 'DE');
INSERT INTO lessons (id, user_id, status, created_at, hours) VALUES (967, 653, 'SCHEDULED', '2020-03-13 12:00:00', 7);
INSERT INTO lessons (id, user_id, status, created_at, hours) VALUES (968, 653, 'CONFIRMED', '2020-03-14 12:00:00', 9);
INSERT INTO lessons (id, user_id, status, created_at, hours) VALUES (969, 653, 'SCHEDULED', '2020-03-17 12:00:00', 4);
INSERT INTO users (id, name, date_joined, country_code) VALUES (654, 'patrick williams dufrain', '2020-03-09 16:00:00', 'ES');
INSERT INTO lessons (id, user_id, status, created_at, hours) VALUES (970, 654, 'CANCELED', '2020-03-12 16:00:00', 6);
INSERT INTO lessons (id, user_id, status, created_at, hours) VALUES (971, 654, 'SCHEDULED', '2020-03-13 16:00:00', 6);
INSERT INTO users (id, name, date_joined, country_code) VALUES (655, 'patrick williams robbins', '2020-03-09 21:00:00', 'ES');
INSERT INTO users (id, name, date_joined, country_code) VALUES (656, 'patrick williams williams', '2020-03-09 22:00:00', 'DK');
INSERT INTO users (id, name, date_joined, country_code) VALUES (657, 'patrick williams goodsped', '2020-03-10 00:00:00', 'DK');
INSERT INTO lessons (id, user_id, status, created_at, hours) VALUES (972, 657, 'CANCELED', '2020-03-12 00:00:00', 1);
INSERT INTO users (id, name, date_joined, country_code) VALUES (658, 'patrick williams womack', '2020-03-10 01:00:00', 'FR');
INSERT INTO payments (id, user_id, payment_amount, created_at) VALUES (313, 658, 2.820535264736179, '2020-03-11 01:00:00');
INSERT INTO lessons (id, user_id, status, created_at, hours) VALUES (973, 658, 'SCHEDULED', '2020-03-11 01:00:00', 1);
INSERT INTO users (id, name, date_joined, country_code) VALUES (659, 'patrick williams connery', '2020-03-10 01:00:00', 'ES');
INSERT INTO lessons (id, user_id, status, created_at, hours) VALUES (974, 659, 'CONFIRMED', '2020-03-14 01:00:00', 10);
INSERT INTO lessons (id, user_id, status, created_at, hours) VALUES (975, 659, 'CANCELED', '2020-03-18 01:00:00', 8);
INSERT INTO users (id, name, date_joined, country_code) VALUES (660, 'patrick williams bond', '2020-03-10 03:00:00', 'DE');
INSERT INTO lessons (id, user_id, status, created_at, hours) VALUES (976, 660, 'SCHEDULED', '2020-03-11 03:00:00', 3);
INSERT INTO lessons (id, user_id, status, created_at, hours) VALUES (977, 660, 'SCHEDULED', '2020-03-14 03:00:00', 2);
INSERT INTO users (id, name, date_joined, country_code) VALUES (661, 'patrick goodsped mason', '2020-03-10 03:00:00', 'ES');
INSERT INTO payments (id, user_id, payment_amount, created_at) VALUES (314, 661, 1.6870050302113748, '2020-03-11 03:00:00');
INSERT INTO payments (id, user_id, payment_amount, created_at) VALUES (315, 661, 93.11941076775938, '2020-03-12 03:00:00');
INSERT INTO lessons (id, user_id, status, created_at, hours) VALUES (978, 661, 'CANCELED', '2020-03-13 03:00:00', 5);
INSERT INTO lessons (id, user_id, status, created_at, hours) VALUES (979, 661, 'CANCELED', '2020-03-15 03:00:00', 7);
INSERT INTO users (id, name, date_joined, country_code) VALUES (662, 'patrick goodsped brown', '2020-03-10 08:00:00', 'ES');
INSERT INTO lessons (id, user_id, status, created_at, hours) VALUES (980, 662, 'CONFIRMED', '2020-03-14 08:00:00', 5);
INSERT INTO users (id, name, date_joined, country_code) VALUES (663, 'patrick goodsped mcfly', '2020-03-10 13:00:00', 'DE');
INSERT INTO lessons (id, user_id, status, created_at, hours) VALUES (981, 663, 'CANCELED', '2020-03-14 13:00:00', 2);
INSERT INTO lessons (id, user_id, status, created_at, hours) VALUES (982, 663, 'CONFIRMED', '2020-03-15 13:00:00', 6);
INSERT INTO users (id, name, date_joined, country_code) VALUES (664, 'patrick goodsped dufrain', '2020-03-10 14:00:00', 'UK');
INSERT INTO lessons (id, user_id, status, created_at, hours) VALUES (983, 664, 'SCHEDULED', '2020-03-13 14:00:00', 7);
INSERT INTO lessons (id, user_id, status, created_at, hours) VALUES (984, 664, 'CONFIRMED', '2020-03-16 14:00:00', 8);
INSERT INTO users (id, name, date_joined, country_code) VALUES (665, 'patrick goodsped robbins', '2020-03-10 17:00:00', 'FR');
INSERT INTO lessons (id, user_id, status, created_at, hours) VALUES (985, 665, 'CONFIRMED', '2020-03-12 17:00:00', 4);
INSERT INTO lessons (id, user_id, status, created_at, hours) VALUES (986, 665, 'SCHEDULED', '2020-03-14 17:00:00', 1);
INSERT INTO users (id, name, date_joined, country_code) VALUES (666, 'patrick goodsped williams', '2020-03-10 21:00:00', 'ES');
INSERT INTO payments (id, user_id, payment_amount, created_at) VALUES (316, 666, 86.9340987469331, '2020-03-11 21:00:00');
INSERT INTO payments (id, user_id, payment_amount, created_at) VALUES (317, 666, 27.329856607919112, '2020-03-15 21:00:00');
INSERT INTO lessons (id, user_id, status, created_at, hours) VALUES (987, 666, 'SCHEDULED', '2020-03-11 21:00:00', 6);
INSERT INTO users (id, name, date_joined, country_code) VALUES (667, 'patrick goodsped goodsped', '2020-03-10 22:00:00', 'DE');
INSERT INTO lessons (id, user_id, status, created_at, hours) VALUES (988, 667, 'CONFIRMED', '2020-03-12 22:00:00', 10);
INSERT INTO users (id, name, date_joined, country_code) VALUES (668, 'patrick goodsped womack', '2020-03-10 22:00:00', 'UK');
INSERT INTO lessons (id, user_id, status, created_at, hours) VALUES (989, 668, 'CONFIRMED', '2020-03-12 22:00:00', 7);
INSERT INTO users (id, name, date_joined, country_code) VALUES (669, 'patrick goodsped connery', '2020-03-10 23:00:00', 'DK');
INSERT INTO payments (id, user_id, payment_amount, created_at) VALUES (318, 669, 20.72213127258419, '2020-03-13 23:00:00');
INSERT INTO payments (id, user_id, payment_amount, created_at) VALUES (319, 669, 9.665179564058302, '2020-03-17 23:00:00');
INSERT INTO users (id, name, date_joined, country_code) VALUES (670, 'patrick goodsped bond', '2020-03-11 02:00:00', 'FR');
INSERT INTO lessons (id, user_id, status, created_at, hours) VALUES (990, 670, 'CANCELED', '2020-03-14 02:00:00', 2);
INSERT INTO lessons (id, user_id, status, created_at, hours) VALUES (991, 670, 'CANCELED', '2020-03-16 02:00:00', 1);
INSERT INTO users (id, name, date_joined, country_code) VALUES (671, 'patrick womack mason', '2020-03-11 07:00:00', 'FR');
INSERT INTO payments (id, user_id, payment_amount, created_at) VALUES (320, 671, 53.29035545565264, '2020-03-12 07:00:00');
INSERT INTO payments (id, user_id, payment_amount, created_at) VALUES (321, 671, 55.92852440775997, '2020-03-15 07:00:00');
INSERT INTO lessons (id, user_id, status, created_at, hours) VALUES (992, 671, 'SCHEDULED', '2020-03-15 07:00:00', 10);
INSERT INTO users (id, name, date_joined, country_code) VALUES (672, 'patrick womack brown', '2020-03-11 12:00:00', 'DE');
INSERT INTO lessons (id, user_id, status, created_at, hours) VALUES (993, 672, 'CANCELED', '2020-03-14 12:00:00', 1);
INSERT INTO users (id, name, date_joined, country_code) VALUES (673, 'patrick womack mcfly', '2020-03-11 14:00:00', 'ES');
INSERT INTO lessons (id, user_id, status, created_at, hours) VALUES (994, 673, 'SCHEDULED', '2020-03-14 14:00:00', 2);
INSERT INTO lessons (id, user_id, status, created_at, hours) VALUES (995, 673, 'SCHEDULED', '2020-03-17 14:00:00', 10);
INSERT INTO users (id, name, date_joined, country_code) VALUES (674, 'patrick womack dufrain', '2020-03-11 17:00:00', 'FR');
INSERT INTO payments (id, user_id, payment_amount, created_at) VALUES (322, 674, 63.29292983492063, '2020-03-14 17:00:00');
INSERT INTO lessons (id, user_id, status, created_at, hours) VALUES (996, 674, 'CONFIRMED', '2020-03-12 17:00:00', 10);
INSERT INTO lessons (id, user_id, status, created_at, hours) VALUES (997, 674, 'CANCELED', '2020-03-15 17:00:00', 6);
INSERT INTO lessons (id, user_id, status, created_at, hours) VALUES (998, 674, 'SCHEDULED', '2020-03-17 17:00:00', 9);
INSERT INTO users (id, name, date_joined, country_code) VALUES (675, 'patrick womack robbins', '2020-03-11 19:00:00', 'UK');
INSERT INTO lessons (id, user_id, status, created_at, hours) VALUES (999, 675, 'CONFIRMED', '2020-03-15 19:00:00', 2);
INSERT INTO users (id, name, date_joined, country_code) VALUES (676, 'patrick womack williams', '2020-03-11 21:00:00', 'DE');
INSERT INTO lessons (id, user_id, status, created_at, hours) VALUES (1000, 676, 'CONFIRMED', '2020-03-14 21:00:00', 5);
INSERT INTO users (id, name, date_joined, country_code) VALUES (677, 'patrick womack goodsped', '2020-03-12 02:00:00', 'FR');
INSERT INTO payments (id, user_id, payment_amount, created_at) VALUES (323, 677, 47.16936442373202, '2020-03-16 02:00:00');
INSERT INTO lessons (id, user_id, status, created_at, hours) VALUES (1001, 677, 'SCHEDULED', '2020-03-15 02:00:00', 5);
INSERT INTO users (id, name, date_joined, country_code) VALUES (678, 'patrick womack womack', '2020-03-12 04:00:00', 'DK');
INSERT INTO lessons (id, user_id, status, created_at, hours) VALUES (1002, 678, 'CONFIRMED', '2020-03-14 04:00:00', 3);
INSERT INTO lessons (id, user_id, status, created_at, hours) VALUES (1003, 678, 'CANCELED', '2020-03-17 04:00:00', 10);
INSERT INTO users (id, name, date_joined, country_code) VALUES (679, 'patrick womack connery', '2020-03-12 06:00:00', 'DE');
INSERT INTO lessons (id, user_id, status, created_at, hours) VALUES (1004, 679, 'CONFIRMED', '2020-03-15 06:00:00', 4);
INSERT INTO users (id, name, date_joined, country_code) VALUES (680, 'patrick womack bond', '2020-03-12 10:00:00', 'UK');
INSERT INTO users (id, name, date_joined, country_code) VALUES (681, 'patrick connery mason', '2020-03-12 12:00:00', 'FR');
INSERT INTO lessons (id, user_id, status, created_at, hours) VALUES (1005, 681, 'CONFIRMED', '2020-03-13 12:00:00', 5);
INSERT INTO lessons (id, user_id, status, created_at, hours) VALUES (1006, 681, 'SCHEDULED', '2020-03-14 12:00:00', 7);
INSERT INTO users (id, name, date_joined, country_code) VALUES (682, 'patrick connery brown', '2020-03-12 15:00:00', 'FR');
INSERT INTO lessons (id, user_id, status, created_at, hours) VALUES (1007, 682, 'SCHEDULED', '2020-03-14 15:00:00', 8);
INSERT INTO users (id, name, date_joined, country_code) VALUES (683, 'patrick connery mcfly', '2020-03-12 17:00:00', 'DK');
INSERT INTO payments (id, user_id, payment_amount, created_at) VALUES (324, 683, 33.29001229960979, '2020-03-13 17:00:00');
INSERT INTO lessons (id, user_id, status, created_at, hours) VALUES (1008, 683, 'SCHEDULED', '2020-03-16 17:00:00', 5);
INSERT INTO lessons (id, user_id, status, created_at, hours) VALUES (1009, 683, 'CANCELED', '2020-03-18 17:00:00', 8);
INSERT INTO users (id, name, date_joined, country_code) VALUES (684, 'patrick connery dufrain', '2020-03-12 22:00:00', 'DE');
INSERT INTO lessons (id, user_id, status, created_at, hours) VALUES (1010, 684, 'CANCELED', '2020-03-14 22:00:00', 10);
INSERT INTO users (id, name, date_joined, country_code) VALUES (685, 'patrick connery robbins', '2020-03-12 22:00:00', 'DK');
INSERT INTO lessons (id, user_id, status, created_at, hours) VALUES (1011, 685, 'CONFIRMED', '2020-03-13 22:00:00', 7);
INSERT INTO users (id, name, date_joined, country_code) VALUES (686, 'patrick connery williams', '2020-03-13 01:00:00', 'DE');
INSERT INTO payments (id, user_id, payment_amount, created_at) VALUES (325, 686, 84.38747599516844, '2020-03-18 01:00:00');
INSERT INTO lessons (id, user_id, status, created_at, hours) VALUES (1012, 686, 'CANCELED', '2020-03-15 01:00:00', 3);
INSERT INTO users (id, name, date_joined, country_code) VALUES (687, 'patrick connery goodsped', '2020-03-13 06:00:00', 'DE');
INSERT INTO payments (id, user_id, payment_amount, created_at) VALUES (326, 687, 39.43553618571105, '2020-03-16 06:00:00');
INSERT INTO lessons (id, user_id, status, created_at, hours) VALUES (1013, 687, 'SCHEDULED', '2020-03-16 06:00:00', 3);
INSERT INTO lessons (id, user_id, status, created_at, hours) VALUES (1014, 687, 'CONFIRMED', '2020-03-18 06:00:00', 10);
INSERT INTO lessons (id, user_id, status, created_at, hours) VALUES (1015, 687, 'CONFIRMED', '2020-03-20 06:00:00', 6);
INSERT INTO users (id, name, date_joined, country_code) VALUES (688, 'patrick connery womack', '2020-03-13 11:00:00', 'DK');
INSERT INTO lessons (id, user_id, status, created_at, hours) VALUES (1016, 688, 'CANCELED', '2020-03-15 11:00:00', 4);
INSERT INTO lessons (id, user_id, status, created_at, hours) VALUES (1017, 688, 'CANCELED', '2020-03-16 11:00:00', 7);
INSERT INTO users (id, name, date_joined, country_code) VALUES (689, 'patrick connery connery', '2020-03-13 14:00:00', 'FR');
INSERT INTO lessons (id, user_id, status, created_at, hours) VALUES (1018, 689, 'CANCELED', '2020-03-15 14:00:00', 8);
INSERT INTO users (id, name, date_joined, country_code) VALUES (690, 'patrick connery bond', '2020-03-13 14:00:00', 'DK');
INSERT INTO lessons (id, user_id, status, created_at, hours) VALUES (1019, 690, 'CANCELED', '2020-03-15 14:00:00', 6);
INSERT INTO lessons (id, user_id, status, created_at, hours) VALUES (1020, 690, 'SCHEDULED', '2020-03-18 14:00:00', 8);
INSERT INTO users (id, name, date_joined, country_code) VALUES (691, 'patrick bond mason', '2020-03-13 16:00:00', 'UK');
INSERT INTO lessons (id, user_id, status, created_at, hours) VALUES (1021, 691, 'SCHEDULED', '2020-03-16 16:00:00', 7);
INSERT INTO lessons (id, user_id, status, created_at, hours) VALUES (1022, 691, 'CONFIRMED', '2020-03-20 16:00:00', 5);
INSERT INTO users (id, name, date_joined, country_code) VALUES (692, 'patrick bond brown', '2020-03-13 20:00:00', 'FR');
INSERT INTO lessons (id, user_id, status, created_at, hours) VALUES (1023, 692, 'CONFIRMED', '2020-03-17 20:00:00', 3);
INSERT INTO users (id, name, date_joined, country_code) VALUES (693, 'patrick bond mcfly', '2020-03-14 01:00:00', 'DK');
INSERT INTO lessons (id, user_id, status, created_at, hours) VALUES (1024, 693, 'CONFIRMED', '2020-03-16 01:00:00', 9);
INSERT INTO lessons (id, user_id, status, created_at, hours) VALUES (1025, 693, 'SCHEDULED', '2020-03-20 01:00:00', 2);
INSERT INTO users (id, name, date_joined, country_code) VALUES (694, 'patrick bond dufrain', '2020-03-14 05:00:00', 'DK');
INSERT INTO payments (id, user_id, payment_amount, created_at) VALUES (327, 694, 82.19257689500346, '2020-03-15 05:00:00');
INSERT INTO lessons (id, user_id, status, created_at, hours) VALUES (1026, 694, 'CONFIRMED', '2020-03-16 05:00:00', 7);
INSERT INTO users (id, name, date_joined, country_code) VALUES (695, 'patrick bond robbins', '2020-03-14 05:00:00', 'DE');
INSERT INTO lessons (id, user_id, status, created_at, hours) VALUES (1027, 695, 'CANCELED', '2020-03-18 05:00:00', 6);
INSERT INTO lessons (id, user_id, status, created_at, hours) VALUES (1028, 695, 'SCHEDULED', '2020-03-21 05:00:00', 10);
INSERT INTO lessons (id, user_id, status, created_at, hours) VALUES (1029, 695, 'SCHEDULED', '2020-03-22 05:00:00', 2);
INSERT INTO users (id, name, date_joined, country_code) VALUES (696, 'patrick bond williams', '2020-03-14 05:00:00', 'DE');
INSERT INTO lessons (id, user_id, status, created_at, hours) VALUES (1030, 696, 'CANCELED', '2020-03-15 05:00:00', 2);
INSERT INTO lessons (id, user_id, status, created_at, hours) VALUES (1031, 696, 'SCHEDULED', '2020-03-19 05:00:00', 5);
INSERT INTO users (id, name, date_joined, country_code) VALUES (697, 'patrick bond goodsped', '2020-03-14 08:00:00', 'DE');
INSERT INTO lessons (id, user_id, status, created_at, hours) VALUES (1032, 697, 'CONFIRMED', '2020-03-15 08:00:00', 2);
INSERT INTO users (id, name, date_joined, country_code) VALUES (698, 'patrick bond womack', '2020-03-14 12:00:00', 'DK');
INSERT INTO lessons (id, user_id, status, created_at, hours) VALUES (1033, 698, 'SCHEDULED', '2020-03-16 12:00:00', 5);
INSERT INTO users (id, name, date_joined, country_code) VALUES (699, 'patrick bond connery', '2020-03-14 15:00:00', 'FR');
INSERT INTO payments (id, user_id, payment_amount, created_at) VALUES (328, 699, 6.588549908605989, '2020-03-17 15:00:00');
INSERT INTO lessons (id, user_id, status, created_at, hours) VALUES (1034, 699, 'SCHEDULED', '2020-03-15 15:00:00', 8);
INSERT INTO lessons (id, user_id, status, created_at, hours) VALUES (1035, 699, 'CONFIRMED', '2020-03-19 15:00:00', 10);
INSERT INTO users (id, name, date_joined, country_code) VALUES (700, 'patrick bond bond', '2020-03-14 17:00:00', 'UK');
INSERT INTO lessons (id, user_id, status, created_at, hours) VALUES (1036, 700, 'CANCELED', '2020-03-15 17:00:00', 1);
INSERT INTO lessons (id, user_id, status, created_at, hours) VALUES (1037, 700, 'CONFIRMED', '2020-03-17 17:00:00', 7);
INSERT INTO users (id, name, date_joined, country_code) VALUES (701, 'alex mason mason', '2020-03-14 22:00:00', 'FR');
INSERT INTO users (id, name, date_joined, country_code) VALUES (702, 'alex mason brown', '2020-03-15 03:00:00', 'ES');
INSERT INTO payments (id, user_id, payment_amount, created_at) VALUES (329, 702, 64.90105886494042, '2020-03-17 03:00:00');
INSERT INTO lessons (id, user_id, status, created_at, hours) VALUES (1038, 702, 'CONFIRMED', '2020-03-17 03:00:00', 5);
INSERT INTO lessons (id, user_id, status, created_at, hours) VALUES (1039, 702, 'CANCELED', '2020-03-18 03:00:00', 6);
INSERT INTO users (id, name, date_joined, country_code) VALUES (703, 'alex mason mcfly', '2020-03-15 03:00:00', 'DK');
INSERT INTO users (id, name, date_joined, country_code) VALUES (704, 'alex mason dufrain', '2020-03-15 08:00:00', 'DE');
INSERT INTO payments (id, user_id, payment_amount, created_at) VALUES (330, 704, 96.45183257077025, '2020-03-19 08:00:00');
INSERT INTO lessons (id, user_id, status, created_at, hours) VALUES (1040, 704, 'CANCELED', '2020-03-19 08:00:00', 4);
INSERT INTO users (id, name, date_joined, country_code) VALUES (705, 'alex mason robbins', '2020-03-15 10:00:00', 'DE');
INSERT INTO lessons (id, user_id, status, created_at, hours) VALUES (1041, 705, 'CONFIRMED', '2020-03-18 10:00:00', 9);
INSERT INTO users (id, name, date_joined, country_code) VALUES (706, 'alex mason williams', '2020-03-15 14:00:00', 'FR');
INSERT INTO lessons (id, user_id, status, created_at, hours) VALUES (1042, 706, 'CANCELED', '2020-03-16 14:00:00', 7);
INSERT INTO lessons (id, user_id, status, created_at, hours) VALUES (1043, 706, 'CANCELED', '2020-03-19 14:00:00', 1);
INSERT INTO users (id, name, date_joined, country_code) VALUES (707, 'alex mason goodsped', '2020-03-15 18:00:00', 'ES');
INSERT INTO lessons (id, user_id, status, created_at, hours) VALUES (1044, 707, 'SCHEDULED', '2020-03-18 18:00:00', 4);
INSERT INTO lessons (id, user_id, status, created_at, hours) VALUES (1045, 707, 'CONFIRMED', '2020-03-22 18:00:00', 9);
INSERT INTO lessons (id, user_id, status, created_at, hours) VALUES (1046, 707, 'SCHEDULED', '2020-03-26 18:00:00', 5);
INSERT INTO users (id, name, date_joined, country_code) VALUES (708, 'alex mason womack', '2020-03-15 19:00:00', 'FR');
INSERT INTO payments (id, user_id, payment_amount, created_at) VALUES (331, 708, 60.63318222571549, '2020-03-16 19:00:00');
INSERT INTO payments (id, user_id, payment_amount, created_at) VALUES (332, 708, 39.99857744027175, '2020-03-18 19:00:00');
INSERT INTO lessons (id, user_id, status, created_at, hours) VALUES (1047, 708, 'CANCELED', '2020-03-17 19:00:00', 6);
INSERT INTO users (id, name, date_joined, country_code) VALUES (709, 'alex mason connery', '2020-03-15 22:00:00', 'DE');
INSERT INTO lessons (id, user_id, status, created_at, hours) VALUES (1048, 709, 'CONFIRMED', '2020-03-16 22:00:00', 2);
INSERT INTO lessons (id, user_id, status, created_at, hours) VALUES (1049, 709, 'CANCELED', '2020-03-18 22:00:00', 3);
INSERT INTO users (id, name, date_joined, country_code) VALUES (710, 'alex mason bond', '2020-03-16 02:00:00', 'ES');
INSERT INTO lessons (id, user_id, status, created_at, hours) VALUES (1050, 710, 'CONFIRMED', '2020-03-17 02:00:00', 2);
INSERT INTO users (id, name, date_joined, country_code) VALUES (711, 'alex brown mason', '2020-03-16 05:00:00', 'DK');
INSERT INTO lessons (id, user_id, status, created_at, hours) VALUES (1051, 711, 'CONFIRMED', '2020-03-18 05:00:00', 1);
INSERT INTO users (id, name, date_joined, country_code) VALUES (712, 'alex brown brown', '2020-03-16 08:00:00', 'FR');
INSERT INTO payments (id, user_id, payment_amount, created_at) VALUES (333, 712, 94.82113066740976, '2020-03-17 08:00:00');
INSERT INTO lessons (id, user_id, status, created_at, hours) VALUES (1052, 712, 'CANCELED', '2020-03-17 08:00:00', 6);
INSERT INTO users (id, name, date_joined, country_code) VALUES (713, 'alex brown mcfly', '2020-03-16 13:00:00', 'DE');
INSERT INTO payments (id, user_id, payment_amount, created_at) VALUES (334, 713, 34.34733463680091, '2020-03-18 13:00:00');
INSERT INTO payments (id, user_id, payment_amount, created_at) VALUES (335, 713, 60.88389199260703, '2020-03-20 13:00:00');
INSERT INTO lessons (id, user_id, status, created_at, hours) VALUES (1053, 713, 'CANCELED', '2020-03-19 13:00:00', 1);
INSERT INTO lessons (id, user_id, status, created_at, hours) VALUES (1054, 713, 'CONFIRMED', '2020-03-23 13:00:00', 2);
INSERT INTO users (id, name, date_joined, country_code) VALUES (714, 'alex brown dufrain', '2020-03-16 13:00:00', 'DE');
INSERT INTO payments (id, user_id, payment_amount, created_at) VALUES (336, 714, 89.48341313983117, '2020-03-20 13:00:00');
INSERT INTO lessons (id, user_id, status, created_at, hours) VALUES (1055, 714, 'CANCELED', '2020-03-18 13:00:00', 2);
INSERT INTO users (id, name, date_joined, country_code) VALUES (715, 'alex brown robbins', '2020-03-16 16:00:00', 'FR');
INSERT INTO lessons (id, user_id, status, created_at, hours) VALUES (1056, 715, 'CONFIRMED', '2020-03-19 16:00:00', 1);
INSERT INTO users (id, name, date_joined, country_code) VALUES (716, 'alex brown williams', '2020-03-16 21:00:00', 'ES');
INSERT INTO payments (id, user_id, payment_amount, created_at) VALUES (337, 716, 50.06804040858618, '2020-03-21 21:00:00');
INSERT INTO lessons (id, user_id, status, created_at, hours) VALUES (1057, 716, 'SCHEDULED', '2020-03-17 21:00:00', 8);
INSERT INTO lessons (id, user_id, status, created_at, hours) VALUES (1058, 716, 'SCHEDULED', '2020-03-21 21:00:00', 7);
INSERT INTO users (id, name, date_joined, country_code) VALUES (717, 'alex brown goodsped', '2020-03-17 00:00:00', 'UK');
INSERT INTO lessons (id, user_id, status, created_at, hours) VALUES (1059, 717, 'CANCELED', '2020-03-18 00:00:00', 5);
INSERT INTO lessons (id, user_id, status, created_at, hours) VALUES (1060, 717, 'CANCELED', '2020-03-22 00:00:00', 3);
INSERT INTO users (id, name, date_joined, country_code) VALUES (718, 'alex brown womack', '2020-03-17 00:00:00', 'FR');
INSERT INTO lessons (id, user_id, status, created_at, hours) VALUES (1061, 718, 'CANCELED', '2020-03-21 00:00:00', 2);
INSERT INTO users (id, name, date_joined, country_code) VALUES (719, 'alex brown connery', '2020-03-17 02:00:00', 'DE');
INSERT INTO lessons (id, user_id, status, created_at, hours) VALUES (1062, 719, 'CANCELED', '2020-03-21 02:00:00', 9);
INSERT INTO lessons (id, user_id, status, created_at, hours) VALUES (1063, 719, 'CONFIRMED', '2020-03-23 02:00:00', 8);
INSERT INTO lessons (id, user_id, status, created_at, hours) VALUES (1064, 719, 'CONFIRMED', '2020-03-25 02:00:00', 4);
INSERT INTO users (id, name, date_joined, country_code) VALUES (720, 'alex brown bond', '2020-03-17 05:00:00', 'DK');
INSERT INTO payments (id, user_id, payment_amount, created_at) VALUES (338, 720, 58.801142785825775, '2020-03-18 05:00:00');
INSERT INTO lessons (id, user_id, status, created_at, hours) VALUES (1065, 720, 'CONFIRMED', '2020-03-18 05:00:00', 2);
INSERT INTO lessons (id, user_id, status, created_at, hours) VALUES (1066, 720, 'SCHEDULED', '2020-03-21 05:00:00', 1);
INSERT INTO users (id, name, date_joined, country_code) VALUES (721, 'alex mcfly mason', '2020-03-17 07:00:00', 'DE');
INSERT INTO lessons (id, user_id, status, created_at, hours) VALUES (1067, 721, 'CANCELED', '2020-03-20 07:00:00', 9);
INSERT INTO lessons (id, user_id, status, created_at, hours) VALUES (1068, 721, 'CANCELED', '2020-03-23 07:00:00', 10);
INSERT INTO users (id, name, date_joined, country_code) VALUES (722, 'alex mcfly brown', '2020-03-17 12:00:00', 'FR');
INSERT INTO users (id, name, date_joined, country_code) VALUES (723, 'alex mcfly mcfly', '2020-03-17 15:00:00', 'FR');
INSERT INTO payments (id, user_id, payment_amount, created_at) VALUES (339, 723, 4.0925575090702715, '2020-03-20 15:00:00');
INSERT INTO users (id, name, date_joined, country_code) VALUES (724, 'alex mcfly dufrain', '2020-03-17 15:00:00', 'DE');
INSERT INTO lessons (id, user_id, status, created_at, hours) VALUES (1069, 724, 'CANCELED', '2020-03-21 15:00:00', 3);
INSERT INTO users (id, name, date_joined, country_code) VALUES (725, 'alex mcfly robbins', '2020-03-17 20:00:00', 'UK');
INSERT INTO lessons (id, user_id, status, created_at, hours) VALUES (1070, 725, 'CONFIRMED', '2020-03-21 20:00:00', 1);
INSERT INTO users (id, name, date_joined, country_code) VALUES (726, 'alex mcfly williams', '2020-03-17 20:00:00', 'UK');
INSERT INTO users (id, name, date_joined, country_code) VALUES (727, 'alex mcfly goodsped', '2020-03-17 21:00:00', 'ES');
INSERT INTO lessons (id, user_id, status, created_at, hours) VALUES (1071, 727, 'SCHEDULED', '2020-03-20 21:00:00', 4);
INSERT INTO lessons (id, user_id, status, created_at, hours) VALUES (1072, 727, 'SCHEDULED', '2020-03-22 21:00:00', 9);
INSERT INTO users (id, name, date_joined, country_code) VALUES (728, 'alex mcfly womack', '2020-03-17 22:00:00', 'DK');
INSERT INTO lessons (id, user_id, status, created_at, hours) VALUES (1073, 728, 'CANCELED', '2020-03-21 22:00:00', 10);
INSERT INTO lessons (id, user_id, status, created_at, hours) VALUES (1074, 728, 'CANCELED', '2020-03-23 22:00:00', 2);
INSERT INTO users (id, name, date_joined, country_code) VALUES (729, 'alex mcfly connery', '2020-03-18 01:00:00', 'DK');
INSERT INTO lessons (id, user_id, status, created_at, hours) VALUES (1075, 729, 'SCHEDULED', '2020-03-20 01:00:00', 2);
INSERT INTO users (id, name, date_joined, country_code) VALUES (730, 'alex mcfly bond', '2020-03-18 06:00:00', 'FR');
INSERT INTO lessons (id, user_id, status, created_at, hours) VALUES (1076, 730, 'CANCELED', '2020-03-22 06:00:00', 1);
INSERT INTO lessons (id, user_id, status, created_at, hours) VALUES (1077, 730, 'CANCELED', '2020-03-26 06:00:00', 7);
INSERT INTO lessons (id, user_id, status, created_at, hours) VALUES (1078, 730, 'CANCELED', '2020-03-30 06:00:00', 5);
INSERT INTO users (id, name, date_joined, country_code) VALUES (731, 'alex dufrain mason', '2020-03-18 07:00:00', 'DE');
INSERT INTO payments (id, user_id, payment_amount, created_at) VALUES (340, 731, 9.875497316371462, '2020-03-21 07:00:00');
INSERT INTO users (id, name, date_joined, country_code) VALUES (732, 'alex dufrain brown', '2020-03-18 07:00:00', 'DK');
INSERT INTO lessons (id, user_id, status, created_at, hours) VALUES (1079, 732, 'CONFIRMED', '2020-03-21 07:00:00', 5);
INSERT INTO users (id, name, date_joined, country_code) VALUES (733, 'alex dufrain mcfly', '2020-03-18 07:00:00', 'FR');
INSERT INTO lessons (id, user_id, status, created_at, hours) VALUES (1080, 733, 'SCHEDULED', '2020-03-20 07:00:00', 7);
INSERT INTO lessons (id, user_id, status, created_at, hours) VALUES (1081, 733, 'SCHEDULED', '2020-03-21 07:00:00', 10);
INSERT INTO users (id, name, date_joined, country_code) VALUES (734, 'alex dufrain dufrain', '2020-03-18 08:00:00', 'DE');
INSERT INTO lessons (id, user_id, status, created_at, hours) VALUES (1082, 734, 'CONFIRMED', '2020-03-20 08:00:00', 1);
INSERT INTO users (id, name, date_joined, country_code) VALUES (735, 'alex dufrain robbins', '2020-03-18 10:00:00', 'ES');
INSERT INTO lessons (id, user_id, status, created_at, hours) VALUES (1083, 735, 'CANCELED', '2020-03-20 10:00:00', 7);
INSERT INTO users (id, name, date_joined, country_code) VALUES (736, 'alex dufrain williams', '2020-03-18 14:00:00', 'ES');
INSERT INTO lessons (id, user_id, status, created_at, hours) VALUES (1084, 736, 'CONFIRMED', '2020-03-21 14:00:00', 1);
INSERT INTO lessons (id, user_id, status, created_at, hours) VALUES (1085, 736, 'SCHEDULED', '2020-03-22 14:00:00', 3);
INSERT INTO users (id, name, date_joined, country_code) VALUES (737, 'alex dufrain goodsped', '2020-03-18 16:00:00', 'DE');
INSERT INTO lessons (id, user_id, status, created_at, hours) VALUES (1086, 737, 'CANCELED', '2020-03-22 16:00:00', 9);
INSERT INTO lessons (id, user_id, status, created_at, hours) VALUES (1087, 737, 'CANCELED', '2020-03-26 16:00:00', 6);
INSERT INTO users (id, name, date_joined, country_code) VALUES (738, 'alex dufrain womack', '2020-03-18 18:00:00', 'FR');
INSERT INTO lessons (id, user_id, status, created_at, hours) VALUES (1088, 738, 'CONFIRMED', '2020-03-21 18:00:00', 9);
INSERT INTO users (id, name, date_joined, country_code) VALUES (739, 'alex dufrain connery', '2020-03-18 18:00:00', 'DE');
INSERT INTO lessons (id, user_id, status, created_at, hours) VALUES (1089, 739, 'SCHEDULED', '2020-03-20 18:00:00', 1);
INSERT INTO users (id, name, date_joined, country_code) VALUES (740, 'alex dufrain bond', '2020-03-18 20:00:00', 'DK');
INSERT INTO lessons (id, user_id, status, created_at, hours) VALUES (1090, 740, 'CONFIRMED', '2020-03-21 20:00:00', 7);
INSERT INTO lessons (id, user_id, status, created_at, hours) VALUES (1091, 740, 'CANCELED', '2020-03-22 20:00:00', 1);
INSERT INTO users (id, name, date_joined, country_code) VALUES (741, 'alex robbins mason', '2020-03-18 23:00:00', 'DE');
INSERT INTO lessons (id, user_id, status, created_at, hours) VALUES (1092, 741, 'CONFIRMED', '2020-03-20 23:00:00', 6);
INSERT INTO users (id, name, date_joined, country_code) VALUES (742, 'alex robbins brown', '2020-03-19 03:00:00', 'UK');
INSERT INTO lessons (id, user_id, status, created_at, hours) VALUES (1093, 742, 'CANCELED', '2020-03-21 03:00:00', 3);
INSERT INTO lessons (id, user_id, status, created_at, hours) VALUES (1094, 742, 'CONFIRMED', '2020-03-24 03:00:00', 6);
INSERT INTO users (id, name, date_joined, country_code) VALUES (743, 'alex robbins mcfly', '2020-03-19 06:00:00', 'FR');
INSERT INTO lessons (id, user_id, status, created_at, hours) VALUES (1095, 743, 'SCHEDULED', '2020-03-21 06:00:00', 4);
INSERT INTO users (id, name, date_joined, country_code) VALUES (744, 'alex robbins dufrain', '2020-03-19 11:00:00', 'UK');
INSERT INTO lessons (id, user_id, status, created_at, hours) VALUES (1096, 744, 'SCHEDULED', '2020-03-20 11:00:00', 9);
INSERT INTO users (id, name, date_joined, country_code) VALUES (745, 'alex robbins robbins', '2020-03-19 13:00:00', 'DK');
INSERT INTO lessons (id, user_id, status, created_at, hours) VALUES (1097, 745, 'CANCELED', '2020-03-22 13:00:00', 2);
INSERT INTO lessons (id, user_id, status, created_at, hours) VALUES (1098, 745, 'CANCELED', '2020-03-25 13:00:00', 7);
INSERT INTO users (id, name, date_joined, country_code) VALUES (746, 'alex robbins williams', '2020-03-19 18:00:00', 'UK');
INSERT INTO lessons (id, user_id, status, created_at, hours) VALUES (1099, 746, 'SCHEDULED', '2020-03-21 18:00:00', 8);
INSERT INTO users (id, name, date_joined, country_code) VALUES (747, 'alex robbins goodsped', '2020-03-19 20:00:00', 'FR');
INSERT INTO lessons (id, user_id, status, created_at, hours) VALUES (1100, 747, 'SCHEDULED', '2020-03-21 20:00:00', 2);
INSERT INTO users (id, name, date_joined, country_code) VALUES (748, 'alex robbins womack', '2020-03-19 22:00:00', 'DK');
INSERT INTO payments (id, user_id, payment_amount, created_at) VALUES (341, 748, 50.7938018707387, '2020-03-22 22:00:00');
INSERT INTO users (id, name, date_joined, country_code) VALUES (749, 'alex robbins connery', '2020-03-20 01:00:00', 'ES');
INSERT INTO lessons (id, user_id, status, created_at, hours) VALUES (1101, 749, 'CONFIRMED', '2020-03-22 01:00:00', 2);
INSERT INTO users (id, name, date_joined, country_code) VALUES (750, 'alex robbins bond', '2020-03-20 05:00:00', 'UK');
INSERT INTO lessons (id, user_id, status, created_at, hours) VALUES (1102, 750, 'CANCELED', '2020-03-22 05:00:00', 1);
INSERT INTO lessons (id, user_id, status, created_at, hours) VALUES (1103, 750, 'SCHEDULED', '2020-03-25 05:00:00', 2);
INSERT INTO lessons (id, user_id, status, created_at, hours) VALUES (1104, 750, 'SCHEDULED', '2020-03-26 05:00:00', 4);
INSERT INTO users (id, name, date_joined, country_code) VALUES (751, 'alex williams mason', '2020-03-20 05:00:00', 'DE');
INSERT INTO lessons (id, user_id, status, created_at, hours) VALUES (1105, 751, 'SCHEDULED', '2020-03-23 05:00:00', 7);
INSERT INTO users (id, name, date_joined, country_code) VALUES (752, 'alex williams brown', '2020-03-20 07:00:00', 'UK');
INSERT INTO users (id, name, date_joined, country_code) VALUES (753, 'alex williams mcfly', '2020-03-20 07:00:00', 'DE');
INSERT INTO lessons (id, user_id, status, created_at, hours) VALUES (1106, 753, 'SCHEDULED', '2020-03-22 07:00:00', 1);
INSERT INTO users (id, name, date_joined, country_code) VALUES (754, 'alex williams dufrain', '2020-03-20 12:00:00', 'FR');
INSERT INTO lessons (id, user_id, status, created_at, hours) VALUES (1107, 754, 'SCHEDULED', '2020-03-21 12:00:00', 3);
INSERT INTO users (id, name, date_joined, country_code) VALUES (755, 'alex williams robbins', '2020-03-20 17:00:00', 'DE');
INSERT INTO users (id, name, date_joined, country_code) VALUES (756, 'alex williams williams', '2020-03-20 18:00:00', 'DK');
INSERT INTO users (id, name, date_joined, country_code) VALUES (757, 'alex williams goodsped', '2020-03-20 18:00:00', 'ES');
INSERT INTO payments (id, user_id, payment_amount, created_at) VALUES (342, 757, 7.714587951517348, '2020-03-24 18:00:00');
INSERT INTO payments (id, user_id, payment_amount, created_at) VALUES (343, 757, 85.34878299859515, '2020-03-27 18:00:00');
INSERT INTO lessons (id, user_id, status, created_at, hours) VALUES (1108, 757, 'CONFIRMED', '2020-03-21 18:00:00', 3);
INSERT INTO lessons (id, user_id, status, created_at, hours) VALUES (1109, 757, 'CONFIRMED', '2020-03-22 18:00:00', 1);
INSERT INTO users (id, name, date_joined, country_code) VALUES (758, 'alex williams womack', '2020-03-20 21:00:00', 'DE');
INSERT INTO lessons (id, user_id, status, created_at, hours) VALUES (1110, 758, 'CONFIRMED', '2020-03-21 21:00:00', 9);
INSERT INTO lessons (id, user_id, status, created_at, hours) VALUES (1111, 758, 'CANCELED', '2020-03-25 21:00:00', 9);
INSERT INTO users (id, name, date_joined, country_code) VALUES (759, 'alex williams connery', '2020-03-21 02:00:00', 'FR');
INSERT INTO payments (id, user_id, payment_amount, created_at) VALUES (344, 759, 5.923452610002178, '2020-03-24 02:00:00');
INSERT INTO lessons (id, user_id, status, created_at, hours) VALUES (1112, 759, 'SCHEDULED', '2020-03-22 02:00:00', 7);
INSERT INTO lessons (id, user_id, status, created_at, hours) VALUES (1113, 759, 'CANCELED', '2020-03-25 02:00:00', 6);
INSERT INTO users (id, name, date_joined, country_code) VALUES (760, 'alex williams bond', '2020-03-21 05:00:00', 'DK');
INSERT INTO users (id, name, date_joined, country_code) VALUES (761, 'alex goodsped mason', '2020-03-21 07:00:00', 'ES');
INSERT INTO lessons (id, user_id, status, created_at, hours) VALUES (1114, 761, 'CANCELED', '2020-03-25 07:00:00', 1);
INSERT INTO users (id, name, date_joined, country_code) VALUES (762, 'alex goodsped brown', '2020-03-21 11:00:00', 'ES');
INSERT INTO lessons (id, user_id, status, created_at, hours) VALUES (1115, 762, 'CANCELED', '2020-03-24 11:00:00', 5);
INSERT INTO lessons (id, user_id, status, created_at, hours) VALUES (1116, 762, 'CANCELED', '2020-03-27 11:00:00', 2);
INSERT INTO users (id, name, date_joined, country_code) VALUES (763, 'alex goodsped mcfly', '2020-03-21 14:00:00', 'ES');
INSERT INTO lessons (id, user_id, status, created_at, hours) VALUES (1117, 763, 'CANCELED', '2020-03-23 14:00:00', 8);
INSERT INTO users (id, name, date_joined, country_code) VALUES (764, 'alex goodsped dufrain', '2020-03-21 15:00:00', 'DE');
INSERT INTO lessons (id, user_id, status, created_at, hours) VALUES (1118, 764, 'CANCELED', '2020-03-23 15:00:00', 4);
INSERT INTO users (id, name, date_joined, country_code) VALUES (765, 'alex goodsped robbins', '2020-03-21 20:00:00', 'FR');
INSERT INTO payments (id, user_id, payment_amount, created_at) VALUES (345, 765, 96.66716544149186, '2020-03-26 20:00:00');
INSERT INTO lessons (id, user_id, status, created_at, hours) VALUES (1119, 765, 'CONFIRMED', '2020-03-23 20:00:00', 2);
INSERT INTO lessons (id, user_id, status, created_at, hours) VALUES (1120, 765, 'CONFIRMED', '2020-03-25 20:00:00', 7);
INSERT INTO users (id, name, date_joined, country_code) VALUES (766, 'alex goodsped williams', '2020-03-21 22:00:00', 'UK');
INSERT INTO lessons (id, user_id, status, created_at, hours) VALUES (1121, 766, 'CANCELED', '2020-03-25 22:00:00', 9);
INSERT INTO lessons (id, user_id, status, created_at, hours) VALUES (1122, 766, 'CANCELED', '2020-03-28 22:00:00', 6);
INSERT INTO lessons (id, user_id, status, created_at, hours) VALUES (1123, 766, 'CANCELED', '2020-03-31 22:00:00', 7);
INSERT INTO users (id, name, date_joined, country_code) VALUES (767, 'alex goodsped goodsped', '2020-03-21 22:00:00', 'ES');
INSERT INTO lessons (id, user_id, status, created_at, hours) VALUES (1124, 767, 'CONFIRMED', '2020-03-24 22:00:00', 3);
INSERT INTO lessons (id, user_id, status, created_at, hours) VALUES (1125, 767, 'SCHEDULED', '2020-03-25 22:00:00', 4);
INSERT INTO lessons (id, user_id, status, created_at, hours) VALUES (1126, 767, 'CANCELED', '2020-03-26 22:00:00', 3);
INSERT INTO users (id, name, date_joined, country_code) VALUES (768, 'alex goodsped womack', '2020-03-21 22:00:00', 'UK');
INSERT INTO lessons (id, user_id, status, created_at, hours) VALUES (1127, 768, 'CANCELED', '2020-03-23 22:00:00', 5);
INSERT INTO users (id, name, date_joined, country_code) VALUES (769, 'alex goodsped connery', '2020-03-22 00:00:00', 'DE');
INSERT INTO lessons (id, user_id, status, created_at, hours) VALUES (1128, 769, 'SCHEDULED', '2020-03-25 00:00:00', 6);
INSERT INTO lessons (id, user_id, status, created_at, hours) VALUES (1129, 769, 'CONFIRMED', '2020-03-27 00:00:00', 6);
INSERT INTO users (id, name, date_joined, country_code) VALUES (770, 'alex goodsped bond', '2020-03-22 04:00:00', 'UK');
INSERT INTO lessons (id, user_id, status, created_at, hours) VALUES (1130, 770, 'SCHEDULED', '2020-03-24 04:00:00', 8);
INSERT INTO users (id, name, date_joined, country_code) VALUES (771, 'alex womack mason', '2020-03-22 04:00:00', 'ES');
INSERT INTO lessons (id, user_id, status, created_at, hours) VALUES (1131, 771, 'CANCELED', '2020-03-25 04:00:00', 8);
INSERT INTO lessons (id, user_id, status, created_at, hours) VALUES (1132, 771, 'SCHEDULED', '2020-03-27 04:00:00', 3);
INSERT INTO users (id, name, date_joined, country_code) VALUES (772, 'alex womack brown', '2020-03-22 08:00:00', 'UK');
INSERT INTO lessons (id, user_id, status, created_at, hours) VALUES (1133, 772, 'CONFIRMED', '2020-03-24 08:00:00', 10);
INSERT INTO lessons (id, user_id, status, created_at, hours) VALUES (1134, 772, 'CONFIRMED', '2020-03-27 08:00:00', 5);
INSERT INTO lessons (id, user_id, status, created_at, hours) VALUES (1135, 772, 'SCHEDULED', '2020-03-28 08:00:00', 8);
INSERT INTO users (id, name, date_joined, country_code) VALUES (773, 'alex womack mcfly', '2020-03-22 13:00:00', 'FR');
INSERT INTO lessons (id, user_id, status, created_at, hours) VALUES (1136, 773, 'CONFIRMED', '2020-03-24 13:00:00', 3);
INSERT INTO lessons (id, user_id, status, created_at, hours) VALUES (1137, 773, 'CANCELED', '2020-03-26 13:00:00', 8);
INSERT INTO lessons (id, user_id, status, created_at, hours) VALUES (1138, 773, 'SCHEDULED', '2020-03-30 13:00:00', 9);
INSERT INTO users (id, name, date_joined, country_code) VALUES (774, 'alex womack dufrain', '2020-03-22 15:00:00', 'DE');
INSERT INTO lessons (id, user_id, status, created_at, hours) VALUES (1139, 774, 'CANCELED', '2020-03-23 15:00:00', 3);
INSERT INTO users (id, name, date_joined, country_code) VALUES (775, 'alex womack robbins', '2020-03-22 18:00:00', 'UK');
INSERT INTO payments (id, user_id, payment_amount, created_at) VALUES (346, 775, 5.627110033406302, '2020-03-24 18:00:00');
INSERT INTO payments (id, user_id, payment_amount, created_at) VALUES (347, 775, 88.30681049090431, '2020-03-26 18:00:00');
INSERT INTO lessons (id, user_id, status, created_at, hours) VALUES (1140, 775, 'SCHEDULED', '2020-03-24 18:00:00', 7);
INSERT INTO users (id, name, date_joined, country_code) VALUES (776, 'alex womack williams', '2020-03-22 18:00:00', 'UK');
INSERT INTO lessons (id, user_id, status, created_at, hours) VALUES (1141, 776, 'CANCELED', '2020-03-26 18:00:00', 8);
INSERT INTO users (id, name, date_joined, country_code) VALUES (777, 'alex womack goodsped', '2020-03-22 20:00:00', 'DE');
INSERT INTO lessons (id, user_id, status, created_at, hours) VALUES (1142, 777, 'CONFIRMED', '2020-03-23 20:00:00', 9);
INSERT INTO lessons (id, user_id, status, created_at, hours) VALUES (1143, 777, 'CONFIRMED', '2020-03-25 20:00:00', 4);
INSERT INTO users (id, name, date_joined, country_code) VALUES (778, 'alex womack womack', '2020-03-22 22:00:00', 'DE');
INSERT INTO payments (id, user_id, payment_amount, created_at) VALUES (348, 778, 99.32138205357401, '2020-03-23 22:00:00');
INSERT INTO lessons (id, user_id, status, created_at, hours) VALUES (1144, 778, 'SCHEDULED', '2020-03-24 22:00:00', 9);
INSERT INTO lessons (id, user_id, status, created_at, hours) VALUES (1145, 778, 'SCHEDULED', '2020-03-25 22:00:00', 5);
INSERT INTO users (id, name, date_joined, country_code) VALUES (779, 'alex womack connery', '2020-03-23 01:00:00', 'FR');
INSERT INTO lessons (id, user_id, status, created_at, hours) VALUES (1146, 779, 'CANCELED', '2020-03-27 01:00:00', 5);
INSERT INTO users (id, name, date_joined, country_code) VALUES (780, 'alex womack bond', '2020-03-23 03:00:00', 'DK');
INSERT INTO lessons (id, user_id, status, created_at, hours) VALUES (1147, 780, 'SCHEDULED', '2020-03-27 03:00:00', 7);
INSERT INTO lessons (id, user_id, status, created_at, hours) VALUES (1148, 780, 'CANCELED', '2020-03-31 03:00:00', 1);
INSERT INTO users (id, name, date_joined, country_code) VALUES (781, 'alex connery mason', '2020-03-23 08:00:00', 'UK');
INSERT INTO users (id, name, date_joined, country_code) VALUES (782, 'alex connery brown', '2020-03-23 13:00:00', 'DE');
INSERT INTO lessons (id, user_id, status, created_at, hours) VALUES (1149, 782, 'SCHEDULED', '2020-03-27 13:00:00', 7);
INSERT INTO users (id, name, date_joined, country_code) VALUES (783, 'alex connery mcfly', '2020-03-23 18:00:00', 'DE');
INSERT INTO payments (id, user_id, payment_amount, created_at) VALUES (349, 783, 84.07837060535488, '2020-03-26 18:00:00');
INSERT INTO lessons (id, user_id, status, created_at, hours) VALUES (1150, 783, 'SCHEDULED', '2020-03-25 18:00:00', 7);
INSERT INTO users (id, name, date_joined, country_code) VALUES (784, 'alex connery dufrain', '2020-03-23 23:00:00', 'DE');
INSERT INTO lessons (id, user_id, status, created_at, hours) VALUES (1151, 784, 'CANCELED', '2020-03-24 23:00:00', 10);
INSERT INTO lessons (id, user_id, status, created_at, hours) VALUES (1152, 784, 'CONFIRMED', '2020-03-25 23:00:00', 1);
INSERT INTO users (id, name, date_joined, country_code) VALUES (785, 'alex connery robbins', '2020-03-24 04:00:00', 'DE');
INSERT INTO lessons (id, user_id, status, created_at, hours) VALUES (1153, 785, 'CONFIRMED', '2020-03-26 04:00:00', 1);
INSERT INTO lessons (id, user_id, status, created_at, hours) VALUES (1154, 785, 'CANCELED', '2020-03-27 04:00:00', 2);
INSERT INTO lessons (id, user_id, status, created_at, hours) VALUES (1155, 785, 'CANCELED', '2020-03-29 04:00:00', 5);
INSERT INTO users (id, name, date_joined, country_code) VALUES (786, 'alex connery williams', '2020-03-24 08:00:00', 'DE');
INSERT INTO payments (id, user_id, payment_amount, created_at) VALUES (350, 786, 9.021483074877922, '2020-03-27 08:00:00');
INSERT INTO lessons (id, user_id, status, created_at, hours) VALUES (1156, 786, 'CANCELED', '2020-03-27 08:00:00', 2);
INSERT INTO lessons (id, user_id, status, created_at, hours) VALUES (1157, 786, 'SCHEDULED', '2020-03-31 08:00:00', 4);
INSERT INTO users (id, name, date_joined, country_code) VALUES (787, 'alex connery goodsped', '2020-03-24 08:00:00', 'DK');
INSERT INTO lessons (id, user_id, status, created_at, hours) VALUES (1158, 787, 'SCHEDULED', '2020-03-27 08:00:00', 4);
INSERT INTO users (id, name, date_joined, country_code) VALUES (788, 'alex connery womack', '2020-03-24 11:00:00', 'ES');
INSERT INTO lessons (id, user_id, status, created_at, hours) VALUES (1159, 788, 'CONFIRMED', '2020-03-27 11:00:00', 10);
INSERT INTO lessons (id, user_id, status, created_at, hours) VALUES (1160, 788, 'CANCELED', '2020-03-29 11:00:00', 8);
INSERT INTO users (id, name, date_joined, country_code) VALUES (789, 'alex connery connery', '2020-03-24 11:00:00', 'FR');
INSERT INTO payments (id, user_id, payment_amount, created_at) VALUES (351, 789, 54.788820608627105, '2020-03-27 11:00:00');
INSERT INTO lessons (id, user_id, status, created_at, hours) VALUES (1161, 789, 'CONFIRMED', '2020-03-26 11:00:00', 8);
INSERT INTO lessons (id, user_id, status, created_at, hours) VALUES (1162, 789, 'CANCELED', '2020-03-27 11:00:00', 8);
INSERT INTO lessons (id, user_id, status, created_at, hours) VALUES (1163, 789, 'SCHEDULED', '2020-03-30 11:00:00', 4);
INSERT INTO users (id, name, date_joined, country_code) VALUES (790, 'alex connery bond', '2020-03-24 13:00:00', 'DK');
INSERT INTO users (id, name, date_joined, country_code) VALUES (791, 'alex bond mason', '2020-03-24 15:00:00', 'DK');
INSERT INTO lessons (id, user_id, status, created_at, hours) VALUES (1164, 791, 'CONFIRMED', '2020-03-27 15:00:00', 10);
INSERT INTO lessons (id, user_id, status, created_at, hours) VALUES (1165, 791, 'SCHEDULED', '2020-03-29 15:00:00', 3);
INSERT INTO users (id, name, date_joined, country_code) VALUES (792, 'alex bond brown', '2020-03-24 16:00:00', 'DK');
INSERT INTO payments (id, user_id, payment_amount, created_at) VALUES (352, 792, 44.31488404662542, '2020-03-26 16:00:00');
INSERT INTO payments (id, user_id, payment_amount, created_at) VALUES (353, 792, 18.88120624733608, '2020-03-27 16:00:00');
INSERT INTO lessons (id, user_id, status, created_at, hours) VALUES (1166, 792, 'CONFIRMED', '2020-03-27 16:00:00', 6);
INSERT INTO users (id, name, date_joined, country_code) VALUES (793, 'alex bond mcfly', '2020-03-24 19:00:00', 'ES');
INSERT INTO users (id, name, date_joined, country_code) VALUES (794, 'alex bond dufrain', '2020-03-24 22:00:00', 'DK');
INSERT INTO users (id, name, date_joined, country_code) VALUES (795, 'alex bond robbins', '2020-03-25 01:00:00', 'FR');
INSERT INTO lessons (id, user_id, status, created_at, hours) VALUES (1167, 795, 'CONFIRMED', '2020-03-28 01:00:00', 5);
INSERT INTO lessons (id, user_id, status, created_at, hours) VALUES (1168, 795, 'CONFIRMED', '2020-04-01 01:00:00', 5);
INSERT INTO users (id, name, date_joined, country_code) VALUES (796, 'alex bond williams', '2020-03-25 02:00:00', 'DE');
INSERT INTO lessons (id, user_id, status, created_at, hours) VALUES (1169, 796, 'SCHEDULED', '2020-03-29 02:00:00', 9);
INSERT INTO users (id, name, date_joined, country_code) VALUES (797, 'alex bond goodsped', '2020-03-25 07:00:00', 'DK');
INSERT INTO lessons (id, user_id, status, created_at, hours) VALUES (1170, 797, 'CONFIRMED', '2020-03-29 07:00:00', 9);
INSERT INTO lessons (id, user_id, status, created_at, hours) VALUES (1171, 797, 'CANCELED', '2020-04-01 07:00:00', 9);
INSERT INTO users (id, name, date_joined, country_code) VALUES (798, 'alex bond womack', '2020-03-25 11:00:00', 'DK');
INSERT INTO lessons (id, user_id, status, created_at, hours) VALUES (1172, 798, 'SCHEDULED', '2020-03-27 11:00:00', 2);
INSERT INTO users (id, name, date_joined, country_code) VALUES (799, 'alex bond connery', '2020-03-25 15:00:00', 'DK');
INSERT INTO lessons (id, user_id, status, created_at, hours) VALUES (1173, 799, 'CANCELED', '2020-03-26 15:00:00', 8);
INSERT INTO users (id, name, date_joined, country_code) VALUES (800, 'alex bond bond', '2020-03-25 17:00:00', 'DK');
INSERT INTO lessons (id, user_id, status, created_at, hours) VALUES (1174, 800, 'CONFIRMED', '2020-03-29 17:00:00', 6);
INSERT INTO lessons (id, user_id, status, created_at, hours) VALUES (1175, 800, 'SCHEDULED', '2020-04-02 17:00:00', 3);
INSERT INTO users (id, name, date_joined, country_code) VALUES (801, 'sara mason mason', '2020-03-25 19:00:00', 'DK');
INSERT INTO lessons (id, user_id, status, created_at, hours) VALUES (1176, 801, 'SCHEDULED', '2020-03-29 19:00:00', 7);
INSERT INTO lessons (id, user_id, status, created_at, hours) VALUES (1177, 801, 'CONFIRMED', '2020-03-30 19:00:00', 5);
INSERT INTO users (id, name, date_joined, country_code) VALUES (802, 'sara mason brown', '2020-03-25 20:00:00', 'ES');
INSERT INTO lessons (id, user_id, status, created_at, hours) VALUES (1178, 802, 'CANCELED', '2020-03-28 20:00:00', 3);
INSERT INTO lessons (id, user_id, status, created_at, hours) VALUES (1179, 802, 'SCHEDULED', '2020-03-30 20:00:00', 4);
INSERT INTO lessons (id, user_id, status, created_at, hours) VALUES (1180, 802, 'CONFIRMED', '2020-04-02 20:00:00', 10);
INSERT INTO users (id, name, date_joined, country_code) VALUES (803, 'sara mason mcfly', '2020-03-26 00:00:00', 'FR');
INSERT INTO lessons (id, user_id, status, created_at, hours) VALUES (1181, 803, 'CONFIRMED', '2020-03-29 00:00:00', 7);
INSERT INTO lessons (id, user_id, status, created_at, hours) VALUES (1182, 803, 'CONFIRMED', '2020-04-01 00:00:00', 2);
INSERT INTO users (id, name, date_joined, country_code) VALUES (804, 'sara mason dufrain', '2020-03-26 00:00:00', 'FR');
INSERT INTO lessons (id, user_id, status, created_at, hours) VALUES (1183, 804, 'CONFIRMED', '2020-03-29 00:00:00', 9);
INSERT INTO lessons (id, user_id, status, created_at, hours) VALUES (1184, 804, 'SCHEDULED', '2020-03-30 00:00:00', 5);
INSERT INTO lessons (id, user_id, status, created_at, hours) VALUES (1185, 804, 'CANCELED', '2020-04-02 00:00:00', 9);
INSERT INTO users (id, name, date_joined, country_code) VALUES (805, 'sara mason robbins', '2020-03-26 03:00:00', 'FR');
INSERT INTO lessons (id, user_id, status, created_at, hours) VALUES (1186, 805, 'CONFIRMED', '2020-03-30 03:00:00', 1);
INSERT INTO users (id, name, date_joined, country_code) VALUES (806, 'sara mason williams', '2020-03-26 07:00:00', 'FR');
INSERT INTO lessons (id, user_id, status, created_at, hours) VALUES (1187, 806, 'CONFIRMED', '2020-03-30 07:00:00', 5);
INSERT INTO users (id, name, date_joined, country_code) VALUES (807, 'sara mason goodsped', '2020-03-26 12:00:00', 'ES');
INSERT INTO lessons (id, user_id, status, created_at, hours) VALUES (1188, 807, 'CANCELED', '2020-03-30 12:00:00', 1);
INSERT INTO lessons (id, user_id, status, created_at, hours) VALUES (1189, 807, 'CANCELED', '2020-04-01 12:00:00', 2);
INSERT INTO users (id, name, date_joined, country_code) VALUES (808, 'sara mason womack', '2020-03-26 13:00:00', 'FR');
INSERT INTO lessons (id, user_id, status, created_at, hours) VALUES (1190, 808, 'CANCELED', '2020-03-29 13:00:00', 6);
INSERT INTO users (id, name, date_joined, country_code) VALUES (809, 'sara mason connery', '2020-03-26 17:00:00', 'FR');
INSERT INTO lessons (id, user_id, status, created_at, hours) VALUES (1191, 809, 'SCHEDULED', '2020-03-27 17:00:00', 9);
INSERT INTO lessons (id, user_id, status, created_at, hours) VALUES (1192, 809, 'CANCELED', '2020-03-28 17:00:00', 1);
INSERT INTO users (id, name, date_joined, country_code) VALUES (810, 'sara mason bond', '2020-03-26 21:00:00', 'FR');
INSERT INTO lessons (id, user_id, status, created_at, hours) VALUES (1193, 810, 'SCHEDULED', '2020-03-29 21:00:00', 10);
INSERT INTO users (id, name, date_joined, country_code) VALUES (811, 'sara brown mason', '2020-03-26 22:00:00', 'UK');
INSERT INTO payments (id, user_id, payment_amount, created_at) VALUES (354, 811, 39.73766524065648, '2020-03-29 22:00:00');
INSERT INTO lessons (id, user_id, status, created_at, hours) VALUES (1194, 811, 'SCHEDULED', '2020-03-28 22:00:00', 1);
INSERT INTO users (id, name, date_joined, country_code) VALUES (812, 'sara brown brown', '2020-03-27 01:00:00', 'ES');
INSERT INTO lessons (id, user_id, status, created_at, hours) VALUES (1195, 812, 'SCHEDULED', '2020-03-29 01:00:00', 4);
INSERT INTO lessons (id, user_id, status, created_at, hours) VALUES (1196, 812, 'SCHEDULED', '2020-04-01 01:00:00', 1);
INSERT INTO users (id, name, date_joined, country_code) VALUES (813, 'sara brown mcfly', '2020-03-27 03:00:00', 'DE');
INSERT INTO payments (id, user_id, payment_amount, created_at) VALUES (355, 813, 69.7682352508429, '2020-03-30 03:00:00');
INSERT INTO payments (id, user_id, payment_amount, created_at) VALUES (356, 813, 84.6502109491783, '2020-03-31 03:00:00');
INSERT INTO lessons (id, user_id, status, created_at, hours) VALUES (1197, 813, 'CANCELED', '2020-03-31 03:00:00', 7);
INSERT INTO lessons (id, user_id, status, created_at, hours) VALUES (1198, 813, 'CANCELED', '2020-04-03 03:00:00', 1);
INSERT INTO users (id, name, date_joined, country_code) VALUES (814, 'sara brown dufrain', '2020-03-27 04:00:00', 'UK');
INSERT INTO lessons (id, user_id, status, created_at, hours) VALUES (1199, 814, 'SCHEDULED', '2020-03-29 04:00:00', 4);
INSERT INTO lessons (id, user_id, status, created_at, hours) VALUES (1200, 814, 'CANCELED', '2020-03-31 04:00:00', 4);
INSERT INTO users (id, name, date_joined, country_code) VALUES (815, 'sara brown robbins', '2020-03-27 05:00:00', 'FR');
INSERT INTO lessons (id, user_id, status, created_at, hours) VALUES (1201, 815, 'CANCELED', '2020-03-30 05:00:00', 2);
INSERT INTO lessons (id, user_id, status, created_at, hours) VALUES (1202, 815, 'SCHEDULED', '2020-04-03 05:00:00', 5);
INSERT INTO users (id, name, date_joined, country_code) VALUES (816, 'sara brown williams', '2020-03-27 08:00:00', 'DK');
INSERT INTO payments (id, user_id, payment_amount, created_at) VALUES (357, 816, 1.5340354913797705, '2020-03-30 08:00:00');
INSERT INTO lessons (id, user_id, status, created_at, hours) VALUES (1203, 816, 'CANCELED', '2020-03-28 08:00:00', 6);
INSERT INTO users (id, name, date_joined, country_code) VALUES (817, 'sara brown goodsped', '2020-03-27 08:00:00', 'DE');
INSERT INTO lessons (id, user_id, status, created_at, hours) VALUES (1204, 817, 'SCHEDULED', '2020-03-30 08:00:00', 2);
INSERT INTO lessons (id, user_id, status, created_at, hours) VALUES (1205, 817, 'CANCELED', '2020-04-01 08:00:00', 1);
INSERT INTO users (id, name, date_joined, country_code) VALUES (818, 'sara brown womack', '2020-03-27 08:00:00', 'UK');
INSERT INTO payments (id, user_id, payment_amount, created_at) VALUES (358, 818, 53.58944878893348, '2020-04-01 08:00:00');
INSERT INTO payments (id, user_id, payment_amount, created_at) VALUES (359, 818, 93.35005086549361, '2020-04-02 08:00:00');
INSERT INTO lessons (id, user_id, status, created_at, hours) VALUES (1206, 818, 'CANCELED', '2020-03-30 08:00:00', 4);
INSERT INTO users (id, name, date_joined, country_code) VALUES (819, 'sara brown connery', '2020-03-27 10:00:00', 'UK');
INSERT INTO payments (id, user_id, payment_amount, created_at) VALUES (360, 819, 74.40149678872429, '2020-03-28 10:00:00');
INSERT INTO payments (id, user_id, payment_amount, created_at) VALUES (361, 819, 35.78753939600647, '2020-03-31 10:00:00');
INSERT INTO lessons (id, user_id, status, created_at, hours) VALUES (1207, 819, 'CANCELED', '2020-03-30 10:00:00', 9);
INSERT INTO lessons (id, user_id, status, created_at, hours) VALUES (1208, 819, 'SCHEDULED', '2020-04-01 10:00:00', 3);
INSERT INTO lessons (id, user_id, status, created_at, hours) VALUES (1209, 819, 'SCHEDULED', '2020-04-03 10:00:00', 6);
INSERT INTO users (id, name, date_joined, country_code) VALUES (820, 'sara brown bond', '2020-03-27 15:00:00', 'DK');
INSERT INTO payments (id, user_id, payment_amount, created_at) VALUES (362, 820, 75.61622311699023, '2020-04-01 15:00:00');
INSERT INTO lessons (id, user_id, status, created_at, hours) VALUES (1210, 820, 'CONFIRMED', '2020-03-28 15:00:00', 7);
INSERT INTO lessons (id, user_id, status, created_at, hours) VALUES (1211, 820, 'SCHEDULED', '2020-04-01 15:00:00', 4);
INSERT INTO users (id, name, date_joined, country_code) VALUES (821, 'sara mcfly mason', '2020-03-27 18:00:00', 'DE');
INSERT INTO lessons (id, user_id, status, created_at, hours) VALUES (1212, 821, 'CONFIRMED', '2020-03-31 18:00:00', 4);
INSERT INTO users (id, name, date_joined, country_code) VALUES (822, 'sara mcfly brown', '2020-03-27 21:00:00', 'FR');
INSERT INTO payments (id, user_id, payment_amount, created_at) VALUES (363, 822, 26.225937309401992, '2020-03-29 21:00:00');
INSERT INTO payments (id, user_id, payment_amount, created_at) VALUES (364, 822, 69.08213977451587, '2020-03-31 21:00:00');
INSERT INTO lessons (id, user_id, status, created_at, hours) VALUES (1213, 822, 'CONFIRMED', '2020-03-31 21:00:00', 3);
INSERT INTO users (id, name, date_joined, country_code) VALUES (823, 'sara mcfly mcfly', '2020-03-27 21:00:00', 'ES');
INSERT INTO payments (id, user_id, payment_amount, created_at) VALUES (365, 823, 57.12582510652017, '2020-03-31 21:00:00');
INSERT INTO payments (id, user_id, payment_amount, created_at) VALUES (366, 823, 59.732037061977984, '2020-04-03 21:00:00');
INSERT INTO lessons (id, user_id, status, created_at, hours) VALUES (1214, 823, 'CANCELED', '2020-03-28 21:00:00', 10);
INSERT INTO lessons (id, user_id, status, created_at, hours) VALUES (1215, 823, 'SCHEDULED', '2020-03-29 21:00:00', 2);
INSERT INTO users (id, name, date_joined, country_code) VALUES (824, 'sara mcfly dufrain', '2020-03-27 23:00:00', 'DE');
INSERT INTO payments (id, user_id, payment_amount, created_at) VALUES (367, 824, 11.019318520372334, '2020-04-01 23:00:00');
INSERT INTO lessons (id, user_id, status, created_at, hours) VALUES (1216, 824, 'SCHEDULED', '2020-03-31 23:00:00', 5);
INSERT INTO lessons (id, user_id, status, created_at, hours) VALUES (1217, 824, 'CANCELED', '2020-04-04 23:00:00', 9);
INSERT INTO users (id, name, date_joined, country_code) VALUES (825, 'sara mcfly robbins', '2020-03-28 00:00:00', 'UK');
INSERT INTO payments (id, user_id, payment_amount, created_at) VALUES (368, 825, 97.55827865218586, '2020-04-02 00:00:00');
INSERT INTO payments (id, user_id, payment_amount, created_at) VALUES (369, 825, 89.68582772711503, '2020-04-07 00:00:00');
INSERT INTO lessons (id, user_id, status, created_at, hours) VALUES (1218, 825, 'SCHEDULED', '2020-03-31 00:00:00', 6);
INSERT INTO users (id, name, date_joined, country_code) VALUES (826, 'sara mcfly williams', '2020-03-28 00:00:00', 'ES');
INSERT INTO lessons (id, user_id, status, created_at, hours) VALUES (1219, 826, 'CANCELED', '2020-03-31 00:00:00', 7);
INSERT INTO users (id, name, date_joined, country_code) VALUES (827, 'sara mcfly goodsped', '2020-03-28 03:00:00', 'ES');
INSERT INTO lessons (id, user_id, status, created_at, hours) VALUES (1220, 827, 'CONFIRMED', '2020-04-01 03:00:00', 9);
INSERT INTO users (id, name, date_joined, country_code) VALUES (828, 'sara mcfly womack', '2020-03-28 03:00:00', 'UK');
INSERT INTO payments (id, user_id, payment_amount, created_at) VALUES (370, 828, 42.20443004077799, '2020-03-29 03:00:00');
INSERT INTO lessons (id, user_id, status, created_at, hours) VALUES (1221, 828, 'CANCELED', '2020-04-01 03:00:00', 5);
INSERT INTO users (id, name, date_joined, country_code) VALUES (829, 'sara mcfly connery', '2020-03-28 07:00:00', 'DE');
INSERT INTO lessons (id, user_id, status, created_at, hours) VALUES (1222, 829, 'CONFIRMED', '2020-03-31 07:00:00', 3);
INSERT INTO users (id, name, date_joined, country_code) VALUES (830, 'sara mcfly bond', '2020-03-28 10:00:00', 'ES');
INSERT INTO payments (id, user_id, payment_amount, created_at) VALUES (371, 830, 96.16955718398705, '2020-04-02 10:00:00');
INSERT INTO lessons (id, user_id, status, created_at, hours) VALUES (1223, 830, 'CANCELED', '2020-03-31 10:00:00', 8);
INSERT INTO users (id, name, date_joined, country_code) VALUES (831, 'sara dufrain mason', '2020-03-28 13:00:00', 'ES');
INSERT INTO lessons (id, user_id, status, created_at, hours) VALUES (1224, 831, 'SCHEDULED', '2020-03-30 13:00:00', 4);
INSERT INTO lessons (id, user_id, status, created_at, hours) VALUES (1225, 831, 'CANCELED', '2020-04-03 13:00:00', 5);
INSERT INTO users (id, name, date_joined, country_code) VALUES (832, 'sara dufrain brown', '2020-03-28 14:00:00', 'DE');
INSERT INTO payments (id, user_id, payment_amount, created_at) VALUES (372, 832, 42.973733425703166, '2020-04-01 14:00:00');
INSERT INTO payments (id, user_id, payment_amount, created_at) VALUES (373, 832, 31.301449446742602, '2020-04-04 14:00:00');
INSERT INTO users (id, name, date_joined, country_code) VALUES (833, 'sara dufrain mcfly', '2020-03-28 16:00:00', 'UK');
INSERT INTO lessons (id, user_id, status, created_at, hours) VALUES (1226, 833, 'SCHEDULED', '2020-03-29 16:00:00', 4);
INSERT INTO lessons (id, user_id, status, created_at, hours) VALUES (1227, 833, 'CANCELED', '2020-04-01 16:00:00', 4);
INSERT INTO users (id, name, date_joined, country_code) VALUES (834, 'sara dufrain dufrain', '2020-03-28 20:00:00', 'FR');
INSERT INTO lessons (id, user_id, status, created_at, hours) VALUES (1228, 834, 'CONFIRMED', '2020-04-01 20:00:00', 8);
INSERT INTO lessons (id, user_id, status, created_at, hours) VALUES (1229, 834, 'SCHEDULED', '2020-04-05 20:00:00', 2);
INSERT INTO users (id, name, date_joined, country_code) VALUES (835, 'sara dufrain robbins', '2020-03-28 22:00:00', 'FR');
INSERT INTO payments (id, user_id, payment_amount, created_at) VALUES (374, 835, 54.88525651890939, '2020-03-29 22:00:00');
INSERT INTO payments (id, user_id, payment_amount, created_at) VALUES (375, 835, 18.575188310170677, '2020-04-01 22:00:00');
INSERT INTO users (id, name, date_joined, country_code) VALUES (836, 'sara dufrain williams', '2020-03-28 23:00:00', 'FR');
INSERT INTO payments (id, user_id, payment_amount, created_at) VALUES (376, 836, 54.31476115130104, '2020-04-01 23:00:00');
INSERT INTO lessons (id, user_id, status, created_at, hours) VALUES (1230, 836, 'CANCELED', '2020-03-30 23:00:00', 5);
INSERT INTO users (id, name, date_joined, country_code) VALUES (837, 'sara dufrain goodsped', '2020-03-29 00:00:00', 'DK');
INSERT INTO users (id, name, date_joined, country_code) VALUES (838, 'sara dufrain womack', '2020-03-29 04:00:00', 'DE');
INSERT INTO lessons (id, user_id, status, created_at, hours) VALUES (1231, 838, 'CANCELED', '2020-04-01 04:00:00', 10);
INSERT INTO lessons (id, user_id, status, created_at, hours) VALUES (1232, 838, 'CONFIRMED', '2020-04-05 04:00:00', 1);
INSERT INTO users (id, name, date_joined, country_code) VALUES (839, 'sara dufrain connery', '2020-03-29 07:00:00', 'DK');
INSERT INTO lessons (id, user_id, status, created_at, hours) VALUES (1233, 839, 'CANCELED', '2020-03-30 07:00:00', 2);
INSERT INTO lessons (id, user_id, status, created_at, hours) VALUES (1234, 839, 'SCHEDULED', '2020-04-02 07:00:00', 5);
INSERT INTO users (id, name, date_joined, country_code) VALUES (840, 'sara dufrain bond', '2020-03-29 07:00:00', 'DK');
INSERT INTO lessons (id, user_id, status, created_at, hours) VALUES (1235, 840, 'SCHEDULED', '2020-03-31 07:00:00', 3);
INSERT INTO users (id, name, date_joined, country_code) VALUES (841, 'sara robbins mason', '2020-03-29 09:00:00', 'ES');
INSERT INTO lessons (id, user_id, status, created_at, hours) VALUES (1236, 841, 'SCHEDULED', '2020-04-02 09:00:00', 5);
INSERT INTO users (id, name, date_joined, country_code) VALUES (842, 'sara robbins brown', '2020-03-29 11:00:00', 'UK');
INSERT INTO lessons (id, user_id, status, created_at, hours) VALUES (1237, 842, 'SCHEDULED', '2020-03-31 11:00:00', 2);
INSERT INTO users (id, name, date_joined, country_code) VALUES (843, 'sara robbins mcfly', '2020-03-29 12:00:00', 'ES');
INSERT INTO payments (id, user_id, payment_amount, created_at) VALUES (377, 843, 7.215742439359174, '2020-03-31 12:00:00');
INSERT INTO lessons (id, user_id, status, created_at, hours) VALUES (1238, 843, 'CANCELED', '2020-03-30 12:00:00', 10);
INSERT INTO users (id, name, date_joined, country_code) VALUES (844, 'sara robbins dufrain', '2020-03-29 17:00:00', 'ES');
INSERT INTO lessons (id, user_id, status, created_at, hours) VALUES (1239, 844, 'SCHEDULED', '2020-04-01 17:00:00', 5);
INSERT INTO lessons (id, user_id, status, created_at, hours) VALUES (1240, 844, 'SCHEDULED', '2020-04-04 17:00:00', 1);
INSERT INTO users (id, name, date_joined, country_code) VALUES (845, 'sara robbins robbins', '2020-03-29 21:00:00', 'UK');
INSERT INTO payments (id, user_id, payment_amount, created_at) VALUES (378, 845, 5.404028823778717, '2020-03-30 21:00:00');
INSERT INTO payments (id, user_id, payment_amount, created_at) VALUES (379, 845, 60.024778916872776, '2020-04-01 21:00:00');
INSERT INTO lessons (id, user_id, status, created_at, hours) VALUES (1241, 845, 'SCHEDULED', '2020-03-30 21:00:00', 6);
INSERT INTO users (id, name, date_joined, country_code) VALUES (846, 'sara robbins williams', '2020-03-30 00:00:00', 'ES');
INSERT INTO lessons (id, user_id, status, created_at, hours) VALUES (1242, 846, 'CONFIRMED', '2020-04-01 00:00:00', 9);
INSERT INTO lessons (id, user_id, status, created_at, hours) VALUES (1243, 846, 'CANCELED', '2020-04-02 00:00:00', 6);
INSERT INTO users (id, name, date_joined, country_code) VALUES (847, 'sara robbins goodsped', '2020-03-30 03:00:00', 'ES');
INSERT INTO users (id, name, date_joined, country_code) VALUES (848, 'sara robbins womack', '2020-03-30 05:00:00', 'DK');
INSERT INTO lessons (id, user_id, status, created_at, hours) VALUES (1244, 848, 'CANCELED', '2020-04-01 05:00:00', 7);
INSERT INTO users (id, name, date_joined, country_code) VALUES (849, 'sara robbins connery', '2020-03-30 07:00:00', 'FR');
INSERT INTO payments (id, user_id, payment_amount, created_at) VALUES (380, 849, 32.03773756308006, '2020-04-04 07:00:00');
INSERT INTO payments (id, user_id, payment_amount, created_at) VALUES (381, 849, 44.70496069084492, '2020-04-09 07:00:00');
INSERT INTO lessons (id, user_id, status, created_at, hours) VALUES (1245, 849, 'CONFIRMED', '2020-03-31 07:00:00', 8);
INSERT INTO users (id, name, date_joined, country_code) VALUES (850, 'sara robbins bond', '2020-03-30 08:00:00', 'DE');
INSERT INTO payments (id, user_id, payment_amount, created_at) VALUES (382, 850, 21.56858718868454, '2020-04-03 08:00:00');
INSERT INTO lessons (id, user_id, status, created_at, hours) VALUES (1246, 850, 'CANCELED', '2020-03-31 08:00:00', 7);
INSERT INTO users (id, name, date_joined, country_code) VALUES (851, 'sara williams mason', '2020-03-30 12:00:00', 'UK');
INSERT INTO lessons (id, user_id, status, created_at, hours) VALUES (1247, 851, 'SCHEDULED', '2020-04-03 12:00:00', 2);
INSERT INTO users (id, name, date_joined, country_code) VALUES (852, 'sara williams brown', '2020-03-30 13:00:00', 'FR');
INSERT INTO payments (id, user_id, payment_amount, created_at) VALUES (383, 852, 25.111328662748633, '2020-03-31 13:00:00');
INSERT INTO payments (id, user_id, payment_amount, created_at) VALUES (384, 852, 76.85194884686385, '2020-04-05 13:00:00');
INSERT INTO users (id, name, date_joined, country_code) VALUES (853, 'sara williams mcfly', '2020-03-30 17:00:00', 'UK');
INSERT INTO lessons (id, user_id, status, created_at, hours) VALUES (1248, 853, 'CONFIRMED', '2020-04-01 17:00:00', 3);
INSERT INTO users (id, name, date_joined, country_code) VALUES (854, 'sara williams dufrain', '2020-03-30 20:00:00', 'FR');
INSERT INTO lessons (id, user_id, status, created_at, hours) VALUES (1249, 854, 'CANCELED', '2020-03-31 20:00:00', 10);
INSERT INTO users (id, name, date_joined, country_code) VALUES (855, 'sara williams robbins', '2020-03-31 01:00:00', 'DK');
INSERT INTO lessons (id, user_id, status, created_at, hours) VALUES (1250, 855, 'CANCELED', '2020-04-04 01:00:00', 10);
INSERT INTO lessons (id, user_id, status, created_at, hours) VALUES (1251, 855, 'SCHEDULED', '2020-04-06 01:00:00', 10);
INSERT INTO users (id, name, date_joined, country_code) VALUES (856, 'sara williams williams', '2020-03-31 06:00:00', 'UK');
INSERT INTO lessons (id, user_id, status, created_at, hours) VALUES (1252, 856, 'CANCELED', '2020-04-03 06:00:00', 8);
INSERT INTO users (id, name, date_joined, country_code) VALUES (857, 'sara williams goodsped', '2020-03-31 09:00:00', 'DK');
INSERT INTO lessons (id, user_id, status, created_at, hours) VALUES (1253, 857, 'SCHEDULED', '2020-04-01 09:00:00', 1);
INSERT INTO lessons (id, user_id, status, created_at, hours) VALUES (1254, 857, 'CANCELED', '2020-04-04 09:00:00', 5);
INSERT INTO users (id, name, date_joined, country_code) VALUES (858, 'sara williams womack', '2020-03-31 12:00:00', 'DE');
INSERT INTO lessons (id, user_id, status, created_at, hours) VALUES (1255, 858, 'CONFIRMED', '2020-04-04 12:00:00', 3);
INSERT INTO users (id, name, date_joined, country_code) VALUES (859, 'sara williams connery', '2020-03-31 13:00:00', 'DK');
INSERT INTO lessons (id, user_id, status, created_at, hours) VALUES (1256, 859, 'CANCELED', '2020-04-04 13:00:00', 5);
INSERT INTO lessons (id, user_id, status, created_at, hours) VALUES (1257, 859, 'CANCELED', '2020-04-07 13:00:00', 5);
INSERT INTO users (id, name, date_joined, country_code) VALUES (860, 'sara williams bond', '2020-03-31 13:00:00', 'UK');
INSERT INTO lessons (id, user_id, status, created_at, hours) VALUES (1258, 860, 'SCHEDULED', '2020-04-02 13:00:00', 8);
INSERT INTO lessons (id, user_id, status, created_at, hours) VALUES (1259, 860, 'CANCELED', '2020-04-04 13:00:00', 6);
INSERT INTO users (id, name, date_joined, country_code) VALUES (861, 'sara goodsped mason', '2020-03-31 13:00:00', 'DE');
INSERT INTO users (id, name, date_joined, country_code) VALUES (862, 'sara goodsped brown', '2020-03-31 16:00:00', 'UK');
INSERT INTO lessons (id, user_id, status, created_at, hours) VALUES (1260, 862, 'CANCELED', '2020-04-01 16:00:00', 2);
INSERT INTO lessons (id, user_id, status, created_at, hours) VALUES (1261, 862, 'CANCELED', '2020-04-03 16:00:00', 1);
INSERT INTO lessons (id, user_id, status, created_at, hours) VALUES (1262, 862, 'SCHEDULED', '2020-04-05 16:00:00', 5);
INSERT INTO users (id, name, date_joined, country_code) VALUES (863, 'sara goodsped mcfly', '2020-03-31 16:00:00', 'ES');
INSERT INTO payments (id, user_id, payment_amount, created_at) VALUES (385, 863, 28.77207016242189, '2020-04-02 16:00:00');
INSERT INTO lessons (id, user_id, status, created_at, hours) VALUES (1263, 863, 'SCHEDULED', '2020-04-02 16:00:00', 1);
INSERT INTO users (id, name, date_joined, country_code) VALUES (864, 'sara goodsped dufrain', '2020-03-31 19:00:00', 'FR');
INSERT INTO payments (id, user_id, payment_amount, created_at) VALUES (386, 864, 7.973545488580569, '2020-04-05 19:00:00');
INSERT INTO payments (id, user_id, payment_amount, created_at) VALUES (387, 864, 41.37838552171248, '2020-04-08 19:00:00');
INSERT INTO lessons (id, user_id, status, created_at, hours) VALUES (1264, 864, 'CANCELED', '2020-04-02 19:00:00', 4);
INSERT INTO users (id, name, date_joined, country_code) VALUES (865, 'sara goodsped robbins', '2020-03-31 20:00:00', 'DE');
INSERT INTO users (id, name, date_joined, country_code) VALUES (866, 'sara goodsped williams', '2020-03-31 22:00:00', 'ES');
INSERT INTO payments (id, user_id, payment_amount, created_at) VALUES (388, 866, 46.33776987072557, '2020-04-01 22:00:00');
INSERT INTO payments (id, user_id, payment_amount, created_at) VALUES (389, 866, 48.81735937947364, '2020-04-03 22:00:00');
INSERT INTO lessons (id, user_id, status, created_at, hours) VALUES (1265, 866, 'CANCELED', '2020-04-01 22:00:00', 2);
INSERT INTO users (id, name, date_joined, country_code) VALUES (867, 'sara goodsped goodsped', '2020-04-01 02:00:00', 'UK');
INSERT INTO lessons (id, user_id, status, created_at, hours) VALUES (1266, 867, 'CANCELED', '2020-04-03 02:00:00', 5);
INSERT INTO lessons (id, user_id, status, created_at, hours) VALUES (1267, 867, 'CONFIRMED', '2020-04-06 02:00:00', 2);
INSERT INTO users (id, name, date_joined, country_code) VALUES (868, 'sara goodsped womack', '2020-04-01 03:00:00', 'DE');
INSERT INTO users (id, name, date_joined, country_code) VALUES (869, 'sara goodsped connery', '2020-04-01 08:00:00', 'DE');
INSERT INTO lessons (id, user_id, status, created_at, hours) VALUES (1268, 869, 'CANCELED', '2020-04-04 08:00:00', 5);
INSERT INTO lessons (id, user_id, status, created_at, hours) VALUES (1269, 869, 'CANCELED', '2020-04-07 08:00:00', 4);
INSERT INTO lessons (id, user_id, status, created_at, hours) VALUES (1270, 869, 'CONFIRMED', '2020-04-10 08:00:00', 3);
INSERT INTO users (id, name, date_joined, country_code) VALUES (870, 'sara goodsped bond', '2020-04-01 08:00:00', 'DK');
INSERT INTO payments (id, user_id, payment_amount, created_at) VALUES (390, 870, 71.59959384248506, '2020-04-06 08:00:00');
INSERT INTO lessons (id, user_id, status, created_at, hours) VALUES (1271, 870, 'CONFIRMED', '2020-04-02 08:00:00', 2);
INSERT INTO users (id, name, date_joined, country_code) VALUES (871, 'sara womack mason', '2020-04-01 10:00:00', 'DK');
INSERT INTO lessons (id, user_id, status, created_at, hours) VALUES (1272, 871, 'SCHEDULED', '2020-04-02 10:00:00', 6);
INSERT INTO lessons (id, user_id, status, created_at, hours) VALUES (1273, 871, 'SCHEDULED', '2020-04-04 10:00:00', 10);
INSERT INTO users (id, name, date_joined, country_code) VALUES (872, 'sara womack brown', '2020-04-01 14:00:00', 'UK');
INSERT INTO lessons (id, user_id, status, created_at, hours) VALUES (1274, 872, 'CANCELED', '2020-04-03 14:00:00', 2);
INSERT INTO users (id, name, date_joined, country_code) VALUES (873, 'sara womack mcfly', '2020-04-01 18:00:00', 'ES');
INSERT INTO lessons (id, user_id, status, created_at, hours) VALUES (1275, 873, 'CANCELED', '2020-04-03 18:00:00', 1);
INSERT INTO lessons (id, user_id, status, created_at, hours) VALUES (1276, 873, 'CANCELED', '2020-04-05 18:00:00', 10);
INSERT INTO lessons (id, user_id, status, created_at, hours) VALUES (1277, 873, 'CANCELED', '2020-04-08 18:00:00', 5);
INSERT INTO users (id, name, date_joined, country_code) VALUES (874, 'sara womack dufrain', '2020-04-01 23:00:00', 'UK');
INSERT INTO lessons (id, user_id, status, created_at, hours) VALUES (1278, 874, 'CANCELED', '2020-04-04 23:00:00', 4);
INSERT INTO users (id, name, date_joined, country_code) VALUES (875, 'sara womack robbins', '2020-04-02 01:00:00', 'ES');
INSERT INTO lessons (id, user_id, status, created_at, hours) VALUES (1279, 875, 'CONFIRMED', '2020-04-03 01:00:00', 4);
INSERT INTO users (id, name, date_joined, country_code) VALUES (876, 'sara womack williams', '2020-04-02 05:00:00', 'DK');
INSERT INTO lessons (id, user_id, status, created_at, hours) VALUES (1280, 876, 'CANCELED', '2020-04-06 05:00:00', 10);
INSERT INTO users (id, name, date_joined, country_code) VALUES (877, 'sara womack goodsped', '2020-04-02 09:00:00', 'DE');
INSERT INTO lessons (id, user_id, status, created_at, hours) VALUES (1281, 877, 'SCHEDULED', '2020-04-06 09:00:00', 10);
INSERT INTO users (id, name, date_joined, country_code) VALUES (878, 'sara womack womack', '2020-04-02 14:00:00', 'UK');
INSERT INTO payments (id, user_id, payment_amount, created_at) VALUES (391, 878, 19.92697529740035, '2020-04-05 14:00:00');
INSERT INTO lessons (id, user_id, status, created_at, hours) VALUES (1282, 878, 'CONFIRMED', '2020-04-03 14:00:00', 7);
INSERT INTO users (id, name, date_joined, country_code) VALUES (879, 'sara womack connery', '2020-04-02 17:00:00', 'ES');
INSERT INTO payments (id, user_id, payment_amount, created_at) VALUES (392, 879, 91.05863597743156, '2020-04-03 17:00:00');
INSERT INTO lessons (id, user_id, status, created_at, hours) VALUES (1283, 879, 'CONFIRMED', '2020-04-05 17:00:00', 10);
INSERT INTO lessons (id, user_id, status, created_at, hours) VALUES (1284, 879, 'CANCELED', '2020-04-06 17:00:00', 6);
INSERT INTO lessons (id, user_id, status, created_at, hours) VALUES (1285, 879, 'SCHEDULED', '2020-04-10 17:00:00', 5);
INSERT INTO users (id, name, date_joined, country_code) VALUES (880, 'sara womack bond', '2020-04-02 17:00:00', 'ES');
INSERT INTO payments (id, user_id, payment_amount, created_at) VALUES (393, 880, 9.207818727613514, '2020-04-06 17:00:00');
INSERT INTO payments (id, user_id, payment_amount, created_at) VALUES (394, 880, 80.67610217381662, '2020-04-07 17:00:00');
INSERT INTO lessons (id, user_id, status, created_at, hours) VALUES (1286, 880, 'CONFIRMED', '2020-04-03 17:00:00', 9);
INSERT INTO users (id, name, date_joined, country_code) VALUES (881, 'sara connery mason', '2020-04-02 20:00:00', 'DE');
INSERT INTO lessons (id, user_id, status, created_at, hours) VALUES (1287, 881, 'SCHEDULED', '2020-04-06 20:00:00', 8);
INSERT INTO users (id, name, date_joined, country_code) VALUES (882, 'sara connery brown', '2020-04-03 01:00:00', 'DE');
INSERT INTO lessons (id, user_id, status, created_at, hours) VALUES (1288, 882, 'SCHEDULED', '2020-04-06 01:00:00', 5);
INSERT INTO users (id, name, date_joined, country_code) VALUES (883, 'sara connery mcfly', '2020-04-03 03:00:00', 'DE');
INSERT INTO lessons (id, user_id, status, created_at, hours) VALUES (1289, 883, 'SCHEDULED', '2020-04-05 03:00:00', 8);
INSERT INTO users (id, name, date_joined, country_code) VALUES (884, 'sara connery dufrain', '2020-04-03 06:00:00', 'FR');
INSERT INTO lessons (id, user_id, status, created_at, hours) VALUES (1290, 884, 'CONFIRMED', '2020-04-04 06:00:00', 7);
INSERT INTO lessons (id, user_id, status, created_at, hours) VALUES (1291, 884, 'SCHEDULED', '2020-04-07 06:00:00', 7);
INSERT INTO users (id, name, date_joined, country_code) VALUES (885, 'sara connery robbins', '2020-04-03 10:00:00', 'UK');
INSERT INTO lessons (id, user_id, status, created_at, hours) VALUES (1292, 885, 'SCHEDULED', '2020-04-07 10:00:00', 2);
INSERT INTO lessons (id, user_id, status, created_at, hours) VALUES (1293, 885, 'CANCELED', '2020-04-09 10:00:00', 5);
INSERT INTO users (id, name, date_joined, country_code) VALUES (886, 'sara connery williams', '2020-04-03 15:00:00', 'UK');
INSERT INTO lessons (id, user_id, status, created_at, hours) VALUES (1294, 886, 'SCHEDULED', '2020-04-07 15:00:00', 10);
INSERT INTO lessons (id, user_id, status, created_at, hours) VALUES (1295, 886, 'CONFIRMED', '2020-04-10 15:00:00', 3);
INSERT INTO users (id, name, date_joined, country_code) VALUES (887, 'sara connery goodsped', '2020-04-03 15:00:00', 'FR');
INSERT INTO payments (id, user_id, payment_amount, created_at) VALUES (395, 887, 21.109771839934698, '2020-04-05 15:00:00');
INSERT INTO payments (id, user_id, payment_amount, created_at) VALUES (396, 887, 62.18282349057447, '2020-04-10 15:00:00');
INSERT INTO users (id, name, date_joined, country_code) VALUES (888, 'sara connery womack', '2020-04-03 19:00:00', 'DK');
INSERT INTO users (id, name, date_joined, country_code) VALUES (889, 'sara connery connery', '2020-04-03 19:00:00', 'DK');
INSERT INTO lessons (id, user_id, status, created_at, hours) VALUES (1296, 889, 'CONFIRMED', '2020-04-06 19:00:00', 5);
INSERT INTO users (id, name, date_joined, country_code) VALUES (890, 'sara connery bond', '2020-04-03 23:00:00', 'DE');
INSERT INTO lessons (id, user_id, status, created_at, hours) VALUES (1297, 890, 'CANCELED', '2020-04-05 23:00:00', 1);
INSERT INTO lessons (id, user_id, status, created_at, hours) VALUES (1298, 890, 'CANCELED', '2020-04-09 23:00:00', 3);
INSERT INTO users (id, name, date_joined, country_code) VALUES (891, 'sara bond mason', '2020-04-03 23:00:00', 'FR');
INSERT INTO payments (id, user_id, payment_amount, created_at) VALUES (397, 891, 41.94031654667323, '2020-04-04 23:00:00');
INSERT INTO lessons (id, user_id, status, created_at, hours) VALUES (1299, 891, 'SCHEDULED', '2020-04-04 23:00:00', 7);
INSERT INTO users (id, name, date_joined, country_code) VALUES (892, 'sara bond brown', '2020-04-04 03:00:00', 'DE');
INSERT INTO lessons (id, user_id, status, created_at, hours) VALUES (1300, 892, 'SCHEDULED', '2020-04-07 03:00:00', 8);
INSERT INTO users (id, name, date_joined, country_code) VALUES (893, 'sara bond mcfly', '2020-04-04 07:00:00', 'FR');
INSERT INTO lessons (id, user_id, status, created_at, hours) VALUES (1301, 893, 'CANCELED', '2020-04-07 07:00:00', 7);
INSERT INTO lessons (id, user_id, status, created_at, hours) VALUES (1302, 893, 'CONFIRMED', '2020-04-11 07:00:00', 8);
INSERT INTO users (id, name, date_joined, country_code) VALUES (894, 'sara bond dufrain', '2020-04-04 08:00:00', 'ES');
INSERT INTO users (id, name, date_joined, country_code) VALUES (895, 'sara bond robbins', '2020-04-04 08:00:00', 'ES');
INSERT INTO lessons (id, user_id, status, created_at, hours) VALUES (1303, 895, 'CANCELED', '2020-04-06 08:00:00', 5);
INSERT INTO users (id, name, date_joined, country_code) VALUES (896, 'sara bond williams', '2020-04-04 13:00:00', 'DE');
INSERT INTO lessons (id, user_id, status, created_at, hours) VALUES (1304, 896, 'CANCELED', '2020-04-05 13:00:00', 10);
INSERT INTO users (id, name, date_joined, country_code) VALUES (897, 'sara bond goodsped', '2020-04-04 15:00:00', 'ES');
INSERT INTO payments (id, user_id, payment_amount, created_at) VALUES (398, 897, 72.56254452851384, '2020-04-06 15:00:00');
INSERT INTO payments (id, user_id, payment_amount, created_at) VALUES (399, 897, 16.46602381034836, '2020-04-07 15:00:00');
INSERT INTO lessons (id, user_id, status, created_at, hours) VALUES (1305, 897, 'CANCELED', '2020-04-08 15:00:00', 4);
INSERT INTO lessons (id, user_id, status, created_at, hours) VALUES (1306, 897, 'CONFIRMED', '2020-04-12 15:00:00', 7);
INSERT INTO users (id, name, date_joined, country_code) VALUES (898, 'sara bond womack', '2020-04-04 17:00:00', 'FR');
INSERT INTO users (id, name, date_joined, country_code) VALUES (899, 'sara bond connery', '2020-04-04 21:00:00', 'DE');
INSERT INTO lessons (id, user_id, status, created_at, hours) VALUES (1307, 899, 'CONFIRMED', '2020-04-05 21:00:00', 2);
INSERT INTO lessons (id, user_id, status, created_at, hours) VALUES (1308, 899, 'CANCELED', '2020-04-06 21:00:00', 1);
INSERT INTO users (id, name, date_joined, country_code) VALUES (900, 'sara bond bond', '2020-04-04 23:00:00', 'DK');
INSERT INTO lessons (id, user_id, status, created_at, hours) VALUES (1309, 900, 'CONFIRMED', '2020-04-07 23:00:00', 10);
INSERT INTO users (id, name, date_joined, country_code) VALUES (901, 'claudia mason mason', '2020-04-05 01:00:00', 'UK');
INSERT INTO lessons (id, user_id, status, created_at, hours) VALUES (1310, 901, 'SCHEDULED', '2020-04-07 01:00:00', 10);
INSERT INTO users (id, name, date_joined, country_code) VALUES (902, 'claudia mason brown', '2020-04-05 01:00:00', 'ES');
INSERT INTO lessons (id, user_id, status, created_at, hours) VALUES (1311, 902, 'SCHEDULED', '2020-04-09 01:00:00', 3);
INSERT INTO lessons (id, user_id, status, created_at, hours) VALUES (1312, 902, 'CANCELED', '2020-04-13 01:00:00', 9);
INSERT INTO users (id, name, date_joined, country_code) VALUES (903, 'claudia mason mcfly', '2020-04-05 06:00:00', 'DK');
INSERT INTO payments (id, user_id, payment_amount, created_at) VALUES (400, 903, 75.41289995892335, '2020-04-09 06:00:00');
INSERT INTO payments (id, user_id, payment_amount, created_at) VALUES (401, 903, 72.39002025659914, '2020-04-10 06:00:00');
INSERT INTO lessons (id, user_id, status, created_at, hours) VALUES (1313, 903, 'CONFIRMED', '2020-04-08 06:00:00', 1);
INSERT INTO lessons (id, user_id, status, created_at, hours) VALUES (1314, 903, 'CONFIRMED', '2020-04-11 06:00:00', 5);
INSERT INTO users (id, name, date_joined, country_code) VALUES (904, 'claudia mason dufrain', '2020-04-05 07:00:00', 'ES');
INSERT INTO lessons (id, user_id, status, created_at, hours) VALUES (1315, 904, 'SCHEDULED', '2020-04-07 07:00:00', 5);
INSERT INTO lessons (id, user_id, status, created_at, hours) VALUES (1316, 904, 'SCHEDULED', '2020-04-09 07:00:00', 8);
INSERT INTO users (id, name, date_joined, country_code) VALUES (905, 'claudia mason robbins', '2020-04-05 07:00:00', 'FR');
INSERT INTO lessons (id, user_id, status, created_at, hours) VALUES (1317, 905, 'SCHEDULED', '2020-04-07 07:00:00', 1);
INSERT INTO users (id, name, date_joined, country_code) VALUES (906, 'claudia mason williams', '2020-04-05 09:00:00', 'DK');
INSERT INTO payments (id, user_id, payment_amount, created_at) VALUES (402, 906, 76.76406219660451, '2020-04-08 09:00:00');
INSERT INTO payments (id, user_id, payment_amount, created_at) VALUES (403, 906, 87.71465506238422, '2020-04-12 09:00:00');
INSERT INTO lessons (id, user_id, status, created_at, hours) VALUES (1318, 906, 'CANCELED', '2020-04-06 09:00:00', 2);
INSERT INTO lessons (id, user_id, status, created_at, hours) VALUES (1319, 906, 'CANCELED', '2020-04-07 09:00:00', 2);
INSERT INTO users (id, name, date_joined, country_code) VALUES (907, 'claudia mason goodsped', '2020-04-05 12:00:00', 'FR');
INSERT INTO lessons (id, user_id, status, created_at, hours) VALUES (1320, 907, 'CONFIRMED', '2020-04-08 12:00:00', 9);
INSERT INTO lessons (id, user_id, status, created_at, hours) VALUES (1321, 907, 'CANCELED', '2020-04-12 12:00:00', 9);
INSERT INTO lessons (id, user_id, status, created_at, hours) VALUES (1322, 907, 'CANCELED', '2020-04-14 12:00:00', 5);
INSERT INTO users (id, name, date_joined, country_code) VALUES (908, 'claudia mason womack', '2020-04-05 12:00:00', 'DK');
INSERT INTO lessons (id, user_id, status, created_at, hours) VALUES (1323, 908, 'SCHEDULED', '2020-04-08 12:00:00', 4);
INSERT INTO users (id, name, date_joined, country_code) VALUES (909, 'claudia mason connery', '2020-04-05 12:00:00', 'UK');
INSERT INTO payments (id, user_id, payment_amount, created_at) VALUES (404, 909, 97.30599240306708, '2020-04-08 12:00:00');
INSERT INTO lessons (id, user_id, status, created_at, hours) VALUES (1324, 909, 'SCHEDULED', '2020-04-07 12:00:00', 1);
INSERT INTO users (id, name, date_joined, country_code) VALUES (910, 'claudia mason bond', '2020-04-05 16:00:00', 'UK');
INSERT INTO payments (id, user_id, payment_amount, created_at) VALUES (405, 910, 10.207741126724134, '2020-04-08 16:00:00');
INSERT INTO payments (id, user_id, payment_amount, created_at) VALUES (406, 910, 31.026526958839085, '2020-04-13 16:00:00');
INSERT INTO lessons (id, user_id, status, created_at, hours) VALUES (1325, 910, 'SCHEDULED', '2020-04-09 16:00:00', 2);
INSERT INTO users (id, name, date_joined, country_code) VALUES (911, 'claudia brown mason', '2020-04-05 18:00:00', 'FR');
INSERT INTO lessons (id, user_id, status, created_at, hours) VALUES (1326, 911, 'CONFIRMED', '2020-04-09 18:00:00', 6);
INSERT INTO lessons (id, user_id, status, created_at, hours) VALUES (1327, 911, 'SCHEDULED', '2020-04-13 18:00:00', 4);
INSERT INTO users (id, name, date_joined, country_code) VALUES (912, 'claudia brown brown', '2020-04-05 23:00:00', 'DK');
INSERT INTO lessons (id, user_id, status, created_at, hours) VALUES (1328, 912, 'CANCELED', '2020-04-06 23:00:00', 10);
INSERT INTO lessons (id, user_id, status, created_at, hours) VALUES (1329, 912, 'CONFIRMED', '2020-04-10 23:00:00', 1);
INSERT INTO users (id, name, date_joined, country_code) VALUES (913, 'claudia brown mcfly', '2020-04-06 03:00:00', 'DE');
INSERT INTO users (id, name, date_joined, country_code) VALUES (914, 'claudia brown dufrain', '2020-04-06 03:00:00', 'UK');
INSERT INTO payments (id, user_id, payment_amount, created_at) VALUES (407, 914, 66.77095120016692, '2020-04-11 03:00:00');
INSERT INTO lessons (id, user_id, status, created_at, hours) VALUES (1330, 914, 'CANCELED', '2020-04-08 03:00:00', 7);
INSERT INTO users (id, name, date_joined, country_code) VALUES (915, 'claudia brown robbins', '2020-04-06 04:00:00', 'DE');
INSERT INTO lessons (id, user_id, status, created_at, hours) VALUES (1331, 915, 'SCHEDULED', '2020-04-07 04:00:00', 4);
INSERT INTO users (id, name, date_joined, country_code) VALUES (916, 'claudia brown williams', '2020-04-06 08:00:00', 'DK');
INSERT INTO lessons (id, user_id, status, created_at, hours) VALUES (1332, 916, 'CONFIRMED', '2020-04-10 08:00:00', 1);
INSERT INTO lessons (id, user_id, status, created_at, hours) VALUES (1333, 916, 'CANCELED', '2020-04-14 08:00:00', 8);
INSERT INTO users (id, name, date_joined, country_code) VALUES (917, 'claudia brown goodsped', '2020-04-06 09:00:00', 'DK');
INSERT INTO lessons (id, user_id, status, created_at, hours) VALUES (1334, 917, 'CANCELED', '2020-04-09 09:00:00', 9);
INSERT INTO users (id, name, date_joined, country_code) VALUES (918, 'claudia brown womack', '2020-04-06 10:00:00', 'FR');
INSERT INTO users (id, name, date_joined, country_code) VALUES (919, 'claudia brown connery', '2020-04-06 13:00:00', 'DK');
INSERT INTO lessons (id, user_id, status, created_at, hours) VALUES (1335, 919, 'CANCELED', '2020-04-10 13:00:00', 10);
INSERT INTO lessons (id, user_id, status, created_at, hours) VALUES (1336, 919, 'SCHEDULED', '2020-04-14 13:00:00', 9);
INSERT INTO users (id, name, date_joined, country_code) VALUES (920, 'claudia brown bond', '2020-04-06 15:00:00', 'DK');
INSERT INTO lessons (id, user_id, status, created_at, hours) VALUES (1337, 920, 'SCHEDULED', '2020-04-08 15:00:00', 8);
INSERT INTO users (id, name, date_joined, country_code) VALUES (921, 'claudia mcfly mason', '2020-04-06 19:00:00', 'DK');
INSERT INTO payments (id, user_id, payment_amount, created_at) VALUES (408, 921, 96.89851923955412, '2020-04-09 19:00:00');
INSERT INTO lessons (id, user_id, status, created_at, hours) VALUES (1338, 921, 'CONFIRMED', '2020-04-09 19:00:00', 10);
INSERT INTO lessons (id, user_id, status, created_at, hours) VALUES (1339, 921, 'CANCELED', '2020-04-11 19:00:00', 2);
INSERT INTO users (id, name, date_joined, country_code) VALUES (922, 'claudia mcfly brown', '2020-04-07 00:00:00', 'UK');
INSERT INTO lessons (id, user_id, status, created_at, hours) VALUES (1340, 922, 'CANCELED', '2020-04-09 00:00:00', 5);
INSERT INTO lessons (id, user_id, status, created_at, hours) VALUES (1341, 922, 'SCHEDULED', '2020-04-11 00:00:00', 1);
INSERT INTO users (id, name, date_joined, country_code) VALUES (923, 'claudia mcfly mcfly', '2020-04-07 04:00:00', 'DK');
INSERT INTO payments (id, user_id, payment_amount, created_at) VALUES (409, 923, 55.240914087867544, '2020-04-11 04:00:00');
INSERT INTO payments (id, user_id, payment_amount, created_at) VALUES (410, 923, 56.48651450456556, '2020-04-16 04:00:00');
INSERT INTO lessons (id, user_id, status, created_at, hours) VALUES (1342, 923, 'CANCELED', '2020-04-09 04:00:00', 2);
INSERT INTO users (id, name, date_joined, country_code) VALUES (924, 'claudia mcfly dufrain', '2020-04-07 05:00:00', 'UK');
INSERT INTO lessons (id, user_id, status, created_at, hours) VALUES (1343, 924, 'SCHEDULED', '2020-04-10 05:00:00', 6);
INSERT INTO lessons (id, user_id, status, created_at, hours) VALUES (1344, 924, 'CANCELED', '2020-04-14 05:00:00', 1);
INSERT INTO users (id, name, date_joined, country_code) VALUES (925, 'claudia mcfly robbins', '2020-04-07 06:00:00', 'ES');
INSERT INTO lessons (id, user_id, status, created_at, hours) VALUES (1345, 925, 'CONFIRMED', '2020-04-11 06:00:00', 3);
INSERT INTO users (id, name, date_joined, country_code) VALUES (926, 'claudia mcfly williams', '2020-04-07 06:00:00', 'ES');
INSERT INTO lessons (id, user_id, status, created_at, hours) VALUES (1346, 926, 'SCHEDULED', '2020-04-09 06:00:00', 6);
INSERT INTO lessons (id, user_id, status, created_at, hours) VALUES (1347, 926, 'CONFIRMED', '2020-04-12 06:00:00', 6);
INSERT INTO lessons (id, user_id, status, created_at, hours) VALUES (1348, 926, 'SCHEDULED', '2020-04-16 06:00:00', 9);
INSERT INTO users (id, name, date_joined, country_code) VALUES (927, 'claudia mcfly goodsped', '2020-04-07 08:00:00', 'DE');
INSERT INTO lessons (id, user_id, status, created_at, hours) VALUES (1349, 927, 'CANCELED', '2020-04-09 08:00:00', 1);
INSERT INTO lessons (id, user_id, status, created_at, hours) VALUES (1350, 927, 'CANCELED', '2020-04-11 08:00:00', 7);
INSERT INTO users (id, name, date_joined, country_code) VALUES (928, 'claudia mcfly womack', '2020-04-07 08:00:00', 'DE');
INSERT INTO lessons (id, user_id, status, created_at, hours) VALUES (1351, 928, 'SCHEDULED', '2020-04-10 08:00:00', 9);
INSERT INTO lessons (id, user_id, status, created_at, hours) VALUES (1352, 928, 'SCHEDULED', '2020-04-14 08:00:00', 8);
INSERT INTO users (id, name, date_joined, country_code) VALUES (929, 'claudia mcfly connery', '2020-04-07 08:00:00', 'ES');
INSERT INTO lessons (id, user_id, status, created_at, hours) VALUES (1353, 929, 'CONFIRMED', '2020-04-09 08:00:00', 6);
INSERT INTO lessons (id, user_id, status, created_at, hours) VALUES (1354, 929, 'CONFIRMED', '2020-04-12 08:00:00', 10);
INSERT INTO lessons (id, user_id, status, created_at, hours) VALUES (1355, 929, 'SCHEDULED', '2020-04-13 08:00:00', 7);
INSERT INTO users (id, name, date_joined, country_code) VALUES (930, 'claudia mcfly bond', '2020-04-07 13:00:00', 'ES');
INSERT INTO payments (id, user_id, payment_amount, created_at) VALUES (411, 930, 46.386842866010014, '2020-04-09 13:00:00');
INSERT INTO payments (id, user_id, payment_amount, created_at) VALUES (412, 930, 66.492419565018, '2020-04-13 13:00:00');
INSERT INTO lessons (id, user_id, status, created_at, hours) VALUES (1356, 930, 'SCHEDULED', '2020-04-11 13:00:00', 3);
INSERT INTO lessons (id, user_id, status, created_at, hours) VALUES (1357, 930, 'SCHEDULED', '2020-04-15 13:00:00', 9);
INSERT INTO lessons (id, user_id, status, created_at, hours) VALUES (1358, 930, 'CONFIRMED', '2020-04-18 13:00:00', 6);
INSERT INTO users (id, name, date_joined, country_code) VALUES (931, 'claudia dufrain mason', '2020-04-07 17:00:00', 'DE');
INSERT INTO users (id, name, date_joined, country_code) VALUES (932, 'claudia dufrain brown', '2020-04-07 19:00:00', 'ES');
INSERT INTO payments (id, user_id, payment_amount, created_at) VALUES (413, 932, 20.089200353544157, '2020-04-12 19:00:00');
INSERT INTO payments (id, user_id, payment_amount, created_at) VALUES (414, 932, 93.49490904233527, '2020-04-15 19:00:00');
INSERT INTO users (id, name, date_joined, country_code) VALUES (933, 'claudia dufrain mcfly', '2020-04-07 19:00:00', 'DE');
INSERT INTO users (id, name, date_joined, country_code) VALUES (934, 'claudia dufrain dufrain', '2020-04-07 20:00:00', 'DE');
INSERT INTO users (id, name, date_joined, country_code) VALUES (935, 'claudia dufrain robbins', '2020-04-07 23:00:00', 'UK');
INSERT INTO lessons (id, user_id, status, created_at, hours) VALUES (1359, 935, 'SCHEDULED', '2020-04-08 23:00:00', 1);
INSERT INTO lessons (id, user_id, status, created_at, hours) VALUES (1360, 935, 'CANCELED', '2020-04-10 23:00:00', 10);
INSERT INTO users (id, name, date_joined, country_code) VALUES (936, 'claudia dufrain williams', '2020-04-07 23:00:00', 'DE');
INSERT INTO lessons (id, user_id, status, created_at, hours) VALUES (1361, 936, 'CANCELED', '2020-04-09 23:00:00', 8);
INSERT INTO lessons (id, user_id, status, created_at, hours) VALUES (1362, 936, 'CANCELED', '2020-04-13 23:00:00', 7);
INSERT INTO users (id, name, date_joined, country_code) VALUES (937, 'claudia dufrain goodsped', '2020-04-08 01:00:00', 'ES');
INSERT INTO payments (id, user_id, payment_amount, created_at) VALUES (415, 937, 5.65486671532347, '2020-04-12 01:00:00');
INSERT INTO payments (id, user_id, payment_amount, created_at) VALUES (416, 937, 90.38511938874876, '2020-04-17 01:00:00');
INSERT INTO lessons (id, user_id, status, created_at, hours) VALUES (1363, 937, 'SCHEDULED', '2020-04-11 01:00:00', 1);
INSERT INTO lessons (id, user_id, status, created_at, hours) VALUES (1364, 937, 'SCHEDULED', '2020-04-14 01:00:00', 5);
INSERT INTO users (id, name, date_joined, country_code) VALUES (938, 'claudia dufrain womack', '2020-04-08 02:00:00', 'UK');
INSERT INTO lessons (id, user_id, status, created_at, hours) VALUES (1365, 938, 'SCHEDULED', '2020-04-09 02:00:00', 9);
INSERT INTO users (id, name, date_joined, country_code) VALUES (939, 'claudia dufrain connery', '2020-04-08 05:00:00', 'UK');
INSERT INTO lessons (id, user_id, status, created_at, hours) VALUES (1366, 939, 'CANCELED', '2020-04-12 05:00:00', 9);
INSERT INTO users (id, name, date_joined, country_code) VALUES (940, 'claudia dufrain bond', '2020-04-08 08:00:00', 'ES');
INSERT INTO payments (id, user_id, payment_amount, created_at) VALUES (417, 940, 12.82846257919964, '2020-04-10 08:00:00');
INSERT INTO lessons (id, user_id, status, created_at, hours) VALUES (1367, 940, 'CANCELED', '2020-04-11 08:00:00', 10);
INSERT INTO users (id, name, date_joined, country_code) VALUES (941, 'claudia robbins mason', '2020-04-08 08:00:00', 'UK');
INSERT INTO payments (id, user_id, payment_amount, created_at) VALUES (418, 941, 20.350564764742963, '2020-04-10 08:00:00');
INSERT INTO payments (id, user_id, payment_amount, created_at) VALUES (419, 941, 0.32468768770748113, '2020-04-14 08:00:00');
INSERT INTO lessons (id, user_id, status, created_at, hours) VALUES (1368, 941, 'SCHEDULED', '2020-04-09 08:00:00', 1);
INSERT INTO lessons (id, user_id, status, created_at, hours) VALUES (1369, 941, 'SCHEDULED', '2020-04-12 08:00:00', 9);
INSERT INTO users (id, name, date_joined, country_code) VALUES (942, 'claudia robbins brown', '2020-04-08 13:00:00', 'DE');
INSERT INTO lessons (id, user_id, status, created_at, hours) VALUES (1370, 942, 'CANCELED', '2020-04-09 13:00:00', 3);
INSERT INTO lessons (id, user_id, status, created_at, hours) VALUES (1371, 942, 'CANCELED', '2020-04-13 13:00:00', 2);
INSERT INTO users (id, name, date_joined, country_code) VALUES (943, 'claudia robbins mcfly', '2020-04-08 17:00:00', 'FR');
INSERT INTO users (id, name, date_joined, country_code) VALUES (944, 'claudia robbins dufrain', '2020-04-08 17:00:00', 'DK');
INSERT INTO lessons (id, user_id, status, created_at, hours) VALUES (1372, 944, 'CONFIRMED', '2020-04-11 17:00:00', 2);
INSERT INTO lessons (id, user_id, status, created_at, hours) VALUES (1373, 944, 'SCHEDULED', '2020-04-13 17:00:00', 4);
INSERT INTO users (id, name, date_joined, country_code) VALUES (945, 'claudia robbins robbins', '2020-04-08 18:00:00', 'ES');
INSERT INTO lessons (id, user_id, status, created_at, hours) VALUES (1374, 945, 'SCHEDULED', '2020-04-09 18:00:00', 5);
INSERT INTO users (id, name, date_joined, country_code) VALUES (946, 'claudia robbins williams', '2020-04-08 23:00:00', 'DE');
INSERT INTO lessons (id, user_id, status, created_at, hours) VALUES (1375, 946, 'CANCELED', '2020-04-10 23:00:00', 9);
INSERT INTO lessons (id, user_id, status, created_at, hours) VALUES (1376, 946, 'SCHEDULED', '2020-04-13 23:00:00', 8);
INSERT INTO users (id, name, date_joined, country_code) VALUES (947, 'claudia robbins goodsped', '2020-04-09 02:00:00', 'DE');
INSERT INTO lessons (id, user_id, status, created_at, hours) VALUES (1377, 947, 'CANCELED', '2020-04-10 02:00:00', 8);
INSERT INTO users (id, name, date_joined, country_code) VALUES (948, 'claudia robbins womack', '2020-04-09 02:00:00', 'DE');
INSERT INTO users (id, name, date_joined, country_code) VALUES (949, 'claudia robbins connery', '2020-04-09 02:00:00', 'FR');
INSERT INTO lessons (id, user_id, status, created_at, hours) VALUES (1378, 949, 'SCHEDULED', '2020-04-12 02:00:00', 2);
INSERT INTO users (id, name, date_joined, country_code) VALUES (950, 'claudia robbins bond', '2020-04-09 04:00:00', 'DK');
INSERT INTO payments (id, user_id, payment_amount, created_at) VALUES (420, 950, 30.34142285432282, '2020-04-11 04:00:00');
INSERT INTO payments (id, user_id, payment_amount, created_at) VALUES (421, 950, 97.47932278765155, '2020-04-15 04:00:00');
INSERT INTO lessons (id, user_id, status, created_at, hours) VALUES (1379, 950, 'SCHEDULED', '2020-04-10 04:00:00', 2);
INSERT INTO lessons (id, user_id, status, created_at, hours) VALUES (1380, 950, 'CONFIRMED', '2020-04-11 04:00:00', 10);
INSERT INTO users (id, name, date_joined, country_code) VALUES (951, 'claudia williams mason', '2020-04-09 04:00:00', 'UK');
INSERT INTO users (id, name, date_joined, country_code) VALUES (952, 'claudia williams brown', '2020-04-09 05:00:00', 'DK');
INSERT INTO payments (id, user_id, payment_amount, created_at) VALUES (422, 952, 47.00442566430239, '2020-04-12 05:00:00');
INSERT INTO payments (id, user_id, payment_amount, created_at) VALUES (423, 952, 94.24212971601787, '2020-04-16 05:00:00');
INSERT INTO lessons (id, user_id, status, created_at, hours) VALUES (1381, 952, 'SCHEDULED', '2020-04-12 05:00:00', 4);
INSERT INTO lessons (id, user_id, status, created_at, hours) VALUES (1382, 952, 'SCHEDULED', '2020-04-15 05:00:00', 10);
INSERT INTO users (id, name, date_joined, country_code) VALUES (953, 'claudia williams mcfly', '2020-04-09 09:00:00', 'DK');
INSERT INTO payments (id, user_id, payment_amount, created_at) VALUES (424, 953, 96.55300069279217, '2020-04-10 09:00:00');
INSERT INTO payments (id, user_id, payment_amount, created_at) VALUES (425, 953, 90.83653531982455, '2020-04-12 09:00:00');
INSERT INTO lessons (id, user_id, status, created_at, hours) VALUES (1383, 953, 'SCHEDULED', '2020-04-13 09:00:00', 3);
INSERT INTO users (id, name, date_joined, country_code) VALUES (954, 'claudia williams dufrain', '2020-04-09 12:00:00', 'ES');
INSERT INTO lessons (id, user_id, status, created_at, hours) VALUES (1384, 954, 'SCHEDULED', '2020-04-11 12:00:00', 4);
INSERT INTO lessons (id, user_id, status, created_at, hours) VALUES (1385, 954, 'CANCELED', '2020-04-12 12:00:00', 8);
INSERT INTO users (id, name, date_joined, country_code) VALUES (955, 'claudia williams robbins', '2020-04-09 13:00:00', 'DK');
INSERT INTO payments (id, user_id, payment_amount, created_at) VALUES (426, 955, 78.14775087240383, '2020-04-12 13:00:00');
INSERT INTO lessons (id, user_id, status, created_at, hours) VALUES (1386, 955, 'SCHEDULED', '2020-04-12 13:00:00', 8);
INSERT INTO lessons (id, user_id, status, created_at, hours) VALUES (1387, 955, 'CANCELED', '2020-04-16 13:00:00', 8);
INSERT INTO users (id, name, date_joined, country_code) VALUES (956, 'claudia williams williams', '2020-04-09 15:00:00', 'UK');
INSERT INTO payments (id, user_id, payment_amount, created_at) VALUES (427, 956, 75.38616962456169, '2020-04-14 15:00:00');
INSERT INTO payments (id, user_id, payment_amount, created_at) VALUES (428, 956, 95.11341223244317, '2020-04-18 15:00:00');
INSERT INTO lessons (id, user_id, status, created_at, hours) VALUES (1388, 956, 'CONFIRMED', '2020-04-11 15:00:00', 9);
INSERT INTO users (id, name, date_joined, country_code) VALUES (957, 'claudia williams goodsped', '2020-04-09 20:00:00', 'DE');
INSERT INTO lessons (id, user_id, status, created_at, hours) VALUES (1389, 957, 'CONFIRMED', '2020-04-11 20:00:00', 8);
INSERT INTO lessons (id, user_id, status, created_at, hours) VALUES (1390, 957, 'CONFIRMED', '2020-04-14 20:00:00', 10);
INSERT INTO lessons (id, user_id, status, created_at, hours) VALUES (1391, 957, 'CANCELED', '2020-04-17 20:00:00', 4);
INSERT INTO users (id, name, date_joined, country_code) VALUES (958, 'claudia williams womack', '2020-04-09 22:00:00', 'DE');
INSERT INTO users (id, name, date_joined, country_code) VALUES (959, 'claudia williams connery', '2020-04-10 02:00:00', 'ES');
INSERT INTO payments (id, user_id, payment_amount, created_at) VALUES (429, 959, 56.00241218290567, '2020-04-14 02:00:00');
INSERT INTO lessons (id, user_id, status, created_at, hours) VALUES (1392, 959, 'SCHEDULED', '2020-04-11 02:00:00', 1);
INSERT INTO users (id, name, date_joined, country_code) VALUES (960, 'claudia williams bond', '2020-04-10 04:00:00', 'ES');
INSERT INTO payments (id, user_id, payment_amount, created_at) VALUES (430, 960, 56.41931841157665, '2020-04-13 04:00:00');
INSERT INTO payments (id, user_id, payment_amount, created_at) VALUES (431, 960, 56.86266696463767, '2020-04-15 04:00:00');
INSERT INTO lessons (id, user_id, status, created_at, hours) VALUES (1393, 960, 'CONFIRMED', '2020-04-11 04:00:00', 1);
INSERT INTO users (id, name, date_joined, country_code) VALUES (961, 'claudia goodsped mason', '2020-04-10 04:00:00', 'DK');
INSERT INTO lessons (id, user_id, status, created_at, hours) VALUES (1394, 961, 'CONFIRMED', '2020-04-11 04:00:00', 2);
INSERT INTO lessons (id, user_id, status, created_at, hours) VALUES (1395, 961, 'CANCELED', '2020-04-15 04:00:00', 6);
INSERT INTO lessons (id, user_id, status, created_at, hours) VALUES (1396, 961, 'SCHEDULED', '2020-04-17 04:00:00', 3);
INSERT INTO users (id, name, date_joined, country_code) VALUES (962, 'claudia goodsped brown', '2020-04-10 05:00:00', 'ES');
INSERT INTO lessons (id, user_id, status, created_at, hours) VALUES (1397, 962, 'CONFIRMED', '2020-04-13 05:00:00', 2);
INSERT INTO users (id, name, date_joined, country_code) VALUES (963, 'claudia goodsped mcfly', '2020-04-10 06:00:00', 'UK');
INSERT INTO lessons (id, user_id, status, created_at, hours) VALUES (1398, 963, 'CANCELED', '2020-04-14 06:00:00', 7);
INSERT INTO users (id, name, date_joined, country_code) VALUES (964, 'claudia goodsped dufrain', '2020-04-10 09:00:00', 'DE');
INSERT INTO lessons (id, user_id, status, created_at, hours) VALUES (1399, 964, 'CANCELED', '2020-04-12 09:00:00', 5);
INSERT INTO lessons (id, user_id, status, created_at, hours) VALUES (1400, 964, 'SCHEDULED', '2020-04-14 09:00:00', 4);
INSERT INTO users (id, name, date_joined, country_code) VALUES (965, 'claudia goodsped robbins', '2020-04-10 12:00:00', 'ES');
INSERT INTO lessons (id, user_id, status, created_at, hours) VALUES (1401, 965, 'CONFIRMED', '2020-04-14 12:00:00', 2);
INSERT INTO users (id, name, date_joined, country_code) VALUES (966, 'claudia goodsped williams', '2020-04-10 15:00:00', 'DK');
INSERT INTO users (id, name, date_joined, country_code) VALUES (967, 'claudia goodsped goodsped', '2020-04-10 18:00:00', 'FR');
INSERT INTO payments (id, user_id, payment_amount, created_at) VALUES (432, 967, 30.78829186257278, '2020-04-12 18:00:00');
INSERT INTO lessons (id, user_id, status, created_at, hours) VALUES (1402, 967, 'CANCELED', '2020-04-13 18:00:00', 9);
INSERT INTO users (id, name, date_joined, country_code) VALUES (968, 'claudia goodsped womack', '2020-04-10 20:00:00', 'ES');
INSERT INTO lessons (id, user_id, status, created_at, hours) VALUES (1403, 968, 'CONFIRMED', '2020-04-12 20:00:00', 4);
INSERT INTO users (id, name, date_joined, country_code) VALUES (969, 'claudia goodsped connery', '2020-04-11 00:00:00', 'DK');
INSERT INTO users (id, name, date_joined, country_code) VALUES (970, 'claudia goodsped bond', '2020-04-11 05:00:00', 'ES');
INSERT INTO payments (id, user_id, payment_amount, created_at) VALUES (433, 970, 74.61068224351037, '2020-04-14 05:00:00');
INSERT INTO lessons (id, user_id, status, created_at, hours) VALUES (1404, 970, 'CANCELED', '2020-04-12 05:00:00', 1);
INSERT INTO users (id, name, date_joined, country_code) VALUES (971, 'claudia womack mason', '2020-04-11 05:00:00', 'DE');
INSERT INTO lessons (id, user_id, status, created_at, hours) VALUES (1405, 971, 'CANCELED', '2020-04-15 05:00:00', 4);
INSERT INTO users (id, name, date_joined, country_code) VALUES (972, 'claudia womack brown', '2020-04-11 05:00:00', 'UK');
INSERT INTO payments (id, user_id, payment_amount, created_at) VALUES (434, 972, 86.78118034549759, '2020-04-16 05:00:00');
INSERT INTO lessons (id, user_id, status, created_at, hours) VALUES (1406, 972, 'CANCELED', '2020-04-14 05:00:00', 9);
INSERT INTO lessons (id, user_id, status, created_at, hours) VALUES (1407, 972, 'CANCELED', '2020-04-17 05:00:00', 9);
INSERT INTO users (id, name, date_joined, country_code) VALUES (973, 'claudia womack mcfly', '2020-04-11 09:00:00', 'DE');
INSERT INTO lessons (id, user_id, status, created_at, hours) VALUES (1408, 973, 'CANCELED', '2020-04-12 09:00:00', 2);
INSERT INTO lessons (id, user_id, status, created_at, hours) VALUES (1409, 973, 'CANCELED', '2020-04-14 09:00:00', 4);
INSERT INTO users (id, name, date_joined, country_code) VALUES (974, 'claudia womack dufrain', '2020-04-11 13:00:00', 'DE');
INSERT INTO lessons (id, user_id, status, created_at, hours) VALUES (1410, 974, 'CONFIRMED', '2020-04-14 13:00:00', 7);
INSERT INTO lessons (id, user_id, status, created_at, hours) VALUES (1411, 974, 'CONFIRMED', '2020-04-16 13:00:00', 4);
INSERT INTO users (id, name, date_joined, country_code) VALUES (975, 'claudia womack robbins', '2020-04-11 16:00:00', 'DK');
INSERT INTO lessons (id, user_id, status, created_at, hours) VALUES (1412, 975, 'CANCELED', '2020-04-14 16:00:00', 6);
INSERT INTO lessons (id, user_id, status, created_at, hours) VALUES (1413, 975, 'CANCELED', '2020-04-18 16:00:00', 1);
INSERT INTO users (id, name, date_joined, country_code) VALUES (976, 'claudia womack williams', '2020-04-11 19:00:00', 'UK');
INSERT INTO lessons (id, user_id, status, created_at, hours) VALUES (1414, 976, 'CONFIRMED', '2020-04-13 19:00:00', 3);
INSERT INTO users (id, name, date_joined, country_code) VALUES (977, 'claudia womack goodsped', '2020-04-11 23:00:00', 'UK');
INSERT INTO lessons (id, user_id, status, created_at, hours) VALUES (1415, 977, 'CANCELED', '2020-04-14 23:00:00', 4);
INSERT INTO lessons (id, user_id, status, created_at, hours) VALUES (1416, 977, 'CONFIRMED', '2020-04-18 23:00:00', 4);
INSERT INTO users (id, name, date_joined, country_code) VALUES (978, 'claudia womack womack', '2020-04-12 02:00:00', 'UK');
INSERT INTO payments (id, user_id, payment_amount, created_at) VALUES (435, 978, 21.51176236575656, '2020-04-15 02:00:00');
INSERT INTO lessons (id, user_id, status, created_at, hours) VALUES (1417, 978, 'SCHEDULED', '2020-04-13 02:00:00', 10);
INSERT INTO lessons (id, user_id, status, created_at, hours) VALUES (1418, 978, 'CANCELED', '2020-04-17 02:00:00', 3);
INSERT INTO lessons (id, user_id, status, created_at, hours) VALUES (1419, 978, 'CANCELED', '2020-04-19 02:00:00', 6);
INSERT INTO users (id, name, date_joined, country_code) VALUES (979, 'claudia womack connery', '2020-04-12 06:00:00', 'UK');
INSERT INTO lessons (id, user_id, status, created_at, hours) VALUES (1420, 979, 'CONFIRMED', '2020-04-13 06:00:00', 5);
INSERT INTO users (id, name, date_joined, country_code) VALUES (980, 'claudia womack bond', '2020-04-12 10:00:00', 'UK');
INSERT INTO payments (id, user_id, payment_amount, created_at) VALUES (436, 980, 54.33052198697346, '2020-04-13 10:00:00');
INSERT INTO lessons (id, user_id, status, created_at, hours) VALUES (1421, 980, 'CANCELED', '2020-04-14 10:00:00', 3);
INSERT INTO lessons (id, user_id, status, created_at, hours) VALUES (1422, 980, 'SCHEDULED', '2020-04-18 10:00:00', 8);
INSERT INTO users (id, name, date_joined, country_code) VALUES (981, 'claudia connery mason', '2020-04-12 12:00:00', 'DK');
INSERT INTO users (id, name, date_joined, country_code) VALUES (982, 'claudia connery brown', '2020-04-12 16:00:00', 'DE');
INSERT INTO lessons (id, user_id, status, created_at, hours) VALUES (1423, 982, 'CANCELED', '2020-04-16 16:00:00', 5);
INSERT INTO lessons (id, user_id, status, created_at, hours) VALUES (1424, 982, 'CONFIRMED', '2020-04-17 16:00:00', 1);
INSERT INTO users (id, name, date_joined, country_code) VALUES (983, 'claudia connery mcfly', '2020-04-12 16:00:00', 'FR');
INSERT INTO payments (id, user_id, payment_amount, created_at) VALUES (437, 983, 83.36246494896514, '2020-04-13 16:00:00');
INSERT INTO payments (id, user_id, payment_amount, created_at) VALUES (438, 983, 83.25147656319517, '2020-04-17 16:00:00');
INSERT INTO lessons (id, user_id, status, created_at, hours) VALUES (1425, 983, 'CONFIRMED', '2020-04-13 16:00:00', 1);
INSERT INTO lessons (id, user_id, status, created_at, hours) VALUES (1426, 983, 'CONFIRMED', '2020-04-17 16:00:00', 7);
INSERT INTO lessons (id, user_id, status, created_at, hours) VALUES (1427, 983, 'CONFIRMED', '2020-04-20 16:00:00', 8);
INSERT INTO users (id, name, date_joined, country_code) VALUES (984, 'claudia connery dufrain', '2020-04-12 16:00:00', 'DK');
INSERT INTO lessons (id, user_id, status, created_at, hours) VALUES (1428, 984, 'SCHEDULED', '2020-04-14 16:00:00', 2);
INSERT INTO users (id, name, date_joined, country_code) VALUES (985, 'claudia connery robbins', '2020-04-12 17:00:00', 'UK');
INSERT INTO lessons (id, user_id, status, created_at, hours) VALUES (1429, 985, 'CONFIRMED', '2020-04-16 17:00:00', 9);
INSERT INTO lessons (id, user_id, status, created_at, hours) VALUES (1430, 985, 'SCHEDULED', '2020-04-17 17:00:00', 8);
INSERT INTO lessons (id, user_id, status, created_at, hours) VALUES (1431, 985, 'SCHEDULED', '2020-04-19 17:00:00', 4);
INSERT INTO users (id, name, date_joined, country_code) VALUES (986, 'claudia connery williams', '2020-04-12 20:00:00', 'DK');
INSERT INTO lessons (id, user_id, status, created_at, hours) VALUES (1432, 986, 'CANCELED', '2020-04-15 20:00:00', 6);
INSERT INTO lessons (id, user_id, status, created_at, hours) VALUES (1433, 986, 'CONFIRMED', '2020-04-19 20:00:00', 8);
INSERT INTO users (id, name, date_joined, country_code) VALUES (987, 'claudia connery goodsped', '2020-04-12 21:00:00', 'ES');
INSERT INTO lessons (id, user_id, status, created_at, hours) VALUES (1434, 987, 'CONFIRMED', '2020-04-13 21:00:00', 6);
INSERT INTO lessons (id, user_id, status, created_at, hours) VALUES (1435, 987, 'SCHEDULED', '2020-04-15 21:00:00', 6);
INSERT INTO users (id, name, date_joined, country_code) VALUES (988, 'claudia connery womack', '2020-04-13 00:00:00', 'UK');
INSERT INTO lessons (id, user_id, status, created_at, hours) VALUES (1436, 988, 'CANCELED', '2020-04-15 00:00:00', 9);
INSERT INTO lessons (id, user_id, status, created_at, hours) VALUES (1437, 988, 'CANCELED', '2020-04-17 00:00:00', 9);
INSERT INTO users (id, name, date_joined, country_code) VALUES (989, 'claudia connery connery', '2020-04-13 03:00:00', 'FR');
INSERT INTO lessons (id, user_id, status, created_at, hours) VALUES (1438, 989, 'CONFIRMED', '2020-04-16 03:00:00', 1);
INSERT INTO lessons (id, user_id, status, created_at, hours) VALUES (1439, 989, 'CANCELED', '2020-04-19 03:00:00', 2);
INSERT INTO users (id, name, date_joined, country_code) VALUES (990, 'claudia connery bond', '2020-04-13 08:00:00', 'DK');
INSERT INTO lessons (id, user_id, status, created_at, hours) VALUES (1440, 990, 'CANCELED', '2020-04-14 08:00:00', 4);
INSERT INTO lessons (id, user_id, status, created_at, hours) VALUES (1441, 990, 'CANCELED', '2020-04-17 08:00:00', 2);
INSERT INTO users (id, name, date_joined, country_code) VALUES (991, 'claudia bond mason', '2020-04-13 10:00:00', 'DK');
INSERT INTO lessons (id, user_id, status, created_at, hours) VALUES (1442, 991, 'CANCELED', '2020-04-15 10:00:00', 5);
INSERT INTO users (id, name, date_joined, country_code) VALUES (992, 'claudia bond brown', '2020-04-13 12:00:00', 'DK');
INSERT INTO lessons (id, user_id, status, created_at, hours) VALUES (1443, 992, 'SCHEDULED', '2020-04-15 12:00:00', 4);
INSERT INTO lessons (id, user_id, status, created_at, hours) VALUES (1444, 992, 'CONFIRMED', '2020-04-19 12:00:00', 5);
INSERT INTO lessons (id, user_id, status, created_at, hours) VALUES (1445, 992, 'SCHEDULED', '2020-04-22 12:00:00', 4);
INSERT INTO users (id, name, date_joined, country_code) VALUES (993, 'claudia bond mcfly', '2020-04-13 14:00:00', 'DE');
INSERT INTO payments (id, user_id, payment_amount, created_at) VALUES (439, 993, 61.17574672062792, '2020-04-17 14:00:00');
INSERT INTO payments (id, user_id, payment_amount, created_at) VALUES (440, 993, 81.67772358254719, '2020-04-21 14:00:00');
INSERT INTO lessons (id, user_id, status, created_at, hours) VALUES (1446, 993, 'CANCELED', '2020-04-14 14:00:00', 4);
INSERT INTO lessons (id, user_id, status, created_at, hours) VALUES (1447, 993, 'CONFIRMED', '2020-04-17 14:00:00', 7);
INSERT INTO lessons (id, user_id, status, created_at, hours) VALUES (1448, 993, 'SCHEDULED', '2020-04-18 14:00:00', 8);
INSERT INTO users (id, name, date_joined, country_code) VALUES (994, 'claudia bond dufrain', '2020-04-13 19:00:00', 'DK');
INSERT INTO lessons (id, user_id, status, created_at, hours) VALUES (1449, 994, 'SCHEDULED', '2020-04-17 19:00:00', 9);
INSERT INTO users (id, name, date_joined, country_code) VALUES (995, 'claudia bond robbins', '2020-04-14 00:00:00', 'DE');
INSERT INTO lessons (id, user_id, status, created_at, hours) VALUES (1450, 995, 'SCHEDULED', '2020-04-17 00:00:00', 1);
INSERT INTO users (id, name, date_joined, country_code) VALUES (996, 'claudia bond williams', '2020-04-14 03:00:00', 'UK');
INSERT INTO payments (id, user_id, payment_amount, created_at) VALUES (441, 996, 52.58908212854939, '2020-04-18 03:00:00');
INSERT INTO lessons (id, user_id, status, created_at, hours) VALUES (1451, 996, 'CANCELED', '2020-04-16 03:00:00', 5);
INSERT INTO users (id, name, date_joined, country_code) VALUES (997, 'claudia bond goodsped', '2020-04-14 05:00:00', 'DE');
INSERT INTO lessons (id, user_id, status, created_at, hours) VALUES (1452, 997, 'CANCELED', '2020-04-17 05:00:00', 6);
INSERT INTO users (id, name, date_joined, country_code) VALUES (998, 'claudia bond womack', '2020-04-14 08:00:00', 'ES');
INSERT INTO lessons (id, user_id, status, created_at, hours) VALUES (1453, 998, 'CANCELED', '2020-04-17 08:00:00', 4);
INSERT INTO users (id, name, date_joined, country_code) VALUES (999, 'claudia bond connery', '2020-04-14 10:00:00', 'UK');
INSERT INTO payments (id, user_id, payment_amount, created_at) VALUES (442, 999, 15.872000297038635, '2020-04-15 10:00:00');
INSERT INTO lessons (id, user_id, status, created_at, hours) VALUES (1454, 999, 'CANCELED', '2020-04-15 10:00:00', 4);
INSERT INTO lessons (id, user_id, status, created_at, hours) VALUES (1455, 999, 'CANCELED', '2020-04-17 10:00:00', 5);
INSERT INTO users (id, name, date_joined, country_code) VALUES (1000, 'claudia bond bond', '2020-04-14 10:00:00', 'ES');
INSERT INTO lessons (id, user_id, status, created_at, hours) VALUES (1456, 1000, 'SCHEDULED', '2020-04-15 10:00:00', 5);
INSERT INTO lessons (id, user_id, status, created_at, hours) VALUES (1457, 1000, 'CONFIRMED', '2020-04-18 10:00:00', 6);
INSERT INTO users (id, name, date_joined, country_code) VALUES (1001, 'svetlana mason mason', '2020-04-14 14:00:00', 'FR');
INSERT INTO payments (id, user_id, payment_amount, created_at) VALUES (443, 1001, 11.601523155496752, '2020-04-16 14:00:00');
INSERT INTO lessons (id, user_id, status, created_at, hours) VALUES (1458, 1001, 'SCHEDULED', '2020-04-15 14:00:00', 9);
INSERT INTO lessons (id, user_id, status, created_at, hours) VALUES (1459, 1001, 'CONFIRMED', '2020-04-16 14:00:00', 1);
INSERT INTO lessons (id, user_id, status, created_at, hours) VALUES (1460, 1001, 'CANCELED', '2020-04-17 14:00:00', 4);
INSERT INTO users (id, name, date_joined, country_code) VALUES (1002, 'svetlana mason brown', '2020-04-14 16:00:00', 'FR');
INSERT INTO lessons (id, user_id, status, created_at, hours) VALUES (1461, 1002, 'SCHEDULED', '2020-04-17 16:00:00', 7);
INSERT INTO lessons (id, user_id, status, created_at, hours) VALUES (1462, 1002, 'CONFIRMED', '2020-04-21 16:00:00', 2);
INSERT INTO users (id, name, date_joined, country_code) VALUES (1003, 'svetlana mason mcfly', '2020-04-14 17:00:00', 'FR');
INSERT INTO payments (id, user_id, payment_amount, created_at) VALUES (444, 1003, 22.31213219058513, '2020-04-15 17:00:00');
INSERT INTO lessons (id, user_id, status, created_at, hours) VALUES (1463, 1003, 'CONFIRMED', '2020-04-16 17:00:00', 2);
INSERT INTO users (id, name, date_joined, country_code) VALUES (1004, 'svetlana mason dufrain', '2020-04-14 20:00:00', 'DE');
INSERT INTO payments (id, user_id, payment_amount, created_at) VALUES (445, 1004, 11.186784976374053, '2020-04-16 20:00:00');
INSERT INTO lessons (id, user_id, status, created_at, hours) VALUES (1464, 1004, 'CONFIRMED', '2020-04-18 20:00:00', 3);
INSERT INTO lessons (id, user_id, status, created_at, hours) VALUES (1465, 1004, 'SCHEDULED', '2020-04-19 20:00:00', 5);
INSERT INTO users (id, name, date_joined, country_code) VALUES (1005, 'svetlana mason robbins', '2020-04-15 01:00:00', 'UK');
INSERT INTO lessons (id, user_id, status, created_at, hours) VALUES (1466, 1005, 'SCHEDULED', '2020-04-19 01:00:00', 9);
INSERT INTO users (id, name, date_joined, country_code) VALUES (1006, 'svetlana mason williams', '2020-04-15 05:00:00', 'FR');
INSERT INTO payments (id, user_id, payment_amount, created_at) VALUES (446, 1006, 57.63378270267453, '2020-04-20 05:00:00');
INSERT INTO lessons (id, user_id, status, created_at, hours) VALUES (1467, 1006, 'CANCELED', '2020-04-18 05:00:00', 3);
INSERT INTO lessons (id, user_id, status, created_at, hours) VALUES (1468, 1006, 'CANCELED', '2020-04-22 05:00:00', 3);
INSERT INTO lessons (id, user_id, status, created_at, hours) VALUES (1469, 1006, 'SCHEDULED', '2020-04-23 05:00:00', 4);
INSERT INTO users (id, name, date_joined, country_code) VALUES (1007, 'svetlana mason goodsped', '2020-04-15 06:00:00', 'UK');
INSERT INTO lessons (id, user_id, status, created_at, hours) VALUES (1470, 1007, 'CANCELED', '2020-04-18 06:00:00', 4);
INSERT INTO lessons (id, user_id, status, created_at, hours) VALUES (1471, 1007, 'SCHEDULED', '2020-04-20 06:00:00', 6);
INSERT INTO users (id, name, date_joined, country_code) VALUES (1008, 'svetlana mason womack', '2020-04-15 08:00:00', 'UK');
INSERT INTO lessons (id, user_id, status, created_at, hours) VALUES (1472, 1008, 'CANCELED', '2020-04-16 08:00:00', 7);
INSERT INTO lessons (id, user_id, status, created_at, hours) VALUES (1473, 1008, 'CANCELED', '2020-04-20 08:00:00', 10);
INSERT INTO users (id, name, date_joined, country_code) VALUES (1009, 'svetlana mason connery', '2020-04-15 13:00:00', 'DK');
INSERT INTO payments (id, user_id, payment_amount, created_at) VALUES (447, 1009, 37.753115662932245, '2020-04-16 13:00:00');
INSERT INTO lessons (id, user_id, status, created_at, hours) VALUES (1474, 1009, 'CANCELED', '2020-04-17 13:00:00', 5);
INSERT INTO users (id, name, date_joined, country_code) VALUES (1010, 'svetlana mason bond', '2020-04-15 16:00:00', 'DE');
INSERT INTO payments (id, user_id, payment_amount, created_at) VALUES (448, 1010, 8.597826410822018, '2020-04-16 16:00:00');
INSERT INTO lessons (id, user_id, status, created_at, hours) VALUES (1475, 1010, 'CONFIRMED', '2020-04-18 16:00:00', 9);
INSERT INTO lessons (id, user_id, status, created_at, hours) VALUES (1476, 1010, 'SCHEDULED', '2020-04-20 16:00:00', 6);
INSERT INTO lessons (id, user_id, status, created_at, hours) VALUES (1477, 1010, 'CONFIRMED', '2020-04-24 16:00:00', 3);
INSERT INTO users (id, name, date_joined, country_code) VALUES (1011, 'svetlana brown mason', '2020-04-15 18:00:00', 'UK');
INSERT INTO payments (id, user_id, payment_amount, created_at) VALUES (449, 1011, 70.29922851034239, '2020-04-17 18:00:00');
INSERT INTO lessons (id, user_id, status, created_at, hours) VALUES (1478, 1011, 'SCHEDULED', '2020-04-19 18:00:00', 1);
INSERT INTO lessons (id, user_id, status, created_at, hours) VALUES (1479, 1011, 'CONFIRMED', '2020-04-21 18:00:00', 3);
INSERT INTO users (id, name, date_joined, country_code) VALUES (1012, 'svetlana brown brown', '2020-04-15 19:00:00', 'FR');
INSERT INTO payments (id, user_id, payment_amount, created_at) VALUES (450, 1012, 15.92722672473833, '2020-04-19 19:00:00');
INSERT INTO lessons (id, user_id, status, created_at, hours) VALUES (1480, 1012, 'CANCELED', '2020-04-16 19:00:00', 8);
INSERT INTO users (id, name, date_joined, country_code) VALUES (1013, 'svetlana brown mcfly', '2020-04-15 22:00:00', 'UK');
INSERT INTO lessons (id, user_id, status, created_at, hours) VALUES (1481, 1013, 'SCHEDULED', '2020-04-18 22:00:00', 8);
INSERT INTO users (id, name, date_joined, country_code) VALUES (1014, 'svetlana brown dufrain', '2020-04-16 00:00:00', 'DE');
INSERT INTO lessons (id, user_id, status, created_at, hours) VALUES (1482, 1014, 'SCHEDULED', '2020-04-19 00:00:00', 1);
INSERT INTO users (id, name, date_joined, country_code) VALUES (1015, 'svetlana brown robbins', '2020-04-16 05:00:00', 'ES');
INSERT INTO lessons (id, user_id, status, created_at, hours) VALUES (1483, 1015, 'CANCELED', '2020-04-18 05:00:00', 1);
INSERT INTO lessons (id, user_id, status, created_at, hours) VALUES (1484, 1015, 'CANCELED', '2020-04-22 05:00:00', 2);
INSERT INTO lessons (id, user_id, status, created_at, hours) VALUES (1485, 1015, 'CANCELED', '2020-04-26 05:00:00', 6);
INSERT INTO users (id, name, date_joined, country_code) VALUES (1016, 'svetlana brown williams', '2020-04-16 05:00:00', 'DK');
INSERT INTO lessons (id, user_id, status, created_at, hours) VALUES (1486, 1016, 'SCHEDULED', '2020-04-20 05:00:00', 9);
INSERT INTO lessons (id, user_id, status, created_at, hours) VALUES (1487, 1016, 'CANCELED', '2020-04-21 05:00:00', 7);
INSERT INTO users (id, name, date_joined, country_code) VALUES (1017, 'svetlana brown goodsped', '2020-04-16 10:00:00', 'FR');
INSERT INTO lessons (id, user_id, status, created_at, hours) VALUES (1488, 1017, 'CANCELED', '2020-04-19 10:00:00', 4);
INSERT INTO users (id, name, date_joined, country_code) VALUES (1018, 'svetlana brown womack', '2020-04-16 11:00:00', 'ES');
INSERT INTO users (id, name, date_joined, country_code) VALUES (1019, 'svetlana brown connery', '2020-04-16 14:00:00', 'DK');
INSERT INTO users (id, name, date_joined, country_code) VALUES (1020, 'svetlana brown bond', '2020-04-16 19:00:00', 'DE');
INSERT INTO payments (id, user_id, payment_amount, created_at) VALUES (451, 1020, 80.83894851335354, '2020-04-20 19:00:00');
INSERT INTO payments (id, user_id, payment_amount, created_at) VALUES (452, 1020, 13.039857434920798, '2020-04-25 19:00:00');
INSERT INTO lessons (id, user_id, status, created_at, hours) VALUES (1489, 1020, 'SCHEDULED', '2020-04-18 19:00:00', 4);
INSERT INTO users (id, name, date_joined, country_code) VALUES (1021, 'svetlana mcfly mason', '2020-04-16 22:00:00', 'ES');
INSERT INTO payments (id, user_id, payment_amount, created_at) VALUES (453, 1021, 29.862675936952765, '2020-04-21 22:00:00');
INSERT INTO lessons (id, user_id, status, created_at, hours) VALUES (1490, 1021, 'CONFIRMED', '2020-04-18 22:00:00', 3);
INSERT INTO lessons (id, user_id, status, created_at, hours) VALUES (1491, 1021, 'CANCELED', '2020-04-21 22:00:00', 10);
INSERT INTO users (id, name, date_joined, country_code) VALUES (1022, 'svetlana mcfly brown', '2020-04-17 00:00:00', 'DE');
INSERT INTO lessons (id, user_id, status, created_at, hours) VALUES (1492, 1022, 'CANCELED', '2020-04-20 00:00:00', 2);
INSERT INTO users (id, name, date_joined, country_code) VALUES (1023, 'svetlana mcfly mcfly', '2020-04-17 02:00:00', 'ES');
INSERT INTO users (id, name, date_joined, country_code) VALUES (1024, 'svetlana mcfly dufrain', '2020-04-17 04:00:00', 'DK');
INSERT INTO lessons (id, user_id, status, created_at, hours) VALUES (1493, 1024, 'CANCELED', '2020-04-19 04:00:00', 5);
INSERT INTO lessons (id, user_id, status, created_at, hours) VALUES (1494, 1024, 'CANCELED', '2020-04-23 04:00:00', 3);
INSERT INTO users (id, name, date_joined, country_code) VALUES (1025, 'svetlana mcfly robbins', '2020-04-17 06:00:00', 'ES');
INSERT INTO lessons (id, user_id, status, created_at, hours) VALUES (1495, 1025, 'CANCELED', '2020-04-21 06:00:00', 9);
INSERT INTO lessons (id, user_id, status, created_at, hours) VALUES (1496, 1025, 'CONFIRMED', '2020-04-24 06:00:00', 2);
INSERT INTO users (id, name, date_joined, country_code) VALUES (1026, 'svetlana mcfly williams', '2020-04-17 08:00:00', 'FR');
INSERT INTO payments (id, user_id, payment_amount, created_at) VALUES (454, 1026, 23.677656749555766, '2020-04-20 08:00:00');
INSERT INTO payments (id, user_id, payment_amount, created_at) VALUES (455, 1026, 38.91262652157111, '2020-04-24 08:00:00');
INSERT INTO lessons (id, user_id, status, created_at, hours) VALUES (1497, 1026, 'CONFIRMED', '2020-04-18 08:00:00', 4);
INSERT INTO lessons (id, user_id, status, created_at, hours) VALUES (1498, 1026, 'CANCELED', '2020-04-21 08:00:00', 9);
INSERT INTO users (id, name, date_joined, country_code) VALUES (1027, 'svetlana mcfly goodsped', '2020-04-17 09:00:00', 'DK');
INSERT INTO lessons (id, user_id, status, created_at, hours) VALUES (1499, 1027, 'SCHEDULED', '2020-04-18 09:00:00', 7);
INSERT INTO users (id, name, date_joined, country_code) VALUES (1028, 'svetlana mcfly womack', '2020-04-17 13:00:00', 'DE');
INSERT INTO payments (id, user_id, payment_amount, created_at) VALUES (456, 1028, 58.319851178389605, '2020-04-20 13:00:00');
INSERT INTO users (id, name, date_joined, country_code) VALUES (1029, 'svetlana mcfly connery', '2020-04-17 13:00:00', 'UK');
INSERT INTO users (id, name, date_joined, country_code) VALUES (1030, 'svetlana mcfly bond', '2020-04-17 17:00:00', 'UK');
INSERT INTO lessons (id, user_id, status, created_at, hours) VALUES (1500, 1030, 'SCHEDULED', '2020-04-20 17:00:00', 1);
INSERT INTO lessons (id, user_id, status, created_at, hours) VALUES (1501, 1030, 'CANCELED', '2020-04-22 17:00:00', 2);
INSERT INTO lessons (id, user_id, status, created_at, hours) VALUES (1502, 1030, 'SCHEDULED', '2020-04-24 17:00:00', 2);
INSERT INTO users (id, name, date_joined, country_code) VALUES (1031, 'svetlana dufrain mason', '2020-04-17 21:00:00', 'FR');
INSERT INTO payments (id, user_id, payment_amount, created_at) VALUES (457, 1031, 32.69654861936788, '2020-04-22 21:00:00');
INSERT INTO payments (id, user_id, payment_amount, created_at) VALUES (458, 1031, 71.67292548834543, '2020-04-23 21:00:00');
INSERT INTO lessons (id, user_id, status, created_at, hours) VALUES (1503, 1031, 'CANCELED', '2020-04-20 21:00:00', 9);
INSERT INTO lessons (id, user_id, status, created_at, hours) VALUES (1504, 1031, 'CANCELED', '2020-04-23 21:00:00', 3);
INSERT INTO users (id, name, date_joined, country_code) VALUES (1032, 'svetlana dufrain brown', '2020-04-18 02:00:00', 'UK');
INSERT INTO lessons (id, user_id, status, created_at, hours) VALUES (1505, 1032, 'CANCELED', '2020-04-19 02:00:00', 7);
INSERT INTO users (id, name, date_joined, country_code) VALUES (1033, 'svetlana dufrain mcfly', '2020-04-18 02:00:00', 'ES');
INSERT INTO payments (id, user_id, payment_amount, created_at) VALUES (459, 1033, 9.260593209611756, '2020-04-19 02:00:00');
INSERT INTO payments (id, user_id, payment_amount, created_at) VALUES (460, 1033, 92.95318714494394, '2020-04-22 02:00:00');
INSERT INTO lessons (id, user_id, status, created_at, hours) VALUES (1506, 1033, 'CANCELED', '2020-04-21 02:00:00', 5);
INSERT INTO users (id, name, date_joined, country_code) VALUES (1034, 'svetlana dufrain dufrain', '2020-04-18 06:00:00', 'UK');
INSERT INTO payments (id, user_id, payment_amount, created_at) VALUES (461, 1034, 64.9387899048844, '2020-04-19 06:00:00');
INSERT INTO lessons (id, user_id, status, created_at, hours) VALUES (1507, 1034, 'CONFIRMED', '2020-04-21 06:00:00', 6);
INSERT INTO lessons (id, user_id, status, created_at, hours) VALUES (1508, 1034, 'CANCELED', '2020-04-25 06:00:00', 8);
INSERT INTO lessons (id, user_id, status, created_at, hours) VALUES (1509, 1034, 'SCHEDULED', '2020-04-29 06:00:00', 9);
INSERT INTO users (id, name, date_joined, country_code) VALUES (1035, 'svetlana dufrain robbins', '2020-04-18 08:00:00', 'DK');
INSERT INTO lessons (id, user_id, status, created_at, hours) VALUES (1510, 1035, 'CONFIRMED', '2020-04-20 08:00:00', 5);
INSERT INTO lessons (id, user_id, status, created_at, hours) VALUES (1511, 1035, 'CONFIRMED', '2020-04-22 08:00:00', 2);
INSERT INTO users (id, name, date_joined, country_code) VALUES (1036, 'svetlana dufrain williams', '2020-04-18 08:00:00', 'FR');
INSERT INTO lessons (id, user_id, status, created_at, hours) VALUES (1512, 1036, 'SCHEDULED', '2020-04-22 08:00:00', 5);
INSERT INTO lessons (id, user_id, status, created_at, hours) VALUES (1513, 1036, 'CONFIRMED', '2020-04-26 08:00:00', 3);
INSERT INTO lessons (id, user_id, status, created_at, hours) VALUES (1514, 1036, 'CANCELED', '2020-04-30 08:00:00', 10);
INSERT INTO users (id, name, date_joined, country_code) VALUES (1037, 'svetlana dufrain goodsped', '2020-04-18 10:00:00', 'FR');
INSERT INTO payments (id, user_id, payment_amount, created_at) VALUES (462, 1037, 84.8292762358308, '2020-04-23 10:00:00');
INSERT INTO lessons (id, user_id, status, created_at, hours) VALUES (1515, 1037, 'CANCELED', '2020-04-19 10:00:00', 9);
INSERT INTO lessons (id, user_id, status, created_at, hours) VALUES (1516, 1037, 'CONFIRMED', '2020-04-20 10:00:00', 8);
INSERT INTO lessons (id, user_id, status, created_at, hours) VALUES (1517, 1037, 'CONFIRMED', '2020-04-24 10:00:00', 3);
INSERT INTO users (id, name, date_joined, country_code) VALUES (1038, 'svetlana dufrain womack', '2020-04-18 11:00:00', 'UK');
INSERT INTO lessons (id, user_id, status, created_at, hours) VALUES (1518, 1038, 'CONFIRMED', '2020-04-22 11:00:00', 3);
INSERT INTO users (id, name, date_joined, country_code) VALUES (1039, 'svetlana dufrain connery', '2020-04-18 16:00:00', 'DE');
INSERT INTO payments (id, user_id, payment_amount, created_at) VALUES (463, 1039, 56.911604923280514, '2020-04-21 16:00:00');
INSERT INTO payments (id, user_id, payment_amount, created_at) VALUES (464, 1039, 57.16848421231007, '2020-04-22 16:00:00');
INSERT INTO lessons (id, user_id, status, created_at, hours) VALUES (1519, 1039, 'SCHEDULED', '2020-04-20 16:00:00', 3);
INSERT INTO lessons (id, user_id, status, created_at, hours) VALUES (1520, 1039, 'CONFIRMED', '2020-04-22 16:00:00', 7);
INSERT INTO users (id, name, date_joined, country_code) VALUES (1040, 'svetlana dufrain bond', '2020-04-18 16:00:00', 'UK');
INSERT INTO lessons (id, user_id, status, created_at, hours) VALUES (1521, 1040, 'SCHEDULED', '2020-04-22 16:00:00', 4);
INSERT INTO lessons (id, user_id, status, created_at, hours) VALUES (1522, 1040, 'CANCELED', '2020-04-24 16:00:00', 7);
INSERT INTO users (id, name, date_joined, country_code) VALUES (1041, 'svetlana robbins mason', '2020-04-18 17:00:00', 'ES');
INSERT INTO lessons (id, user_id, status, created_at, hours) VALUES (1523, 1041, 'SCHEDULED', '2020-04-19 17:00:00', 3);
INSERT INTO lessons (id, user_id, status, created_at, hours) VALUES (1524, 1041, 'CONFIRMED', '2020-04-21 17:00:00', 8);
INSERT INTO lessons (id, user_id, status, created_at, hours) VALUES (1525, 1041, 'SCHEDULED', '2020-04-23 17:00:00', 8);
INSERT INTO users (id, name, date_joined, country_code) VALUES (1042, 'svetlana robbins brown', '2020-04-18 18:00:00', 'FR');
INSERT INTO users (id, name, date_joined, country_code) VALUES (1043, 'svetlana robbins mcfly', '2020-04-18 21:00:00', 'DK');
INSERT INTO lessons (id, user_id, status, created_at, hours) VALUES (1526, 1043, 'CONFIRMED', '2020-04-22 21:00:00', 3);
INSERT INTO lessons (id, user_id, status, created_at, hours) VALUES (1527, 1043, 'CANCELED', '2020-04-24 21:00:00', 3);
INSERT INTO users (id, name, date_joined, country_code) VALUES (1044, 'svetlana robbins dufrain', '2020-04-19 01:00:00', 'DE');
INSERT INTO lessons (id, user_id, status, created_at, hours) VALUES (1528, 1044, 'SCHEDULED', '2020-04-23 01:00:00', 10);
INSERT INTO users (id, name, date_joined, country_code) VALUES (1045, 'svetlana robbins robbins', '2020-04-19 01:00:00', 'DE');
INSERT INTO payments (id, user_id, payment_amount, created_at) VALUES (465, 1045, 60.36290117457995, '2020-04-22 01:00:00');
INSERT INTO users (id, name, date_joined, country_code) VALUES (1046, 'svetlana robbins williams', '2020-04-19 03:00:00', 'DE');
INSERT INTO lessons (id, user_id, status, created_at, hours) VALUES (1529, 1046, 'SCHEDULED', '2020-04-20 03:00:00', 4);
INSERT INTO lessons (id, user_id, status, created_at, hours) VALUES (1530, 1046, 'CANCELED', '2020-04-22 03:00:00', 5);
INSERT INTO users (id, name, date_joined, country_code) VALUES (1047, 'svetlana robbins goodsped', '2020-04-19 07:00:00', 'FR');
INSERT INTO payments (id, user_id, payment_amount, created_at) VALUES (466, 1047, 94.63070048303335, '2020-04-21 07:00:00');
INSERT INTO lessons (id, user_id, status, created_at, hours) VALUES (1531, 1047, 'CONFIRMED', '2020-04-22 07:00:00', 1);
INSERT INTO users (id, name, date_joined, country_code) VALUES (1048, 'svetlana robbins womack', '2020-04-19 08:00:00', 'UK');
INSERT INTO payments (id, user_id, payment_amount, created_at) VALUES (467, 1048, 8.338995538467985, '2020-04-22 08:00:00');
INSERT INTO payments (id, user_id, payment_amount, created_at) VALUES (468, 1048, 78.76482615517622, '2020-04-24 08:00:00');
INSERT INTO lessons (id, user_id, status, created_at, hours) VALUES (1532, 1048, 'SCHEDULED', '2020-04-22 08:00:00', 9);
INSERT INTO lessons (id, user_id, status, created_at, hours) VALUES (1533, 1048, 'CANCELED', '2020-04-26 08:00:00', 8);
INSERT INTO users (id, name, date_joined, country_code) VALUES (1049, 'svetlana robbins connery', '2020-04-19 10:00:00', 'DE');
INSERT INTO payments (id, user_id, payment_amount, created_at) VALUES (469, 1049, 45.77051603472723, '2020-04-21 10:00:00');
INSERT INTO lessons (id, user_id, status, created_at, hours) VALUES (1534, 1049, 'SCHEDULED', '2020-04-22 10:00:00', 7);
INSERT INTO lessons (id, user_id, status, created_at, hours) VALUES (1535, 1049, 'CONFIRMED', '2020-04-26 10:00:00', 1);
INSERT INTO users (id, name, date_joined, country_code) VALUES (1050, 'svetlana robbins bond', '2020-04-19 11:00:00', 'ES');
INSERT INTO payments (id, user_id, payment_amount, created_at) VALUES (470, 1050, 75.81209384321308, '2020-04-21 11:00:00');
INSERT INTO lessons (id, user_id, status, created_at, hours) VALUES (1536, 1050, 'CONFIRMED', '2020-04-21 11:00:00', 9);
INSERT INTO lessons (id, user_id, status, created_at, hours) VALUES (1537, 1050, 'SCHEDULED', '2020-04-24 11:00:00', 1);
INSERT INTO lessons (id, user_id, status, created_at, hours) VALUES (1538, 1050, 'CANCELED', '2020-04-28 11:00:00', 10);
INSERT INTO users (id, name, date_joined, country_code) VALUES (1051, 'svetlana williams mason', '2020-04-19 14:00:00', 'FR');
INSERT INTO payments (id, user_id, payment_amount, created_at) VALUES (471, 1051, 84.27701331484205, '2020-04-21 14:00:00');
INSERT INTO lessons (id, user_id, status, created_at, hours) VALUES (1539, 1051, 'SCHEDULED', '2020-04-23 14:00:00', 1);
INSERT INTO users (id, name, date_joined, country_code) VALUES (1052, 'svetlana williams brown', '2020-04-19 14:00:00', 'ES');
INSERT INTO lessons (id, user_id, status, created_at, hours) VALUES (1540, 1052, 'CANCELED', '2020-04-23 14:00:00', 9);
INSERT INTO lessons (id, user_id, status, created_at, hours) VALUES (1541, 1052, 'SCHEDULED', '2020-04-26 14:00:00', 7);
INSERT INTO users (id, name, date_joined, country_code) VALUES (1053, 'svetlana williams mcfly', '2020-04-19 17:00:00', 'UK');
INSERT INTO users (id, name, date_joined, country_code) VALUES (1054, 'svetlana williams dufrain', '2020-04-19 20:00:00', 'DK');
INSERT INTO lessons (id, user_id, status, created_at, hours) VALUES (1542, 1054, 'CONFIRMED', '2020-04-22 20:00:00', 9);
INSERT INTO users (id, name, date_joined, country_code) VALUES (1055, 'svetlana williams robbins', '2020-04-19 23:00:00', 'DE');
INSERT INTO lessons (id, user_id, status, created_at, hours) VALUES (1543, 1055, 'SCHEDULED', '2020-04-20 23:00:00', 9);
INSERT INTO users (id, name, date_joined, country_code) VALUES (1056, 'svetlana williams williams', '2020-04-20 02:00:00', 'DK');
INSERT INTO lessons (id, user_id, status, created_at, hours) VALUES (1544, 1056, 'SCHEDULED', '2020-04-22 02:00:00', 4);
INSERT INTO lessons (id, user_id, status, created_at, hours) VALUES (1545, 1056, 'SCHEDULED', '2020-04-24 02:00:00', 10);
INSERT INTO users (id, name, date_joined, country_code) VALUES (1057, 'svetlana williams goodsped', '2020-04-20 03:00:00', 'DE');
INSERT INTO users (id, name, date_joined, country_code) VALUES (1058, 'svetlana williams womack', '2020-04-20 06:00:00', 'ES');
INSERT INTO lessons (id, user_id, status, created_at, hours) VALUES (1546, 1058, 'CONFIRMED', '2020-04-24 06:00:00', 1);
INSERT INTO lessons (id, user_id, status, created_at, hours) VALUES (1547, 1058, 'SCHEDULED', '2020-04-28 06:00:00', 4);
INSERT INTO users (id, name, date_joined, country_code) VALUES (1059, 'svetlana williams connery', '2020-04-20 08:00:00', 'DK');
INSERT INTO lessons (id, user_id, status, created_at, hours) VALUES (1548, 1059, 'CONFIRMED', '2020-04-23 08:00:00', 7);
INSERT INTO users (id, name, date_joined, country_code) VALUES (1060, 'svetlana williams bond', '2020-04-20 10:00:00', 'FR');
INSERT INTO lessons (id, user_id, status, created_at, hours) VALUES (1549, 1060, 'SCHEDULED', '2020-04-22 10:00:00', 3);
INSERT INTO users (id, name, date_joined, country_code) VALUES (1061, 'svetlana goodsped mason', '2020-04-20 13:00:00', 'ES');
INSERT INTO lessons (id, user_id, status, created_at, hours) VALUES (1550, 1061, 'CONFIRMED', '2020-04-21 13:00:00', 2);
INSERT INTO users (id, name, date_joined, country_code) VALUES (1062, 'svetlana goodsped brown', '2020-04-20 13:00:00', 'DE');
INSERT INTO lessons (id, user_id, status, created_at, hours) VALUES (1551, 1062, 'CANCELED', '2020-04-21 13:00:00', 8);
INSERT INTO lessons (id, user_id, status, created_at, hours) VALUES (1552, 1062, 'CANCELED', '2020-04-25 13:00:00', 3);
INSERT INTO users (id, name, date_joined, country_code) VALUES (1063, 'svetlana goodsped mcfly', '2020-04-20 17:00:00', 'UK');
INSERT INTO lessons (id, user_id, status, created_at, hours) VALUES (1553, 1063, 'CONFIRMED', '2020-04-22 17:00:00', 6);
INSERT INTO lessons (id, user_id, status, created_at, hours) VALUES (1554, 1063, 'SCHEDULED', '2020-04-25 17:00:00', 5);
INSERT INTO lessons (id, user_id, status, created_at, hours) VALUES (1555, 1063, 'SCHEDULED', '2020-04-27 17:00:00', 4);
INSERT INTO users (id, name, date_joined, country_code) VALUES (1064, 'svetlana goodsped dufrain', '2020-04-20 20:00:00', 'DK');
INSERT INTO lessons (id, user_id, status, created_at, hours) VALUES (1556, 1064, 'CONFIRMED', '2020-04-24 20:00:00', 8);
INSERT INTO lessons (id, user_id, status, created_at, hours) VALUES (1557, 1064, 'SCHEDULED', '2020-04-25 20:00:00', 1);
INSERT INTO users (id, name, date_joined, country_code) VALUES (1065, 'svetlana goodsped robbins', '2020-04-20 23:00:00', 'ES');
INSERT INTO lessons (id, user_id, status, created_at, hours) VALUES (1558, 1065, 'CANCELED', '2020-04-24 23:00:00', 5);
INSERT INTO users (id, name, date_joined, country_code) VALUES (1066, 'svetlana goodsped williams', '2020-04-21 00:00:00', 'FR');
INSERT INTO lessons (id, user_id, status, created_at, hours) VALUES (1559, 1066, 'CONFIRMED', '2020-04-22 00:00:00', 1);
INSERT INTO lessons (id, user_id, status, created_at, hours) VALUES (1560, 1066, 'CONFIRMED', '2020-04-26 00:00:00', 4);
INSERT INTO lessons (id, user_id, status, created_at, hours) VALUES (1561, 1066, 'SCHEDULED', '2020-04-28 00:00:00', 5);
INSERT INTO users (id, name, date_joined, country_code) VALUES (1067, 'svetlana goodsped goodsped', '2020-04-21 02:00:00', 'DE');
INSERT INTO payments (id, user_id, payment_amount, created_at) VALUES (472, 1067, 81.39451622847285, '2020-04-24 02:00:00');
INSERT INTO payments (id, user_id, payment_amount, created_at) VALUES (473, 1067, 85.79403327800672, '2020-04-26 02:00:00');
INSERT INTO lessons (id, user_id, status, created_at, hours) VALUES (1562, 1067, 'SCHEDULED', '2020-04-24 02:00:00', 6);
INSERT INTO lessons (id, user_id, status, created_at, hours) VALUES (1563, 1067, 'CONFIRMED', '2020-04-26 02:00:00', 7);
INSERT INTO users (id, name, date_joined, country_code) VALUES (1068, 'svetlana goodsped womack', '2020-04-21 02:00:00', 'DE');
INSERT INTO payments (id, user_id, payment_amount, created_at) VALUES (474, 1068, 5.186860887701716, '2020-04-22 02:00:00');
INSERT INTO users (id, name, date_joined, country_code) VALUES (1069, 'svetlana goodsped connery', '2020-04-21 03:00:00', 'DE');
INSERT INTO lessons (id, user_id, status, created_at, hours) VALUES (1564, 1069, 'SCHEDULED', '2020-04-22 03:00:00', 9);
INSERT INTO lessons (id, user_id, status, created_at, hours) VALUES (1565, 1069, 'CANCELED', '2020-04-23 03:00:00', 7);
INSERT INTO lessons (id, user_id, status, created_at, hours) VALUES (1566, 1069, 'CONFIRMED', '2020-04-25 03:00:00', 6);
INSERT INTO users (id, name, date_joined, country_code) VALUES (1070, 'svetlana goodsped bond', '2020-04-21 06:00:00', 'ES');
INSERT INTO payments (id, user_id, payment_amount, created_at) VALUES (475, 1070, 55.8107464551199, '2020-04-25 06:00:00');
INSERT INTO users (id, name, date_joined, country_code) VALUES (1071, 'svetlana womack mason', '2020-04-21 07:00:00', 'UK');
INSERT INTO lessons (id, user_id, status, created_at, hours) VALUES (1567, 1071, 'SCHEDULED', '2020-04-23 07:00:00', 5);
INSERT INTO lessons (id, user_id, status, created_at, hours) VALUES (1568, 1071, 'SCHEDULED', '2020-04-25 07:00:00', 2);
INSERT INTO lessons (id, user_id, status, created_at, hours) VALUES (1569, 1071, 'SCHEDULED', '2020-04-29 07:00:00', 5);
INSERT INTO users (id, name, date_joined, country_code) VALUES (1072, 'svetlana womack brown', '2020-04-21 07:00:00', 'ES');
INSERT INTO payments (id, user_id, payment_amount, created_at) VALUES (476, 1072, 55.705207093779244, '2020-04-23 07:00:00');
INSERT INTO payments (id, user_id, payment_amount, created_at) VALUES (477, 1072, 56.73226241125422, '2020-04-28 07:00:00');
INSERT INTO users (id, name, date_joined, country_code) VALUES (1073, 'svetlana womack mcfly', '2020-04-21 07:00:00', 'DK');
INSERT INTO lessons (id, user_id, status, created_at, hours) VALUES (1570, 1073, 'CONFIRMED', '2020-04-23 07:00:00', 7);
INSERT INTO users (id, name, date_joined, country_code) VALUES (1074, 'svetlana womack dufrain', '2020-04-21 12:00:00', 'DE');
INSERT INTO lessons (id, user_id, status, created_at, hours) VALUES (1571, 1074, 'CANCELED', '2020-04-22 12:00:00', 2);
INSERT INTO users (id, name, date_joined, country_code) VALUES (1075, 'svetlana womack robbins', '2020-04-21 12:00:00', 'ES');
INSERT INTO lessons (id, user_id, status, created_at, hours) VALUES (1572, 1075, 'CONFIRMED', '2020-04-25 12:00:00', 1);
INSERT INTO lessons (id, user_id, status, created_at, hours) VALUES (1573, 1075, 'CONFIRMED', '2020-04-26 12:00:00', 7);
INSERT INTO users (id, name, date_joined, country_code) VALUES (1076, 'svetlana womack williams', '2020-04-21 12:00:00', 'ES');
INSERT INTO payments (id, user_id, payment_amount, created_at) VALUES (478, 1076, 74.34409303301005, '2020-04-22 12:00:00');
INSERT INTO lessons (id, user_id, status, created_at, hours) VALUES (1574, 1076, 'SCHEDULED', '2020-04-24 12:00:00', 5);
INSERT INTO lessons (id, user_id, status, created_at, hours) VALUES (1575, 1076, 'CONFIRMED', '2020-04-26 12:00:00', 5);
INSERT INTO lessons (id, user_id, status, created_at, hours) VALUES (1576, 1076, 'SCHEDULED', '2020-04-29 12:00:00', 6);
INSERT INTO users (id, name, date_joined, country_code) VALUES (1077, 'svetlana womack goodsped', '2020-04-21 12:00:00', 'ES');
INSERT INTO lessons (id, user_id, status, created_at, hours) VALUES (1577, 1077, 'CONFIRMED', '2020-04-24 12:00:00', 8);
INSERT INTO lessons (id, user_id, status, created_at, hours) VALUES (1578, 1077, 'CONFIRMED', '2020-04-28 12:00:00', 2);
INSERT INTO users (id, name, date_joined, country_code) VALUES (1078, 'svetlana womack womack', '2020-04-21 16:00:00', 'ES');
INSERT INTO lessons (id, user_id, status, created_at, hours) VALUES (1579, 1078, 'CANCELED', '2020-04-24 16:00:00', 9);
INSERT INTO lessons (id, user_id, status, created_at, hours) VALUES (1580, 1078, 'CONFIRMED', '2020-04-28 16:00:00', 8);
INSERT INTO users (id, name, date_joined, country_code) VALUES (1079, 'svetlana womack connery', '2020-04-21 17:00:00', 'ES');
INSERT INTO lessons (id, user_id, status, created_at, hours) VALUES (1581, 1079, 'CANCELED', '2020-04-24 17:00:00', 2);
INSERT INTO users (id, name, date_joined, country_code) VALUES (1080, 'svetlana womack bond', '2020-04-21 18:00:00', 'UK');
INSERT INTO payments (id, user_id, payment_amount, created_at) VALUES (479, 1080, 98.2242741594201, '2020-04-24 18:00:00');
INSERT INTO payments (id, user_id, payment_amount, created_at) VALUES (480, 1080, 13.588086224623053, '2020-04-29 18:00:00');
INSERT INTO lessons (id, user_id, status, created_at, hours) VALUES (1582, 1080, 'CONFIRMED', '2020-04-22 18:00:00', 5);
INSERT INTO users (id, name, date_joined, country_code) VALUES (1081, 'svetlana connery mason', '2020-04-21 19:00:00', 'FR');
INSERT INTO payments (id, user_id, payment_amount, created_at) VALUES (481, 1081, 64.13822846173531, '2020-04-25 19:00:00');
INSERT INTO payments (id, user_id, payment_amount, created_at) VALUES (482, 1081, 99.60804764936981, '2020-04-29 19:00:00');
INSERT INTO lessons (id, user_id, status, created_at, hours) VALUES (1583, 1081, 'CANCELED', '2020-04-23 19:00:00', 8);
INSERT INTO lessons (id, user_id, status, created_at, hours) VALUES (1584, 1081, 'CONFIRMED', '2020-04-25 19:00:00', 3);
INSERT INTO users (id, name, date_joined, country_code) VALUES (1082, 'svetlana connery brown', '2020-04-21 22:00:00', 'FR');
INSERT INTO lessons (id, user_id, status, created_at, hours) VALUES (1585, 1082, 'CONFIRMED', '2020-04-22 22:00:00', 9);
INSERT INTO lessons (id, user_id, status, created_at, hours) VALUES (1586, 1082, 'SCHEDULED', '2020-04-23 22:00:00', 3);
INSERT INTO users (id, name, date_joined, country_code) VALUES (1083, 'svetlana connery mcfly', '2020-04-22 02:00:00', 'DE');
INSERT INTO lessons (id, user_id, status, created_at, hours) VALUES (1587, 1083, 'CANCELED', '2020-04-24 02:00:00', 10);
INSERT INTO lessons (id, user_id, status, created_at, hours) VALUES (1588, 1083, 'CONFIRMED', '2020-04-27 02:00:00', 4);
INSERT INTO lessons (id, user_id, status, created_at, hours) VALUES (1589, 1083, 'SCHEDULED', '2020-04-30 02:00:00', 4);
INSERT INTO users (id, name, date_joined, country_code) VALUES (1084, 'svetlana connery dufrain', '2020-04-22 06:00:00', 'ES');
INSERT INTO lessons (id, user_id, status, created_at, hours) VALUES (1590, 1084, 'CANCELED', '2020-04-25 06:00:00', 5);
INSERT INTO users (id, name, date_joined, country_code) VALUES (1085, 'svetlana connery robbins', '2020-04-22 07:00:00', 'ES');
INSERT INTO payments (id, user_id, payment_amount, created_at) VALUES (483, 1085, 73.09065059609135, '2020-04-24 07:00:00');
INSERT INTO lessons (id, user_id, status, created_at, hours) VALUES (1591, 1085, 'SCHEDULED', '2020-04-24 07:00:00', 1);
INSERT INTO lessons (id, user_id, status, created_at, hours) VALUES (1592, 1085, 'CANCELED', '2020-04-27 07:00:00', 4);
INSERT INTO users (id, name, date_joined, country_code) VALUES (1086, 'svetlana connery williams', '2020-04-22 12:00:00', 'UK');
INSERT INTO payments (id, user_id, payment_amount, created_at) VALUES (484, 1086, 70.85626114740955, '2020-04-25 12:00:00');
INSERT INTO users (id, name, date_joined, country_code) VALUES (1087, 'svetlana connery goodsped', '2020-04-22 13:00:00', 'DE');
INSERT INTO lessons (id, user_id, status, created_at, hours) VALUES (1593, 1087, 'CONFIRMED', '2020-04-24 13:00:00', 7);
INSERT INTO users (id, name, date_joined, country_code) VALUES (1088, 'svetlana connery womack', '2020-04-22 18:00:00', 'DK');
INSERT INTO lessons (id, user_id, status, created_at, hours) VALUES (1594, 1088, 'CANCELED', '2020-04-24 18:00:00', 10);
INSERT INTO lessons (id, user_id, status, created_at, hours) VALUES (1595, 1088, 'CANCELED', '2020-04-25 18:00:00', 7);
INSERT INTO lessons (id, user_id, status, created_at, hours) VALUES (1596, 1088, 'SCHEDULED', '2020-04-27 18:00:00', 4);
INSERT INTO users (id, name, date_joined, country_code) VALUES (1089, 'svetlana connery connery', '2020-04-22 21:00:00', 'UK');
INSERT INTO lessons (id, user_id, status, created_at, hours) VALUES (1597, 1089, 'CONFIRMED', '2020-04-26 21:00:00', 10);
INSERT INTO users (id, name, date_joined, country_code) VALUES (1090, 'svetlana connery bond', '2020-04-23 01:00:00', 'ES');
INSERT INTO payments (id, user_id, payment_amount, created_at) VALUES (485, 1090, 72.31947993047761, '2020-04-25 01:00:00');
INSERT INTO lessons (id, user_id, status, created_at, hours) VALUES (1598, 1090, 'SCHEDULED', '2020-04-24 01:00:00', 8);
INSERT INTO lessons (id, user_id, status, created_at, hours) VALUES (1599, 1090, 'SCHEDULED', '2020-04-28 01:00:00', 9);
INSERT INTO users (id, name, date_joined, country_code) VALUES (1091, 'svetlana bond mason', '2020-04-23 06:00:00', 'UK');
INSERT INTO lessons (id, user_id, status, created_at, hours) VALUES (1600, 1091, 'CONFIRMED', '2020-04-24 06:00:00', 5);
INSERT INTO users (id, name, date_joined, country_code) VALUES (1092, 'svetlana bond brown', '2020-04-23 10:00:00', 'UK');
INSERT INTO payments (id, user_id, payment_amount, created_at) VALUES (486, 1092, 43.33087886451656, '2020-04-24 10:00:00');
INSERT INTO lessons (id, user_id, status, created_at, hours) VALUES (1601, 1092, 'CONFIRMED', '2020-04-25 10:00:00', 1);
INSERT INTO users (id, name, date_joined, country_code) VALUES (1093, 'svetlana bond mcfly', '2020-04-23 15:00:00', 'DK');
INSERT INTO users (id, name, date_joined, country_code) VALUES (1094, 'svetlana bond dufrain', '2020-04-23 18:00:00', 'FR');
INSERT INTO lessons (id, user_id, status, created_at, hours) VALUES (1602, 1094, 'SCHEDULED', '2020-04-27 18:00:00', 6);
INSERT INTO lessons (id, user_id, status, created_at, hours) VALUES (1603, 1094, 'SCHEDULED', '2020-04-29 18:00:00', 7);
INSERT INTO lessons (id, user_id, status, created_at, hours) VALUES (1604, 1094, 'SCHEDULED', '2020-05-03 18:00:00', 9);
INSERT INTO users (id, name, date_joined, country_code) VALUES (1095, 'svetlana bond robbins', '2020-04-23 23:00:00', 'DE');
INSERT INTO payments (id, user_id, payment_amount, created_at) VALUES (487, 1095, 55.50408762941138, '2020-04-24 23:00:00');
INSERT INTO lessons (id, user_id, status, created_at, hours) VALUES (1605, 1095, 'CANCELED', '2020-04-27 23:00:00', 5);
INSERT INTO users (id, name, date_joined, country_code) VALUES (1096, 'svetlana bond williams', '2020-04-24 01:00:00', 'ES');
INSERT INTO lessons (id, user_id, status, created_at, hours) VALUES (1606, 1096, 'SCHEDULED', '2020-04-25 01:00:00', 8);
INSERT INTO users (id, name, date_joined, country_code) VALUES (1097, 'svetlana bond goodsped', '2020-04-24 04:00:00', 'UK');
INSERT INTO users (id, name, date_joined, country_code) VALUES (1098, 'svetlana bond womack', '2020-04-24 08:00:00', 'DK');
INSERT INTO payments (id, user_id, payment_amount, created_at) VALUES (488, 1098, 71.74264922815463, '2020-04-26 08:00:00');
INSERT INTO lessons (id, user_id, status, created_at, hours) VALUES (1607, 1098, 'CONFIRMED', '2020-04-26 08:00:00', 8);
INSERT INTO users (id, name, date_joined, country_code) VALUES (1099, 'svetlana bond connery', '2020-04-24 09:00:00', 'DE');
INSERT INTO payments (id, user_id, payment_amount, created_at) VALUES (489, 1099, 77.52383621277212, '2020-04-28 09:00:00');
INSERT INTO lessons (id, user_id, status, created_at, hours) VALUES (1608, 1099, 'CONFIRMED', '2020-04-26 09:00:00', 4);
INSERT INTO users (id, name, date_joined, country_code) VALUES (1100, 'svetlana bond bond', '2020-04-24 14:00:00', 'DE');
INSERT INTO payments (id, user_id, payment_amount, created_at) VALUES (490, 1100, 30.127922774385752, '2020-04-27 14:00:00');
INSERT INTO payments (id, user_id, payment_amount, created_at) VALUES (491, 1100, 65.14374673369063, '2020-04-30 14:00:00');
INSERT INTO lessons (id, user_id, status, created_at, hours) VALUES (1609, 1100, 'CANCELED', '2020-04-27 14:00:00', 10);
INSERT INTO lessons (id, user_id, status, created_at, hours) VALUES (1610, 1100, 'CANCELED', '2020-04-29 14:00:00', 7);
INSERT INTO lessons (id, user_id, status, created_at, hours) VALUES (1611, 1100, 'CONFIRMED', '2020-05-02 14:00:00', 8);
